/*
 Navicat Premium Dump SQL

 Source Server         : portatil2
 Source Server Type    : MariaDB
 Source Server Version : 100241 (10.2.41-MariaDB-1:10.2.41+maria~bionic)
 Source Host           : 192.168.1.115:33700
 Source Schema         : Pra2nTri

 Target Server Type    : MariaDB
 Target Server Version : 100241 (10.2.41-MariaDB-1:10.2.41+maria~bionic)
 File Encoding         : 65001

 Date: 11/04/2026 10:24:05
*/

SET NAMES utf8mb4;
SET FOREIGN_KEY_CHECKS = 0;

-- ----------------------------
-- Table structure for accio
-- ----------------------------
DROP TABLE IF EXISTS `accio`;
CREATE TABLE `accio`  (
  `idAccio` int(11) NOT NULL AUTO_INCREMENT,
  `nom` varchar(255) CHARACTER SET utf8mb4 COLLATE utf8mb4_spanish_ci NOT NULL,
  `margeAplicacio` varchar(255) CHARACTER SET utf8mb4 COLLATE utf8mb4_spanish_ci NOT NULL,
  `esEquip` tinyint(1) NOT NULL DEFAULT 0,
  PRIMARY KEY (`idAccio`) USING BTREE
) ENGINE = InnoDB AUTO_INCREMENT = 269 CHARACTER SET = utf8mb4 COLLATE = utf8mb4_spanish_ci ROW_FORMAT = Dynamic;

-- ----------------------------
-- Records of accio
-- ----------------------------
INSERT INTO `accio` VALUES (1, 'Gol', 'Camp', 0);
INSERT INTO `accio` VALUES (2, 'Triple', 'Pista', 0);
INSERT INTO `accio` VALUES (3, 'Ace', 'Pista', 0);
INSERT INTO `accio` VALUES (4, 'Targeta Groga', 'Camp', 0);
INSERT INTO `accio` VALUES (5, 'Falta Personal', 'Pista', 0);
INSERT INTO `accio` VALUES (6, 'Winner', 'Pista', 0);
INSERT INTO `accio` VALUES (7, 'Gol de camp', 'Àrea', 0);
INSERT INTO `accio` VALUES (8, 'Gol de penal', 'Punt de penal', 0);
INSERT INTO `accio` VALUES (9, 'Gol de falta', 'Fora de l\'àrea', 0);
INSERT INTO `accio` VALUES (10, 'Triple', 'Línia de 6,75m', 0);
INSERT INTO `accio` VALUES (11, 'Tir lliure', 'Línia de personal', 0);
INSERT INTO `accio` VALUES (12, 'Esmaixada', 'Sota canastra', 0);
INSERT INTO `accio` VALUES (13, 'Ace', 'Servei', 0);
INSERT INTO `accio` VALUES (14, 'Winner de drive', 'Fons de pista', 0);
INSERT INTO `accio` VALUES (15, 'Winner de revés', 'Fons de pista', 0);
INSERT INTO `accio` VALUES (16, 'Deixada', 'Xarxa', 0);
INSERT INTO `accio` VALUES (17, 'Volea', 'Xarxa', 0);
INSERT INTO `accio` VALUES (18, 'Rematada', 'Xarxa', 0);
INSERT INTO `accio` VALUES (19, 'Aturada de porter', 'Porteria', 0);
INSERT INTO `accio` VALUES (20, 'Assistència', 'Camp', 0);
INSERT INTO `accio` VALUES (21, 'Recuperació', 'Camp', 0);
INSERT INTO `accio` VALUES (22, 'Rebot defensiu', 'Pintura', 0);
INSERT INTO `accio` VALUES (23, 'Rebot ofensiu', 'Pintura', 0);
INSERT INTO `accio` VALUES (24, 'Tap', 'Pintura', 0);
INSERT INTO `accio` VALUES (25, 'Falta comesa', 'Camp', 0);
INSERT INTO `accio` VALUES (26, 'Falta rebuda', 'Camp', 0);
INSERT INTO `accio` VALUES (27, 'Fora de joc', 'Línia defensiva', 0);
INSERT INTO `accio` VALUES (28, 'Córner', 'Cantonada', 1);
INSERT INTO `accio` VALUES (29, 'Temps mort', 'Banqueta', 1);
INSERT INTO `accio` VALUES (30, 'Canvi de jugador', 'Banqueta', 1);
INSERT INTO `accio` VALUES (31, 'Servei de banda', 'Línia lateral', 1);
INSERT INTO `accio` VALUES (32, 'Doble falta', 'Servei', 0);
INSERT INTO `accio` VALUES (33, 'Error no forçat', 'Camp', 0);
INSERT INTO `accio` VALUES (34, 'Assaig', 'Zona de marca', 0);
INSERT INTO `accio` VALUES (35, 'Conversió', 'Pals', 0);
INSERT INTO `accio` VALUES (36, 'Drop goal', 'Camp', 0);
INSERT INTO `accio` VALUES (37, 'Targeta groga', 'Camp', 0);
INSERT INTO `accio` VALUES (38, 'Targeta vermella', 'Camp', 0);
INSERT INTO `accio` VALUES (39, 'Exclusió 2 minuts', 'Pista', 0);
INSERT INTO `accio` VALUES (40, 'Passos', 'Pista', 0);
INSERT INTO `accio` VALUES (41, 'Dobles', 'Pista', 0);
INSERT INTO `accio` VALUES (42, 'Camp enrere', 'Pista', 1);
INSERT INTO `accio` VALUES (43, 'Penalty-corner', 'Àrea', 1);
INSERT INTO `accio` VALUES (44, 'Stroke', 'Punt de stroke', 0);
INSERT INTO `accio` VALUES (45, 'Llargada', 'Fossa', 0);
INSERT INTO `accio` VALUES (46, 'Salt d\'alçada', 'Llistó', 0);
INSERT INTO `accio` VALUES (47, 'Llançament de pes', 'Cercle', 0);
INSERT INTO `accio` VALUES (48, 'Triple salt', 'Fossa', 0);
INSERT INTO `accio` VALUES (49, 'Posició antireglamentària (VAR)', 'Mesura Tècnica (Càmeres/VAR)', 0);
INSERT INTO `accio` VALUES (50, 'Doble rebot a terra', 'Judici de l\'Àrbitre', 1);
INSERT INTO `accio` VALUES (51, 'Servei de banda incorrecte', 'Mesura Tècnica (Sensors/Rellotge)', 0);
INSERT INTO `accio` VALUES (52, 'Udol o crit antireglamentari', 'Mesura Tècnica (Càmeres/VAR)', 1);
INSERT INTO `accio` VALUES (53, 'Obstrucció del receptor', 'Judici de l\'Àrbitre', 0);
INSERT INTO `accio` VALUES (54, 'Falta de peu al servei', 'Mesura Tècnica (Sensors/Rellotge)', 1);
INSERT INTO `accio` VALUES (55, 'Còrrer amb la pilota (Passos)', 'Mesura Tècnica (Càmeres/VAR)', 0);
INSERT INTO `accio` VALUES (56, 'Salt de sortida anticipat', 'Judici de l\'Àrbitre', 1);
INSERT INTO `accio` VALUES (57, 'Equipament no homologat', 'Mesura Tècnica (Sensors/Rellotge)', 0);
INSERT INTO `accio` VALUES (58, 'Passada cap enrere prohibida', 'Mesura Tècnica (Càmeres/VAR)', 1);
INSERT INTO `accio` VALUES (59, 'Protesta a l\'oficial de taula', 'Judici de l\'Àrbitre', 0);
INSERT INTO `accio` VALUES (60, 'Excés de velocitat (Pit Lane)', 'Mesura Tècnica (Sensors/Rellotge)', 1);
INSERT INTO `accio` VALUES (61, 'Infracció de línia de banda', 'Mesura Tècnica (Càmeres/VAR)', 0);
INSERT INTO `accio` VALUES (62, 'Temps de possessió esgotat', 'Judici de l\'Àrbitre', 1);
INSERT INTO `accio` VALUES (63, 'Contacte il·legal sobre el braç', 'Mesura Tècnica (Sensors/Rellotge)', 0);
INSERT INTO `accio` VALUES (64, 'Posició antireglamentària (VAR)', 'Mesura Tècnica (Càmeres/VAR)', 1);
INSERT INTO `accio` VALUES (65, 'Doble rebot a terra', 'Judici de l\'Àrbitre', 0);
INSERT INTO `accio` VALUES (66, 'Servei de banda incorrecte', 'Mesura Tècnica (Sensors/Rellotge)', 1);
INSERT INTO `accio` VALUES (67, 'Udol o crit antireglamentari', 'Mesura Tècnica (Càmeres/VAR)', 0);
INSERT INTO `accio` VALUES (68, 'Obstrucció del receptor', 'Judici de l\'Àrbitre', 1);
INSERT INTO `accio` VALUES (69, 'Falta de peu al servei', 'Mesura Tècnica (Sensors/Rellotge)', 0);
INSERT INTO `accio` VALUES (70, 'Còrrer amb la pilota (Passos)', 'Mesura Tècnica (Càmeres/VAR)', 1);
INSERT INTO `accio` VALUES (71, 'Salt de sortida anticipat', 'Judici de l\'Àrbitre', 0);
INSERT INTO `accio` VALUES (72, 'Equipament no homologat', 'Mesura Tècnica (Sensors/Rellotge)', 1);
INSERT INTO `accio` VALUES (73, 'Passada cap enrere prohibida', 'Mesura Tècnica (Càmeres/VAR)', 0);
INSERT INTO `accio` VALUES (74, 'Protesta a l\'oficial de taula', 'Judici de l\'Àrbitre', 1);
INSERT INTO `accio` VALUES (75, 'Excés de velocitat (Pit Lane)', 'Mesura Tècnica (Sensors/Rellotge)', 0);
INSERT INTO `accio` VALUES (76, 'Infracció de línia de banda', 'Mesura Tècnica (Càmeres/VAR)', 1);
INSERT INTO `accio` VALUES (77, 'Temps de possessió esgotat', 'Judici de l\'Àrbitre', 0);
INSERT INTO `accio` VALUES (78, 'Contacte il·legal sobre el braç', 'Mesura Tècnica (Sensors/Rellotge)', 1);
INSERT INTO `accio` VALUES (79, 'Posició antireglamentària (VAR)', 'Mesura Tècnica (Càmeres/VAR)', 0);
INSERT INTO `accio` VALUES (80, 'Doble rebot a terra', 'Judici de l\'Àrbitre', 1);
INSERT INTO `accio` VALUES (81, 'Servei de banda incorrecte', 'Mesura Tècnica (Sensors/Rellotge)', 0);
INSERT INTO `accio` VALUES (82, 'Udol o crit antireglamentari', 'Mesura Tècnica (Càmeres/VAR)', 1);
INSERT INTO `accio` VALUES (83, 'Obstrucció del receptor', 'Judici de l\'Àrbitre', 0);
INSERT INTO `accio` VALUES (84, 'Falta de peu al servei', 'Mesura Tècnica (Sensors/Rellotge)', 1);
INSERT INTO `accio` VALUES (85, 'Còrrer amb la pilota (Passos)', 'Mesura Tècnica (Càmeres/VAR)', 0);
INSERT INTO `accio` VALUES (86, 'Salt de sortida anticipat', 'Judici de l\'Àrbitre', 1);
INSERT INTO `accio` VALUES (87, 'Equipament no homologat', 'Mesura Tècnica (Sensors/Rellotge)', 0);
INSERT INTO `accio` VALUES (88, 'Passada cap enrere prohibida', 'Mesura Tècnica (Càmeres/VAR)', 1);
INSERT INTO `accio` VALUES (89, 'Protesta a l\'oficial de taula', 'Judici de l\'Àrbitre', 0);
INSERT INTO `accio` VALUES (90, 'Excés de velocitat (Pit Lane)', 'Mesura Tècnica (Sensors/Rellotge)', 1);
INSERT INTO `accio` VALUES (91, 'Infracció de línia de banda', 'Mesura Tècnica (Càmeres/VAR)', 0);
INSERT INTO `accio` VALUES (92, 'Temps de possessió esgotat', 'Judici de l\'Àrbitre', 1);
INSERT INTO `accio` VALUES (93, 'Contacte il·legal sobre el braç', 'Mesura Tècnica (Sensors/Rellotge)', 0);
INSERT INTO `accio` VALUES (94, 'Posició antireglamentària (VAR)', 'Mesura Tècnica (Càmeres/VAR)', 1);
INSERT INTO `accio` VALUES (95, 'Doble rebot a terra', 'Judici de l\'Àrbitre', 0);
INSERT INTO `accio` VALUES (96, 'Servei de banda incorrecte', 'Mesura Tècnica (Sensors/Rellotge)', 1);
INSERT INTO `accio` VALUES (97, 'Udol o crit antireglamentari', 'Mesura Tècnica (Càmeres/VAR)', 0);
INSERT INTO `accio` VALUES (98, 'Obstrucció del receptor', 'Judici de l\'Àrbitre', 1);
INSERT INTO `accio` VALUES (99, 'Falta de peu al servei', 'Mesura Tècnica (Sensors/Rellotge)', 0);
INSERT INTO `accio` VALUES (100, 'Còrrer amb la pilota (Passos)', 'Mesura Tècnica (Càmeres/VAR)', 1);
INSERT INTO `accio` VALUES (101, 'Salt de sortida anticipat', 'Judici de l\'Àrbitre', 0);
INSERT INTO `accio` VALUES (102, 'Equipament no homologat', 'Mesura Tècnica (Sensors/Rellotge)', 1);
INSERT INTO `accio` VALUES (103, 'Passada cap enrere prohibida', 'Mesura Tècnica (Càmeres/VAR)', 0);
INSERT INTO `accio` VALUES (104, 'Protesta a l\'oficial de taula', 'Judici de l\'Àrbitre', 1);
INSERT INTO `accio` VALUES (105, 'Excés de velocitat (Pit Lane)', 'Mesura Tècnica (Sensors/Rellotge)', 0);
INSERT INTO `accio` VALUES (106, 'Infracció de línia de banda', 'Mesura Tècnica (Càmeres/VAR)', 1);
INSERT INTO `accio` VALUES (107, 'Temps de possessió esgotat', 'Judici de l\'Àrbitre', 0);
INSERT INTO `accio` VALUES (108, 'Contacte il·legal sobre el braç', 'Mesura Tècnica (Sensors/Rellotge)', 1);
INSERT INTO `accio` VALUES (112, 'Targeta Groga per Protestar', 'Camp', 0);
INSERT INTO `accio` VALUES (113, 'Targeta Vermella Directa', 'Camp', 0);
INSERT INTO `accio` VALUES (114, 'Falta Tècnica', 'Pista', 0);
INSERT INTO `accio` VALUES (115, 'Falta Antiesportiva', 'Pista', 0);
INSERT INTO `accio` VALUES (116, 'Doble Falta de Servici', 'Pista de Tennis', 0);
INSERT INTO `accio` VALUES (117, 'Peu en línia de fondo', 'Pista de Tennis', 0);
INSERT INTO `accio` VALUES (118, 'Toc de xarxa', 'Xarxa', 0);
INSERT INTO `accio` VALUES (119, 'Invasió de camp', 'Línia de banda', 1);
INSERT INTO `accio` VALUES (120, 'Conducta Incorrecta Banqueta', 'Zona Tècnica', 1);
INSERT INTO `accio` VALUES (121, 'Retard en el Joc', 'Camp', 1);
INSERT INTO `accio` VALUES (122, 'Variant de Joc Tipus 00', 'Àrea de Joc', 0);
INSERT INTO `accio` VALUES (123, 'Variant de Joc Tipus 10', 'Àrea de Joc', 1);
INSERT INTO `accio` VALUES (124, 'Variant de Joc Tipus 20', 'Àrea de Joc', 0);
INSERT INTO `accio` VALUES (125, 'Variant de Joc Tipus 30', 'Àrea de Joc', 1);
INSERT INTO `accio` VALUES (126, 'Variant de Joc Tipus 40', 'Àrea de Joc', 0);
INSERT INTO `accio` VALUES (127, 'Variant de Joc Tipus 50', 'Àrea de Joc', 1);
INSERT INTO `accio` VALUES (128, 'Variant de Joc Tipus 60', 'Àrea de Joc', 0);
INSERT INTO `accio` VALUES (129, 'Variant de Joc Tipus 70', 'Àrea de Joc', 1);
INSERT INTO `accio` VALUES (130, 'Variant de Joc Tipus 80', 'Àrea de Joc', 0);
INSERT INTO `accio` VALUES (131, 'Variant de Joc Tipus 90', 'Àrea de Joc', 1);
INSERT INTO `accio` VALUES (132, 'Variant de Joc Tipus 01', 'Àrea de Joc', 0);
INSERT INTO `accio` VALUES (133, 'Variant de Joc Tipus 11', 'Àrea de Joc', 1);
INSERT INTO `accio` VALUES (134, 'Variant de Joc Tipus 21', 'Àrea de Joc', 0);
INSERT INTO `accio` VALUES (135, 'Variant de Joc Tipus 31', 'Àrea de Joc', 1);
INSERT INTO `accio` VALUES (136, 'Variant de Joc Tipus 41', 'Àrea de Joc', 0);
INSERT INTO `accio` VALUES (137, 'Variant de Joc Tipus 51', 'Àrea de Joc', 1);
INSERT INTO `accio` VALUES (138, 'Variant de Joc Tipus 61', 'Àrea de Joc', 0);
INSERT INTO `accio` VALUES (139, 'Variant de Joc Tipus 71', 'Àrea de Joc', 1);
INSERT INTO `accio` VALUES (140, 'Variant de Joc Tipus 81', 'Àrea de Joc', 0);
INSERT INTO `accio` VALUES (141, 'Variant de Joc Tipus 91', 'Àrea de Joc', 1);
INSERT INTO `accio` VALUES (142, 'Variant de Joc Tipus 02', 'Àrea de Joc', 0);
INSERT INTO `accio` VALUES (143, 'Variant de Joc Tipus 12', 'Àrea de Joc', 1);
INSERT INTO `accio` VALUES (144, 'Variant de Joc Tipus 22', 'Àrea de Joc', 0);
INSERT INTO `accio` VALUES (145, 'Variant de Joc Tipus 32', 'Àrea de Joc', 1);
INSERT INTO `accio` VALUES (146, 'Variant de Joc Tipus 42', 'Àrea de Joc', 0);
INSERT INTO `accio` VALUES (147, 'Variant de Joc Tipus 52', 'Àrea de Joc', 1);
INSERT INTO `accio` VALUES (148, 'Variant de Joc Tipus 62', 'Àrea de Joc', 0);
INSERT INTO `accio` VALUES (149, 'Variant de Joc Tipus 72', 'Àrea de Joc', 1);
INSERT INTO `accio` VALUES (150, 'Variant de Joc Tipus 82', 'Àrea de Joc', 0);
INSERT INTO `accio` VALUES (151, 'Variant de Joc Tipus 92', 'Àrea de Joc', 1);
INSERT INTO `accio` VALUES (152, 'Variant de Joc Tipus 03', 'Àrea de Joc', 0);
INSERT INTO `accio` VALUES (153, 'Variant de Joc Tipus 13', 'Àrea de Joc', 1);
INSERT INTO `accio` VALUES (154, 'Variant de Joc Tipus 23', 'Àrea de Joc', 0);
INSERT INTO `accio` VALUES (155, 'Variant de Joc Tipus 33', 'Àrea de Joc', 1);
INSERT INTO `accio` VALUES (156, 'Variant de Joc Tipus 43', 'Àrea de Joc', 0);
INSERT INTO `accio` VALUES (157, 'Variant de Joc Tipus 53', 'Àrea de Joc', 1);
INSERT INTO `accio` VALUES (158, 'Variant de Joc Tipus 63', 'Àrea de Joc', 0);
INSERT INTO `accio` VALUES (159, 'Variant de Joc Tipus 73', 'Àrea de Joc', 1);
INSERT INTO `accio` VALUES (160, 'Variant de Joc Tipus 83', 'Àrea de Joc', 0);
INSERT INTO `accio` VALUES (161, 'Variant de Joc Tipus 93', 'Àrea de Joc', 1);
INSERT INTO `accio` VALUES (162, 'Variant de Joc Tipus 04', 'Àrea de Joc', 0);
INSERT INTO `accio` VALUES (163, 'Variant de Joc Tipus 14', 'Àrea de Joc', 1);
INSERT INTO `accio` VALUES (164, 'Variant de Joc Tipus 24', 'Àrea de Joc', 0);
INSERT INTO `accio` VALUES (165, 'Variant de Joc Tipus 34', 'Àrea de Joc', 1);
INSERT INTO `accio` VALUES (166, 'Variant de Joc Tipus 44', 'Àrea de Joc', 0);
INSERT INTO `accio` VALUES (167, 'Variant de Joc Tipus 54', 'Àrea de Joc', 1);
INSERT INTO `accio` VALUES (168, 'Variant de Joc Tipus 64', 'Àrea de Joc', 0);
INSERT INTO `accio` VALUES (169, 'Variant de Joc Tipus 74', 'Àrea de Joc', 1);
INSERT INTO `accio` VALUES (170, 'Variant de Joc Tipus 84', 'Àrea de Joc', 0);
INSERT INTO `accio` VALUES (171, 'Variant de Joc Tipus 94', 'Àrea de Joc', 1);
INSERT INTO `accio` VALUES (172, 'Variant de Joc Tipus 05', 'Àrea de Joc', 0);
INSERT INTO `accio` VALUES (173, 'Variant de Joc Tipus 15', 'Àrea de Joc', 1);
INSERT INTO `accio` VALUES (174, 'Variant de Joc Tipus 25', 'Àrea de Joc', 0);
INSERT INTO `accio` VALUES (175, 'Variant de Joc Tipus 35', 'Àrea de Joc', 1);
INSERT INTO `accio` VALUES (176, 'Variant de Joc Tipus 45', 'Àrea de Joc', 0);
INSERT INTO `accio` VALUES (177, 'Variant de Joc Tipus 55', 'Àrea de Joc', 1);
INSERT INTO `accio` VALUES (178, 'Variant de Joc Tipus 65', 'Àrea de Joc', 0);
INSERT INTO `accio` VALUES (179, 'Variant de Joc Tipus 75', 'Àrea de Joc', 1);
INSERT INTO `accio` VALUES (180, 'Variant de Joc Tipus 85', 'Àrea de Joc', 0);
INSERT INTO `accio` VALUES (181, 'Variant de Joc Tipus 95', 'Àrea de Joc', 1);
INSERT INTO `accio` VALUES (182, 'Variant de Joc Tipus 06', 'Àrea de Joc', 0);
INSERT INTO `accio` VALUES (183, 'Variant de Joc Tipus 16', 'Àrea de Joc', 1);
INSERT INTO `accio` VALUES (184, 'Variant de Joc Tipus 26', 'Àrea de Joc', 0);
INSERT INTO `accio` VALUES (185, 'Variant de Joc Tipus 36', 'Àrea de Joc', 1);
INSERT INTO `accio` VALUES (186, 'Variant de Joc Tipus 46', 'Àrea de Joc', 0);
INSERT INTO `accio` VALUES (187, 'Variant de Joc Tipus 56', 'Àrea de Joc', 1);
INSERT INTO `accio` VALUES (188, 'Variant de Joc Tipus 66', 'Àrea de Joc', 0);
INSERT INTO `accio` VALUES (189, 'Variant de Joc Tipus 76', 'Àrea de Joc', 1);
INSERT INTO `accio` VALUES (190, 'Variant de Joc Tipus 86', 'Àrea de Joc', 0);
INSERT INTO `accio` VALUES (191, 'Variant de Joc Tipus 96', 'Àrea de Joc', 1);
INSERT INTO `accio` VALUES (192, 'Variant de Joc Tipus 07', 'Àrea de Joc', 0);
INSERT INTO `accio` VALUES (193, 'Variant de Joc Tipus 17', 'Àrea de Joc', 1);
INSERT INTO `accio` VALUES (194, 'Variant de Joc Tipus 27', 'Àrea de Joc', 0);
INSERT INTO `accio` VALUES (195, 'Variant de Joc Tipus 37', 'Àrea de Joc', 1);
INSERT INTO `accio` VALUES (196, 'Variant de Joc Tipus 47', 'Àrea de Joc', 0);
INSERT INTO `accio` VALUES (197, 'Variant de Joc Tipus 57', 'Àrea de Joc', 1);
INSERT INTO `accio` VALUES (198, 'Variant de Joc Tipus 67', 'Àrea de Joc', 0);
INSERT INTO `accio` VALUES (199, 'Variant de Joc Tipus 77', 'Àrea de Joc', 1);
INSERT INTO `accio` VALUES (200, 'Variant de Joc Tipus 87', 'Àrea de Joc', 0);
INSERT INTO `accio` VALUES (201, 'Variant de Joc Tipus 97', 'Àrea de Joc', 1);
INSERT INTO `accio` VALUES (202, 'Variant de Joc Tipus 08', 'Àrea de Joc', 0);
INSERT INTO `accio` VALUES (203, 'Variant de Joc Tipus 18', 'Àrea de Joc', 1);
INSERT INTO `accio` VALUES (204, 'Variant de Joc Tipus 28', 'Àrea de Joc', 0);
INSERT INTO `accio` VALUES (205, 'Variant de Joc Tipus 38', 'Àrea de Joc', 1);
INSERT INTO `accio` VALUES (206, 'Variant de Joc Tipus 48', 'Àrea de Joc', 0);
INSERT INTO `accio` VALUES (207, 'Variant de Joc Tipus 58', 'Àrea de Joc', 1);
INSERT INTO `accio` VALUES (208, 'Variant de Joc Tipus 68', 'Àrea de Joc', 0);
INSERT INTO `accio` VALUES (209, 'Variant de Joc Tipus 78', 'Àrea de Joc', 1);
INSERT INTO `accio` VALUES (210, 'Variant de Joc Tipus 88', 'Àrea de Joc', 0);
INSERT INTO `accio` VALUES (211, 'Variant de Joc Tipus 98', 'Àrea de Joc', 1);
INSERT INTO `accio` VALUES (249, 'Entrada temerària', 'Judici de l\'Àrbitre', 0);
INSERT INTO `accio` VALUES (250, 'Mans voluntàries', 'Judici de l\'Àrbitre', 0);
INSERT INTO `accio` VALUES (251, 'Fora de joc (Semi-automàtic)', 'Mesura Tècnica (VAR)', 0);
INSERT INTO `accio` VALUES (252, 'Doble penal (Distància)', 'Mesura Tècnica (10m)', 0);
INSERT INTO `accio` VALUES (253, 'Passada al porter (Cessió)', 'Judici de l\'Àrbitre', 0);
INSERT INTO `accio` VALUES (254, 'Passos (Caminada)', 'Judici de l\'Àrbitre', 0);
INSERT INTO `accio` VALUES (255, 'Camp enrere', 'Mesura Tècnica (Línia Mig)', 1);
INSERT INTO `accio` VALUES (256, 'Tres segons a la zona', 'Mesura Tècnica (Temps)', 0);
INSERT INTO `accio` VALUES (257, 'Falta de tir (Contacte)', 'Judici de l\'Àrbitre', 0);
INSERT INTO `accio` VALUES (258, 'Violació de 24 segons', 'Mesura Tècnica (Rellotge)', 1);
INSERT INTO `accio` VALUES (259, 'Servei (Falta de peu)', 'Mesura Tècnica (Línia)', 0);
INSERT INTO `accio` VALUES (260, 'Let (Toc de xarxa)', 'Mesura Tècnica (Sensor)', 0);
INSERT INTO `accio` VALUES (261, 'Out (Fons de pista)', 'Mesura Tècnica (Ull de halcon)', 0);
INSERT INTO `accio` VALUES (262, 'Conducta antiesportiva', 'Judici de l\'Àrbitre', 0);
INSERT INTO `accio` VALUES (263, 'Temps de servei exceedit', 'Mesura Tècnica (Shot clock)', 0);
INSERT INTO `accio` VALUES (264, 'Substitució incorrecta', 'Mesura Tècnica (Taula)', 1);
INSERT INTO `accio` VALUES (265, 'Protesta airada', 'Judici de l\'Àrbitre', 0);
INSERT INTO `accio` VALUES (266, 'Obstrucció del joc', 'Judici de l\'Àrbitre', 0);
INSERT INTO `accio` VALUES (267, 'Simulació (Clavada)', 'Judici de l\'Àrbitre', 0);
INSERT INTO `accio` VALUES (268, 'Pèrdua de temps deliberada', 'Judici de l\'Àrbitre', 1);

-- ----------------------------
-- Table structure for accioPenalitzacio
-- ----------------------------
DROP TABLE IF EXISTS `accioPenalitzacio`;
CREATE TABLE `accioPenalitzacio`  (
  `idAccioPenalitzacio` int(11) NOT NULL AUTO_INCREMENT,
  `idAccio` int(11) NOT NULL,
  `idPenalitzacio` int(11) NOT NULL,
  PRIMARY KEY (`idAccioPenalitzacio`, `idAccio`, `idPenalitzacio`) USING BTREE,
  INDEX `idPenalitzacio`(`idPenalitzacio`) USING BTREE,
  INDEX `idAccio`(`idAccio`) USING BTREE,
  CONSTRAINT `acciopenalitzacio_ibfk_1` FOREIGN KEY (`idPenalitzacio`) REFERENCES `penalitzacio` (`idPenalitzacio`) ON DELETE RESTRICT ON UPDATE RESTRICT,
  CONSTRAINT `acciopenalitzacio_ibfk_2` FOREIGN KEY (`idAccio`) REFERENCES `accio` (`idAccio`) ON DELETE RESTRICT ON UPDATE RESTRICT
) ENGINE = InnoDB AUTO_INCREMENT = 255 CHARACTER SET = utf8mb4 COLLATE = utf8mb4_spanish_ci ROW_FORMAT = Dynamic;

-- ----------------------------
-- Records of accioPenalitzacio
-- ----------------------------
INSERT INTO `accioPenalitzacio` VALUES (1, 4, 1);
INSERT INTO `accioPenalitzacio` VALUES (2, 4, 2);
INSERT INTO `accioPenalitzacio` VALUES (3, 4, 3);
INSERT INTO `accioPenalitzacio` VALUES (4, 4, 4);
INSERT INTO `accioPenalitzacio` VALUES (5, 4, 5);
INSERT INTO `accioPenalitzacio` VALUES (6, 4, 6);
INSERT INTO `accioPenalitzacio` VALUES (7, 4, 7);
INSERT INTO `accioPenalitzacio` VALUES (8, 4, 8);
INSERT INTO `accioPenalitzacio` VALUES (9, 4, 9);
INSERT INTO `accioPenalitzacio` VALUES (10, 4, 10);
INSERT INTO `accioPenalitzacio` VALUES (11, 4, 11);
INSERT INTO `accioPenalitzacio` VALUES (12, 4, 12);
INSERT INTO `accioPenalitzacio` VALUES (13, 4, 13);
INSERT INTO `accioPenalitzacio` VALUES (14, 4, 14);
INSERT INTO `accioPenalitzacio` VALUES (15, 4, 15);
INSERT INTO `accioPenalitzacio` VALUES (16, 4, 16);
INSERT INTO `accioPenalitzacio` VALUES (17, 4, 17);
INSERT INTO `accioPenalitzacio` VALUES (18, 4, 18);
INSERT INTO `accioPenalitzacio` VALUES (19, 4, 19);
INSERT INTO `accioPenalitzacio` VALUES (20, 4, 20);
INSERT INTO `accioPenalitzacio` VALUES (21, 4, 21);
INSERT INTO `accioPenalitzacio` VALUES (22, 4, 22);
INSERT INTO `accioPenalitzacio` VALUES (23, 4, 23);
INSERT INTO `accioPenalitzacio` VALUES (24, 4, 24);
INSERT INTO `accioPenalitzacio` VALUES (25, 4, 25);
INSERT INTO `accioPenalitzacio` VALUES (26, 4, 26);
INSERT INTO `accioPenalitzacio` VALUES (27, 4, 27);
INSERT INTO `accioPenalitzacio` VALUES (28, 4, 28);
INSERT INTO `accioPenalitzacio` VALUES (29, 4, 29);
INSERT INTO `accioPenalitzacio` VALUES (30, 4, 30);
INSERT INTO `accioPenalitzacio` VALUES (31, 4, 31);
INSERT INTO `accioPenalitzacio` VALUES (32, 4, 32);
INSERT INTO `accioPenalitzacio` VALUES (33, 4, 33);
INSERT INTO `accioPenalitzacio` VALUES (34, 4, 34);
INSERT INTO `accioPenalitzacio` VALUES (35, 4, 35);
INSERT INTO `accioPenalitzacio` VALUES (36, 4, 36);
INSERT INTO `accioPenalitzacio` VALUES (37, 4, 37);
INSERT INTO `accioPenalitzacio` VALUES (38, 4, 38);
INSERT INTO `accioPenalitzacio` VALUES (39, 4, 39);
INSERT INTO `accioPenalitzacio` VALUES (40, 4, 40);
INSERT INTO `accioPenalitzacio` VALUES (41, 4, 41);
INSERT INTO `accioPenalitzacio` VALUES (42, 4, 42);
INSERT INTO `accioPenalitzacio` VALUES (43, 4, 43);
INSERT INTO `accioPenalitzacio` VALUES (44, 4, 44);
INSERT INTO `accioPenalitzacio` VALUES (45, 4, 45);
INSERT INTO `accioPenalitzacio` VALUES (46, 4, 46);
INSERT INTO `accioPenalitzacio` VALUES (47, 4, 47);
INSERT INTO `accioPenalitzacio` VALUES (48, 4, 48);
INSERT INTO `accioPenalitzacio` VALUES (49, 4, 49);
INSERT INTO `accioPenalitzacio` VALUES (50, 4, 50);
INSERT INTO `accioPenalitzacio` VALUES (51, 4, 51);
INSERT INTO `accioPenalitzacio` VALUES (52, 4, 52);
INSERT INTO `accioPenalitzacio` VALUES (53, 4, 53);
INSERT INTO `accioPenalitzacio` VALUES (54, 4, 54);
INSERT INTO `accioPenalitzacio` VALUES (55, 4, 55);
INSERT INTO `accioPenalitzacio` VALUES (56, 4, 56);
INSERT INTO `accioPenalitzacio` VALUES (57, 4, 57);
INSERT INTO `accioPenalitzacio` VALUES (58, 4, 58);
INSERT INTO `accioPenalitzacio` VALUES (59, 4, 59);
INSERT INTO `accioPenalitzacio` VALUES (60, 4, 60);
INSERT INTO `accioPenalitzacio` VALUES (61, 4, 61);
INSERT INTO `accioPenalitzacio` VALUES (62, 4, 62);
INSERT INTO `accioPenalitzacio` VALUES (63, 4, 63);
INSERT INTO `accioPenalitzacio` VALUES (64, 4, 64);
INSERT INTO `accioPenalitzacio` VALUES (65, 4, 65);
INSERT INTO `accioPenalitzacio` VALUES (66, 4, 66);
INSERT INTO `accioPenalitzacio` VALUES (67, 4, 67);
INSERT INTO `accioPenalitzacio` VALUES (68, 4, 68);
INSERT INTO `accioPenalitzacio` VALUES (69, 4, 69);
INSERT INTO `accioPenalitzacio` VALUES (70, 4, 70);
INSERT INTO `accioPenalitzacio` VALUES (71, 4, 71);
INSERT INTO `accioPenalitzacio` VALUES (72, 4, 72);
INSERT INTO `accioPenalitzacio` VALUES (73, 4, 73);
INSERT INTO `accioPenalitzacio` VALUES (74, 4, 74);
INSERT INTO `accioPenalitzacio` VALUES (75, 4, 75);
INSERT INTO `accioPenalitzacio` VALUES (76, 4, 76);
INSERT INTO `accioPenalitzacio` VALUES (77, 4, 77);
INSERT INTO `accioPenalitzacio` VALUES (78, 4, 78);
INSERT INTO `accioPenalitzacio` VALUES (79, 4, 79);
INSERT INTO `accioPenalitzacio` VALUES (80, 4, 80);
INSERT INTO `accioPenalitzacio` VALUES (81, 4, 81);
INSERT INTO `accioPenalitzacio` VALUES (82, 4, 82);
INSERT INTO `accioPenalitzacio` VALUES (83, 4, 83);
INSERT INTO `accioPenalitzacio` VALUES (84, 4, 84);
INSERT INTO `accioPenalitzacio` VALUES (85, 4, 85);
INSERT INTO `accioPenalitzacio` VALUES (86, 4, 86);
INSERT INTO `accioPenalitzacio` VALUES (87, 4, 87);
INSERT INTO `accioPenalitzacio` VALUES (88, 4, 88);
INSERT INTO `accioPenalitzacio` VALUES (89, 4, 89);
INSERT INTO `accioPenalitzacio` VALUES (90, 4, 90);
INSERT INTO `accioPenalitzacio` VALUES (91, 4, 91);
INSERT INTO `accioPenalitzacio` VALUES (92, 4, 92);
INSERT INTO `accioPenalitzacio` VALUES (93, 4, 93);
INSERT INTO `accioPenalitzacio` VALUES (94, 4, 94);
INSERT INTO `accioPenalitzacio` VALUES (95, 4, 95);
INSERT INTO `accioPenalitzacio` VALUES (96, 4, 96);
INSERT INTO `accioPenalitzacio` VALUES (97, 4, 97);
INSERT INTO `accioPenalitzacio` VALUES (98, 4, 98);
INSERT INTO `accioPenalitzacio` VALUES (99, 4, 99);
INSERT INTO `accioPenalitzacio` VALUES (100, 4, 100);
INSERT INTO `accioPenalitzacio` VALUES (128, 1, 1);
INSERT INTO `accioPenalitzacio` VALUES (129, 2, 2);
INSERT INTO `accioPenalitzacio` VALUES (130, 3, 3);
INSERT INTO `accioPenalitzacio` VALUES (131, 4, 4);
INSERT INTO `accioPenalitzacio` VALUES (132, 5, 5);
INSERT INTO `accioPenalitzacio` VALUES (133, 6, 6);
INSERT INTO `accioPenalitzacio` VALUES (134, 7, 7);
INSERT INTO `accioPenalitzacio` VALUES (135, 8, 8);
INSERT INTO `accioPenalitzacio` VALUES (136, 9, 9);
INSERT INTO `accioPenalitzacio` VALUES (137, 10, 10);
INSERT INTO `accioPenalitzacio` VALUES (138, 11, 11);
INSERT INTO `accioPenalitzacio` VALUES (139, 12, 12);
INSERT INTO `accioPenalitzacio` VALUES (140, 13, 13);
INSERT INTO `accioPenalitzacio` VALUES (141, 14, 14);
INSERT INTO `accioPenalitzacio` VALUES (142, 15, 15);
INSERT INTO `accioPenalitzacio` VALUES (143, 16, 16);
INSERT INTO `accioPenalitzacio` VALUES (144, 17, 17);
INSERT INTO `accioPenalitzacio` VALUES (145, 18, 18);
INSERT INTO `accioPenalitzacio` VALUES (146, 19, 19);
INSERT INTO `accioPenalitzacio` VALUES (147, 20, 20);
INSERT INTO `accioPenalitzacio` VALUES (148, 21, 21);
INSERT INTO `accioPenalitzacio` VALUES (149, 22, 22);
INSERT INTO `accioPenalitzacio` VALUES (150, 23, 23);
INSERT INTO `accioPenalitzacio` VALUES (151, 24, 24);
INSERT INTO `accioPenalitzacio` VALUES (152, 25, 25);
INSERT INTO `accioPenalitzacio` VALUES (153, 26, 26);
INSERT INTO `accioPenalitzacio` VALUES (154, 27, 27);
INSERT INTO `accioPenalitzacio` VALUES (155, 28, 28);
INSERT INTO `accioPenalitzacio` VALUES (156, 29, 29);
INSERT INTO `accioPenalitzacio` VALUES (157, 30, 30);
INSERT INTO `accioPenalitzacio` VALUES (158, 31, 31);
INSERT INTO `accioPenalitzacio` VALUES (159, 32, 32);
INSERT INTO `accioPenalitzacio` VALUES (160, 33, 33);
INSERT INTO `accioPenalitzacio` VALUES (161, 34, 34);
INSERT INTO `accioPenalitzacio` VALUES (162, 35, 35);
INSERT INTO `accioPenalitzacio` VALUES (163, 36, 36);
INSERT INTO `accioPenalitzacio` VALUES (164, 37, 37);
INSERT INTO `accioPenalitzacio` VALUES (165, 38, 38);
INSERT INTO `accioPenalitzacio` VALUES (166, 39, 39);
INSERT INTO `accioPenalitzacio` VALUES (167, 40, 40);
INSERT INTO `accioPenalitzacio` VALUES (168, 41, 41);
INSERT INTO `accioPenalitzacio` VALUES (169, 42, 42);
INSERT INTO `accioPenalitzacio` VALUES (170, 43, 43);
INSERT INTO `accioPenalitzacio` VALUES (171, 44, 44);
INSERT INTO `accioPenalitzacio` VALUES (172, 45, 45);
INSERT INTO `accioPenalitzacio` VALUES (173, 46, 46);
INSERT INTO `accioPenalitzacio` VALUES (174, 47, 47);
INSERT INTO `accioPenalitzacio` VALUES (175, 48, 48);
INSERT INTO `accioPenalitzacio` VALUES (176, 49, 49);
INSERT INTO `accioPenalitzacio` VALUES (177, 50, 50);
INSERT INTO `accioPenalitzacio` VALUES (178, 51, 51);
INSERT INTO `accioPenalitzacio` VALUES (179, 52, 52);
INSERT INTO `accioPenalitzacio` VALUES (180, 53, 53);
INSERT INTO `accioPenalitzacio` VALUES (181, 54, 54);
INSERT INTO `accioPenalitzacio` VALUES (182, 55, 55);
INSERT INTO `accioPenalitzacio` VALUES (183, 56, 56);
INSERT INTO `accioPenalitzacio` VALUES (184, 57, 57);
INSERT INTO `accioPenalitzacio` VALUES (185, 58, 58);
INSERT INTO `accioPenalitzacio` VALUES (186, 59, 59);
INSERT INTO `accioPenalitzacio` VALUES (187, 60, 60);
INSERT INTO `accioPenalitzacio` VALUES (188, 61, 61);
INSERT INTO `accioPenalitzacio` VALUES (189, 62, 62);
INSERT INTO `accioPenalitzacio` VALUES (190, 63, 63);
INSERT INTO `accioPenalitzacio` VALUES (191, 64, 64);
INSERT INTO `accioPenalitzacio` VALUES (192, 65, 65);
INSERT INTO `accioPenalitzacio` VALUES (193, 66, 66);
INSERT INTO `accioPenalitzacio` VALUES (194, 67, 67);
INSERT INTO `accioPenalitzacio` VALUES (195, 68, 68);
INSERT INTO `accioPenalitzacio` VALUES (196, 69, 69);
INSERT INTO `accioPenalitzacio` VALUES (197, 70, 70);
INSERT INTO `accioPenalitzacio` VALUES (198, 71, 71);
INSERT INTO `accioPenalitzacio` VALUES (199, 72, 72);
INSERT INTO `accioPenalitzacio` VALUES (200, 73, 73);
INSERT INTO `accioPenalitzacio` VALUES (201, 74, 74);
INSERT INTO `accioPenalitzacio` VALUES (202, 75, 75);
INSERT INTO `accioPenalitzacio` VALUES (203, 76, 76);
INSERT INTO `accioPenalitzacio` VALUES (204, 77, 77);
INSERT INTO `accioPenalitzacio` VALUES (205, 78, 78);
INSERT INTO `accioPenalitzacio` VALUES (206, 79, 79);
INSERT INTO `accioPenalitzacio` VALUES (207, 80, 80);
INSERT INTO `accioPenalitzacio` VALUES (208, 81, 81);
INSERT INTO `accioPenalitzacio` VALUES (209, 82, 82);
INSERT INTO `accioPenalitzacio` VALUES (210, 83, 83);
INSERT INTO `accioPenalitzacio` VALUES (211, 84, 84);
INSERT INTO `accioPenalitzacio` VALUES (212, 85, 85);
INSERT INTO `accioPenalitzacio` VALUES (213, 86, 86);
INSERT INTO `accioPenalitzacio` VALUES (214, 87, 87);
INSERT INTO `accioPenalitzacio` VALUES (215, 88, 88);
INSERT INTO `accioPenalitzacio` VALUES (216, 89, 89);
INSERT INTO `accioPenalitzacio` VALUES (217, 90, 90);
INSERT INTO `accioPenalitzacio` VALUES (218, 91, 91);
INSERT INTO `accioPenalitzacio` VALUES (219, 92, 92);
INSERT INTO `accioPenalitzacio` VALUES (220, 93, 93);
INSERT INTO `accioPenalitzacio` VALUES (221, 94, 94);
INSERT INTO `accioPenalitzacio` VALUES (222, 95, 95);
INSERT INTO `accioPenalitzacio` VALUES (223, 96, 96);
INSERT INTO `accioPenalitzacio` VALUES (224, 97, 97);
INSERT INTO `accioPenalitzacio` VALUES (225, 98, 98);
INSERT INTO `accioPenalitzacio` VALUES (226, 99, 99);
INSERT INTO `accioPenalitzacio` VALUES (227, 100, 100);

-- ----------------------------
-- Table structure for alineacio
-- ----------------------------
DROP TABLE IF EXISTS `alineacio`;
CREATE TABLE `alineacio`  (
  `idAlineacio` int(11) NOT NULL AUTO_INCREMENT,
  `idEquip` int(11) NOT NULL,
  `temps` varchar(255) CHARACTER SET utf8mb4 COLLATE utf8mb4_spanish_ci NOT NULL,
  PRIMARY KEY (`idAlineacio`) USING BTREE,
  INDEX `idEquip`(`idEquip`) USING BTREE,
  CONSTRAINT `alineacio_ibfk_1` FOREIGN KEY (`idEquip`) REFERENCES `equip` (`idEquip`) ON DELETE RESTRICT ON UPDATE RESTRICT
) ENGINE = InnoDB AUTO_INCREMENT = 266 CHARACTER SET = utf8mb4 COLLATE = utf8mb4_spanish_ci ROW_FORMAT = Dynamic;

-- ----------------------------
-- Records of alineacio
-- ----------------------------
INSERT INTO `alineacio` VALUES (1, 2, 'Inici');
INSERT INTO `alineacio` VALUES (2, 3, 'Inici');
INSERT INTO `alineacio` VALUES (3, 4, 'Inici');
INSERT INTO `alineacio` VALUES (4, 5, 'Inici');
INSERT INTO `alineacio` VALUES (5, 6, 'Inici');
INSERT INTO `alineacio` VALUES (6, 7, 'Inici');
INSERT INTO `alineacio` VALUES (7, 8, 'Inici');
INSERT INTO `alineacio` VALUES (8, 9, 'Inici');
INSERT INTO `alineacio` VALUES (9, 10, 'Inici');
INSERT INTO `alineacio` VALUES (10, 11, 'Inici');
INSERT INTO `alineacio` VALUES (11, 12, 'Inici');
INSERT INTO `alineacio` VALUES (12, 13, 'Inici');
INSERT INTO `alineacio` VALUES (13, 14, 'Inici');
INSERT INTO `alineacio` VALUES (14, 15, 'Inici');
INSERT INTO `alineacio` VALUES (15, 16, 'Inici');
INSERT INTO `alineacio` VALUES (16, 17, 'Inici');
INSERT INTO `alineacio` VALUES (17, 18, 'Inici');
INSERT INTO `alineacio` VALUES (18, 19, 'Inici');
INSERT INTO `alineacio` VALUES (19, 20, 'Inici');
INSERT INTO `alineacio` VALUES (20, 21, 'Inici');
INSERT INTO `alineacio` VALUES (21, 22, 'Inici');
INSERT INTO `alineacio` VALUES (22, 23, 'Inici');
INSERT INTO `alineacio` VALUES (23, 24, 'Inici');
INSERT INTO `alineacio` VALUES (24, 25, 'Inici');
INSERT INTO `alineacio` VALUES (25, 26, 'Inici');
INSERT INTO `alineacio` VALUES (26, 27, 'Inici');
INSERT INTO `alineacio` VALUES (27, 28, 'Inici');
INSERT INTO `alineacio` VALUES (28, 29, 'Inici');
INSERT INTO `alineacio` VALUES (29, 30, 'Inici');
INSERT INTO `alineacio` VALUES (30, 1, 'Inici');
INSERT INTO `alineacio` VALUES (31, 2, 'Inici');
INSERT INTO `alineacio` VALUES (32, 3, 'Inici');
INSERT INTO `alineacio` VALUES (33, 4, 'Inici');
INSERT INTO `alineacio` VALUES (34, 5, 'Inici');
INSERT INTO `alineacio` VALUES (35, 6, 'Inici');
INSERT INTO `alineacio` VALUES (36, 7, 'Inici');
INSERT INTO `alineacio` VALUES (37, 8, 'Inici');
INSERT INTO `alineacio` VALUES (38, 9, 'Inici');
INSERT INTO `alineacio` VALUES (39, 10, 'Inici');
INSERT INTO `alineacio` VALUES (40, 11, 'Inici');
INSERT INTO `alineacio` VALUES (41, 12, 'Inici');
INSERT INTO `alineacio` VALUES (42, 13, 'Inici');
INSERT INTO `alineacio` VALUES (43, 14, 'Inici');
INSERT INTO `alineacio` VALUES (44, 15, 'Inici');
INSERT INTO `alineacio` VALUES (45, 16, 'Inici');
INSERT INTO `alineacio` VALUES (46, 17, 'Inici');
INSERT INTO `alineacio` VALUES (47, 18, 'Inici');
INSERT INTO `alineacio` VALUES (48, 19, 'Inici');
INSERT INTO `alineacio` VALUES (49, 20, 'Inici');
INSERT INTO `alineacio` VALUES (50, 21, 'Inici');
INSERT INTO `alineacio` VALUES (51, 22, 'Inici');
INSERT INTO `alineacio` VALUES (52, 23, 'Inici');
INSERT INTO `alineacio` VALUES (53, 24, 'Inici');
INSERT INTO `alineacio` VALUES (54, 25, 'Inici');
INSERT INTO `alineacio` VALUES (55, 26, 'Inici');
INSERT INTO `alineacio` VALUES (56, 27, 'Inici');
INSERT INTO `alineacio` VALUES (57, 28, 'Inici');
INSERT INTO `alineacio` VALUES (58, 29, 'Inici');
INSERT INTO `alineacio` VALUES (59, 30, 'Inici');
INSERT INTO `alineacio` VALUES (60, 1, 'Inici');
INSERT INTO `alineacio` VALUES (61, 2, 'Inici');
INSERT INTO `alineacio` VALUES (62, 3, 'Inici');
INSERT INTO `alineacio` VALUES (63, 4, 'Inici');
INSERT INTO `alineacio` VALUES (64, 5, 'Inici');
INSERT INTO `alineacio` VALUES (65, 6, 'Inici');
INSERT INTO `alineacio` VALUES (66, 7, 'Inici');
INSERT INTO `alineacio` VALUES (67, 8, 'Inici');
INSERT INTO `alineacio` VALUES (68, 9, 'Inici');
INSERT INTO `alineacio` VALUES (69, 10, 'Inici');
INSERT INTO `alineacio` VALUES (70, 11, 'Inici');
INSERT INTO `alineacio` VALUES (71, 12, 'Inici');
INSERT INTO `alineacio` VALUES (72, 13, 'Inici');
INSERT INTO `alineacio` VALUES (73, 14, 'Inici');
INSERT INTO `alineacio` VALUES (74, 15, 'Inici');
INSERT INTO `alineacio` VALUES (75, 16, 'Inici');
INSERT INTO `alineacio` VALUES (76, 17, 'Inici');
INSERT INTO `alineacio` VALUES (77, 18, 'Inici');
INSERT INTO `alineacio` VALUES (78, 19, 'Inici');
INSERT INTO `alineacio` VALUES (79, 20, 'Inici');
INSERT INTO `alineacio` VALUES (80, 21, 'Inici');
INSERT INTO `alineacio` VALUES (81, 22, 'Inici');
INSERT INTO `alineacio` VALUES (82, 23, 'Inici');
INSERT INTO `alineacio` VALUES (83, 24, 'Inici');
INSERT INTO `alineacio` VALUES (84, 25, 'Inici');
INSERT INTO `alineacio` VALUES (85, 26, 'Inici');
INSERT INTO `alineacio` VALUES (86, 27, 'Inici');
INSERT INTO `alineacio` VALUES (87, 28, 'Inici');
INSERT INTO `alineacio` VALUES (88, 29, 'Inici');
INSERT INTO `alineacio` VALUES (89, 30, 'Inici');
INSERT INTO `alineacio` VALUES (90, 1, 'Inici');
INSERT INTO `alineacio` VALUES (91, 2, 'Inici');
INSERT INTO `alineacio` VALUES (92, 3, 'Inici');
INSERT INTO `alineacio` VALUES (93, 4, 'Inici');
INSERT INTO `alineacio` VALUES (94, 5, 'Inici');
INSERT INTO `alineacio` VALUES (95, 6, 'Inici');
INSERT INTO `alineacio` VALUES (96, 7, 'Inici');
INSERT INTO `alineacio` VALUES (97, 8, 'Inici');
INSERT INTO `alineacio` VALUES (98, 9, 'Inici');
INSERT INTO `alineacio` VALUES (99, 10, 'Inici');
INSERT INTO `alineacio` VALUES (100, 11, 'Inici');
INSERT INTO `alineacio` VALUES (101, 12, 'Inici');
INSERT INTO `alineacio` VALUES (102, 13, 'Inici');
INSERT INTO `alineacio` VALUES (103, 14, 'Inici');
INSERT INTO `alineacio` VALUES (104, 15, 'Inici');
INSERT INTO `alineacio` VALUES (105, 16, 'Inici');
INSERT INTO `alineacio` VALUES (106, 17, 'Inici');
INSERT INTO `alineacio` VALUES (107, 18, 'Inici');
INSERT INTO `alineacio` VALUES (108, 19, 'Inici');
INSERT INTO `alineacio` VALUES (109, 20, 'Inici');
INSERT INTO `alineacio` VALUES (110, 21, 'Inici');
INSERT INTO `alineacio` VALUES (111, 22, 'Inici');
INSERT INTO `alineacio` VALUES (112, 23, 'Inici');
INSERT INTO `alineacio` VALUES (113, 24, 'Inici');
INSERT INTO `alineacio` VALUES (114, 25, 'Inici');
INSERT INTO `alineacio` VALUES (115, 26, 'Inici');
INSERT INTO `alineacio` VALUES (116, 27, 'Inici');
INSERT INTO `alineacio` VALUES (117, 28, 'Inici');
INSERT INTO `alineacio` VALUES (118, 29, 'Inici');
INSERT INTO `alineacio` VALUES (119, 30, 'Inici');
INSERT INTO `alineacio` VALUES (120, 1, 'Inici');
INSERT INTO `alineacio` VALUES (121, 2, 'Inici');
INSERT INTO `alineacio` VALUES (122, 3, 'Inici');
INSERT INTO `alineacio` VALUES (123, 4, 'Inici');
INSERT INTO `alineacio` VALUES (124, 5, 'Inici');
INSERT INTO `alineacio` VALUES (125, 6, 'Inici');
INSERT INTO `alineacio` VALUES (126, 7, 'Inici');
INSERT INTO `alineacio` VALUES (127, 8, 'Inici');
INSERT INTO `alineacio` VALUES (128, 9, 'Inici');
INSERT INTO `alineacio` VALUES (129, 10, 'Inici');
INSERT INTO `alineacio` VALUES (130, 11, 'Inici');
INSERT INTO `alineacio` VALUES (131, 12, 'Inici');
INSERT INTO `alineacio` VALUES (132, 13, 'Inici');
INSERT INTO `alineacio` VALUES (133, 14, 'Inici');
INSERT INTO `alineacio` VALUES (134, 15, 'Inici');
INSERT INTO `alineacio` VALUES (135, 16, 'Inici');
INSERT INTO `alineacio` VALUES (136, 17, 'Inici');
INSERT INTO `alineacio` VALUES (137, 18, 'Inici');
INSERT INTO `alineacio` VALUES (138, 19, 'Inici');
INSERT INTO `alineacio` VALUES (139, 20, 'Inici');
INSERT INTO `alineacio` VALUES (140, 21, 'Inici');
INSERT INTO `alineacio` VALUES (141, 22, 'Inici');
INSERT INTO `alineacio` VALUES (142, 23, 'Inici');
INSERT INTO `alineacio` VALUES (143, 24, 'Inici');
INSERT INTO `alineacio` VALUES (144, 25, 'Inici');
INSERT INTO `alineacio` VALUES (145, 26, 'Inici');
INSERT INTO `alineacio` VALUES (146, 27, 'Inici');
INSERT INTO `alineacio` VALUES (147, 28, 'Inici');
INSERT INTO `alineacio` VALUES (148, 29, 'Inici');
INSERT INTO `alineacio` VALUES (149, 30, 'Inici');
INSERT INTO `alineacio` VALUES (150, 1, 'Inici');
INSERT INTO `alineacio` VALUES (151, 2, 'Inici');
INSERT INTO `alineacio` VALUES (152, 3, 'Inici');
INSERT INTO `alineacio` VALUES (153, 4, 'Inici');
INSERT INTO `alineacio` VALUES (154, 5, 'Inici');
INSERT INTO `alineacio` VALUES (155, 6, 'Inici');
INSERT INTO `alineacio` VALUES (156, 7, 'Inici');
INSERT INTO `alineacio` VALUES (157, 8, 'Inici');
INSERT INTO `alineacio` VALUES (158, 9, 'Inici');
INSERT INTO `alineacio` VALUES (159, 10, 'Inici');
INSERT INTO `alineacio` VALUES (160, 11, 'Inici');
INSERT INTO `alineacio` VALUES (161, 12, 'Inici');
INSERT INTO `alineacio` VALUES (162, 13, 'Inici');
INSERT INTO `alineacio` VALUES (163, 14, 'Inici');
INSERT INTO `alineacio` VALUES (164, 15, 'Inici');
INSERT INTO `alineacio` VALUES (165, 16, 'Inici');
INSERT INTO `alineacio` VALUES (166, 17, 'Inici');
INSERT INTO `alineacio` VALUES (167, 18, 'Inici');
INSERT INTO `alineacio` VALUES (168, 19, 'Inici');
INSERT INTO `alineacio` VALUES (169, 20, 'Inici');
INSERT INTO `alineacio` VALUES (170, 21, 'Inici');
INSERT INTO `alineacio` VALUES (171, 22, 'Inici');
INSERT INTO `alineacio` VALUES (172, 23, 'Inici');
INSERT INTO `alineacio` VALUES (173, 24, 'Inici');
INSERT INTO `alineacio` VALUES (174, 25, 'Inici');
INSERT INTO `alineacio` VALUES (175, 26, 'Inici');
INSERT INTO `alineacio` VALUES (176, 27, 'Inici');
INSERT INTO `alineacio` VALUES (177, 28, 'Inici');
INSERT INTO `alineacio` VALUES (178, 29, 'Inici');
INSERT INTO `alineacio` VALUES (179, 30, 'Inici');
INSERT INTO `alineacio` VALUES (180, 1, 'Inici');
INSERT INTO `alineacio` VALUES (181, 2, 'Inici');
INSERT INTO `alineacio` VALUES (182, 3, 'Inici');
INSERT INTO `alineacio` VALUES (183, 4, 'Inici');
INSERT INTO `alineacio` VALUES (184, 5, 'Inici');
INSERT INTO `alineacio` VALUES (185, 6, 'Inici');
INSERT INTO `alineacio` VALUES (186, 7, 'Inici');
INSERT INTO `alineacio` VALUES (187, 8, 'Inici');
INSERT INTO `alineacio` VALUES (188, 9, 'Inici');
INSERT INTO `alineacio` VALUES (189, 10, 'Inici');
INSERT INTO `alineacio` VALUES (190, 11, 'Inici');
INSERT INTO `alineacio` VALUES (191, 12, 'Inici');
INSERT INTO `alineacio` VALUES (192, 13, 'Inici');
INSERT INTO `alineacio` VALUES (193, 14, 'Inici');
INSERT INTO `alineacio` VALUES (194, 15, 'Inici');
INSERT INTO `alineacio` VALUES (195, 16, 'Inici');
INSERT INTO `alineacio` VALUES (196, 17, 'Inici');
INSERT INTO `alineacio` VALUES (197, 18, 'Inici');
INSERT INTO `alineacio` VALUES (198, 19, 'Inici');
INSERT INTO `alineacio` VALUES (199, 20, 'Inici');
INSERT INTO `alineacio` VALUES (200, 21, 'Inici');
INSERT INTO `alineacio` VALUES (256, 2, '0');
INSERT INTO `alineacio` VALUES (257, 5, '0');
INSERT INTO `alineacio` VALUES (258, 10, '0');
INSERT INTO `alineacio` VALUES (259, 51, '0');
INSERT INTO `alineacio` VALUES (260, 55, '0');
INSERT INTO `alineacio` VALUES (261, 2, '45');
INSERT INTO `alineacio` VALUES (262, 5, '45');
INSERT INTO `alineacio` VALUES (263, 10, '45');
INSERT INTO `alineacio` VALUES (264, 51, '20');
INSERT INTO `alineacio` VALUES (265, 55, '10');

-- ----------------------------
-- Table structure for alineacioJugador
-- ----------------------------
DROP TABLE IF EXISTS `alineacioJugador`;
CREATE TABLE `alineacioJugador`  (
  `idAlineacio` int(11) NOT NULL,
  `idJugador` int(11) NOT NULL,
  PRIMARY KEY (`idAlineacio`, `idJugador`) USING BTREE,
  INDEX `idJugador`(`idJugador`) USING BTREE,
  CONSTRAINT `alineaciojugador_ibfk_1` FOREIGN KEY (`idJugador`) REFERENCES `jugador` (`idJugador`) ON DELETE RESTRICT ON UPDATE RESTRICT,
  CONSTRAINT `alineaciojugador_ibfk_2` FOREIGN KEY (`idAlineacio`) REFERENCES `alineacio` (`idAlineacio`) ON DELETE RESTRICT ON UPDATE RESTRICT
) ENGINE = InnoDB CHARACTER SET = utf8mb4 COLLATE = utf8mb4_spanish_ci ROW_FORMAT = Dynamic;

-- ----------------------------
-- Records of alineacioJugador
-- ----------------------------
INSERT INTO `alineacioJugador` VALUES (1, 2);
INSERT INTO `alineacioJugador` VALUES (2, 3);
INSERT INTO `alineacioJugador` VALUES (3, 4);
INSERT INTO `alineacioJugador` VALUES (4, 5);
INSERT INTO `alineacioJugador` VALUES (5, 6);
INSERT INTO `alineacioJugador` VALUES (6, 7);
INSERT INTO `alineacioJugador` VALUES (7, 8);
INSERT INTO `alineacioJugador` VALUES (8, 9);
INSERT INTO `alineacioJugador` VALUES (9, 10);
INSERT INTO `alineacioJugador` VALUES (10, 11);
INSERT INTO `alineacioJugador` VALUES (11, 12);
INSERT INTO `alineacioJugador` VALUES (12, 13);
INSERT INTO `alineacioJugador` VALUES (13, 14);
INSERT INTO `alineacioJugador` VALUES (14, 15);
INSERT INTO `alineacioJugador` VALUES (15, 16);
INSERT INTO `alineacioJugador` VALUES (16, 17);
INSERT INTO `alineacioJugador` VALUES (17, 18);
INSERT INTO `alineacioJugador` VALUES (18, 19);
INSERT INTO `alineacioJugador` VALUES (19, 20);
INSERT INTO `alineacioJugador` VALUES (20, 21);
INSERT INTO `alineacioJugador` VALUES (21, 22);
INSERT INTO `alineacioJugador` VALUES (22, 23);
INSERT INTO `alineacioJugador` VALUES (23, 24);
INSERT INTO `alineacioJugador` VALUES (24, 25);
INSERT INTO `alineacioJugador` VALUES (25, 26);
INSERT INTO `alineacioJugador` VALUES (26, 27);
INSERT INTO `alineacioJugador` VALUES (27, 28);
INSERT INTO `alineacioJugador` VALUES (28, 29);
INSERT INTO `alineacioJugador` VALUES (29, 30);
INSERT INTO `alineacioJugador` VALUES (30, 31);
INSERT INTO `alineacioJugador` VALUES (31, 32);
INSERT INTO `alineacioJugador` VALUES (32, 33);
INSERT INTO `alineacioJugador` VALUES (33, 34);
INSERT INTO `alineacioJugador` VALUES (34, 35);
INSERT INTO `alineacioJugador` VALUES (35, 36);
INSERT INTO `alineacioJugador` VALUES (36, 37);
INSERT INTO `alineacioJugador` VALUES (37, 38);
INSERT INTO `alineacioJugador` VALUES (38, 39);
INSERT INTO `alineacioJugador` VALUES (39, 40);
INSERT INTO `alineacioJugador` VALUES (40, 41);
INSERT INTO `alineacioJugador` VALUES (41, 42);
INSERT INTO `alineacioJugador` VALUES (42, 43);
INSERT INTO `alineacioJugador` VALUES (43, 44);
INSERT INTO `alineacioJugador` VALUES (44, 45);
INSERT INTO `alineacioJugador` VALUES (45, 46);
INSERT INTO `alineacioJugador` VALUES (46, 47);
INSERT INTO `alineacioJugador` VALUES (47, 48);
INSERT INTO `alineacioJugador` VALUES (48, 49);
INSERT INTO `alineacioJugador` VALUES (49, 50);
INSERT INTO `alineacioJugador` VALUES (50, 51);
INSERT INTO `alineacioJugador` VALUES (51, 52);
INSERT INTO `alineacioJugador` VALUES (52, 53);
INSERT INTO `alineacioJugador` VALUES (53, 54);
INSERT INTO `alineacioJugador` VALUES (54, 55);
INSERT INTO `alineacioJugador` VALUES (55, 56);
INSERT INTO `alineacioJugador` VALUES (56, 57);
INSERT INTO `alineacioJugador` VALUES (57, 58);
INSERT INTO `alineacioJugador` VALUES (58, 59);
INSERT INTO `alineacioJugador` VALUES (59, 60);
INSERT INTO `alineacioJugador` VALUES (60, 61);
INSERT INTO `alineacioJugador` VALUES (61, 62);
INSERT INTO `alineacioJugador` VALUES (62, 63);
INSERT INTO `alineacioJugador` VALUES (63, 64);
INSERT INTO `alineacioJugador` VALUES (64, 65);
INSERT INTO `alineacioJugador` VALUES (65, 66);
INSERT INTO `alineacioJugador` VALUES (66, 67);
INSERT INTO `alineacioJugador` VALUES (67, 68);
INSERT INTO `alineacioJugador` VALUES (68, 69);
INSERT INTO `alineacioJugador` VALUES (69, 70);
INSERT INTO `alineacioJugador` VALUES (70, 71);
INSERT INTO `alineacioJugador` VALUES (71, 72);
INSERT INTO `alineacioJugador` VALUES (72, 73);
INSERT INTO `alineacioJugador` VALUES (73, 74);
INSERT INTO `alineacioJugador` VALUES (74, 75);
INSERT INTO `alineacioJugador` VALUES (75, 76);
INSERT INTO `alineacioJugador` VALUES (76, 77);
INSERT INTO `alineacioJugador` VALUES (77, 78);
INSERT INTO `alineacioJugador` VALUES (78, 79);
INSERT INTO `alineacioJugador` VALUES (79, 80);
INSERT INTO `alineacioJugador` VALUES (80, 81);
INSERT INTO `alineacioJugador` VALUES (81, 82);
INSERT INTO `alineacioJugador` VALUES (82, 83);
INSERT INTO `alineacioJugador` VALUES (83, 84);
INSERT INTO `alineacioJugador` VALUES (84, 85);
INSERT INTO `alineacioJugador` VALUES (85, 86);
INSERT INTO `alineacioJugador` VALUES (86, 87);
INSERT INTO `alineacioJugador` VALUES (87, 88);
INSERT INTO `alineacioJugador` VALUES (88, 89);
INSERT INTO `alineacioJugador` VALUES (89, 90);
INSERT INTO `alineacioJugador` VALUES (90, 91);
INSERT INTO `alineacioJugador` VALUES (91, 92);
INSERT INTO `alineacioJugador` VALUES (92, 93);
INSERT INTO `alineacioJugador` VALUES (93, 94);
INSERT INTO `alineacioJugador` VALUES (94, 95);
INSERT INTO `alineacioJugador` VALUES (95, 96);
INSERT INTO `alineacioJugador` VALUES (96, 97);
INSERT INTO `alineacioJugador` VALUES (97, 98);
INSERT INTO `alineacioJugador` VALUES (98, 99);
INSERT INTO `alineacioJugador` VALUES (99, 100);
INSERT INTO `alineacioJugador` VALUES (100, 1);
INSERT INTO `alineacioJugador` VALUES (101, 2);
INSERT INTO `alineacioJugador` VALUES (102, 3);
INSERT INTO `alineacioJugador` VALUES (103, 4);
INSERT INTO `alineacioJugador` VALUES (104, 5);
INSERT INTO `alineacioJugador` VALUES (105, 6);
INSERT INTO `alineacioJugador` VALUES (106, 7);
INSERT INTO `alineacioJugador` VALUES (107, 8);
INSERT INTO `alineacioJugador` VALUES (108, 9);
INSERT INTO `alineacioJugador` VALUES (109, 10);
INSERT INTO `alineacioJugador` VALUES (110, 11);
INSERT INTO `alineacioJugador` VALUES (111, 12);
INSERT INTO `alineacioJugador` VALUES (112, 13);
INSERT INTO `alineacioJugador` VALUES (113, 14);
INSERT INTO `alineacioJugador` VALUES (114, 15);
INSERT INTO `alineacioJugador` VALUES (115, 16);
INSERT INTO `alineacioJugador` VALUES (116, 17);
INSERT INTO `alineacioJugador` VALUES (117, 18);
INSERT INTO `alineacioJugador` VALUES (118, 19);
INSERT INTO `alineacioJugador` VALUES (119, 20);
INSERT INTO `alineacioJugador` VALUES (120, 21);
INSERT INTO `alineacioJugador` VALUES (121, 22);
INSERT INTO `alineacioJugador` VALUES (122, 23);
INSERT INTO `alineacioJugador` VALUES (123, 24);
INSERT INTO `alineacioJugador` VALUES (124, 25);
INSERT INTO `alineacioJugador` VALUES (125, 26);
INSERT INTO `alineacioJugador` VALUES (126, 27);
INSERT INTO `alineacioJugador` VALUES (127, 28);
INSERT INTO `alineacioJugador` VALUES (128, 29);
INSERT INTO `alineacioJugador` VALUES (129, 30);
INSERT INTO `alineacioJugador` VALUES (130, 31);
INSERT INTO `alineacioJugador` VALUES (131, 32);
INSERT INTO `alineacioJugador` VALUES (132, 33);
INSERT INTO `alineacioJugador` VALUES (133, 34);
INSERT INTO `alineacioJugador` VALUES (134, 35);
INSERT INTO `alineacioJugador` VALUES (135, 36);
INSERT INTO `alineacioJugador` VALUES (136, 37);
INSERT INTO `alineacioJugador` VALUES (137, 38);
INSERT INTO `alineacioJugador` VALUES (138, 39);
INSERT INTO `alineacioJugador` VALUES (139, 40);
INSERT INTO `alineacioJugador` VALUES (140, 41);
INSERT INTO `alineacioJugador` VALUES (141, 42);
INSERT INTO `alineacioJugador` VALUES (142, 43);
INSERT INTO `alineacioJugador` VALUES (143, 44);
INSERT INTO `alineacioJugador` VALUES (144, 45);
INSERT INTO `alineacioJugador` VALUES (145, 46);
INSERT INTO `alineacioJugador` VALUES (146, 47);
INSERT INTO `alineacioJugador` VALUES (147, 48);
INSERT INTO `alineacioJugador` VALUES (148, 49);
INSERT INTO `alineacioJugador` VALUES (149, 50);
INSERT INTO `alineacioJugador` VALUES (150, 51);
INSERT INTO `alineacioJugador` VALUES (151, 52);
INSERT INTO `alineacioJugador` VALUES (152, 53);
INSERT INTO `alineacioJugador` VALUES (153, 54);
INSERT INTO `alineacioJugador` VALUES (154, 55);
INSERT INTO `alineacioJugador` VALUES (155, 56);
INSERT INTO `alineacioJugador` VALUES (156, 57);
INSERT INTO `alineacioJugador` VALUES (157, 58);
INSERT INTO `alineacioJugador` VALUES (158, 59);
INSERT INTO `alineacioJugador` VALUES (159, 60);
INSERT INTO `alineacioJugador` VALUES (160, 61);
INSERT INTO `alineacioJugador` VALUES (161, 62);
INSERT INTO `alineacioJugador` VALUES (162, 63);
INSERT INTO `alineacioJugador` VALUES (163, 64);
INSERT INTO `alineacioJugador` VALUES (164, 65);
INSERT INTO `alineacioJugador` VALUES (165, 66);
INSERT INTO `alineacioJugador` VALUES (166, 67);
INSERT INTO `alineacioJugador` VALUES (167, 68);
INSERT INTO `alineacioJugador` VALUES (168, 69);
INSERT INTO `alineacioJugador` VALUES (169, 70);
INSERT INTO `alineacioJugador` VALUES (170, 71);
INSERT INTO `alineacioJugador` VALUES (171, 72);
INSERT INTO `alineacioJugador` VALUES (172, 73);
INSERT INTO `alineacioJugador` VALUES (173, 74);
INSERT INTO `alineacioJugador` VALUES (174, 75);
INSERT INTO `alineacioJugador` VALUES (175, 76);
INSERT INTO `alineacioJugador` VALUES (176, 77);
INSERT INTO `alineacioJugador` VALUES (177, 78);
INSERT INTO `alineacioJugador` VALUES (178, 79);
INSERT INTO `alineacioJugador` VALUES (179, 80);
INSERT INTO `alineacioJugador` VALUES (180, 81);
INSERT INTO `alineacioJugador` VALUES (181, 82);
INSERT INTO `alineacioJugador` VALUES (182, 83);
INSERT INTO `alineacioJugador` VALUES (183, 84);
INSERT INTO `alineacioJugador` VALUES (184, 85);
INSERT INTO `alineacioJugador` VALUES (185, 86);
INSERT INTO `alineacioJugador` VALUES (186, 87);
INSERT INTO `alineacioJugador` VALUES (187, 88);
INSERT INTO `alineacioJugador` VALUES (188, 89);
INSERT INTO `alineacioJugador` VALUES (189, 90);
INSERT INTO `alineacioJugador` VALUES (190, 91);
INSERT INTO `alineacioJugador` VALUES (191, 92);
INSERT INTO `alineacioJugador` VALUES (192, 93);
INSERT INTO `alineacioJugador` VALUES (193, 94);
INSERT INTO `alineacioJugador` VALUES (194, 95);
INSERT INTO `alineacioJugador` VALUES (195, 96);
INSERT INTO `alineacioJugador` VALUES (196, 97);
INSERT INTO `alineacioJugador` VALUES (197, 98);
INSERT INTO `alineacioJugador` VALUES (198, 99);
INSERT INTO `alineacioJugador` VALUES (199, 100);
INSERT INTO `alineacioJugador` VALUES (200, 1);
INSERT INTO `alineacioJugador` VALUES (256, 114);
INSERT INTO `alineacioJugador` VALUES (256, 128);
INSERT INTO `alineacioJugador` VALUES (256, 142);
INSERT INTO `alineacioJugador` VALUES (256, 156);
INSERT INTO `alineacioJugador` VALUES (256, 170);
INSERT INTO `alineacioJugador` VALUES (257, 103);
INSERT INTO `alineacioJugador` VALUES (257, 117);
INSERT INTO `alineacioJugador` VALUES (257, 131);
INSERT INTO `alineacioJugador` VALUES (257, 145);
INSERT INTO `alineacioJugador` VALUES (257, 159);
INSERT INTO `alineacioJugador` VALUES (258, 108);
INSERT INTO `alineacioJugador` VALUES (258, 122);
INSERT INTO `alineacioJugador` VALUES (258, 136);
INSERT INTO `alineacioJugador` VALUES (258, 150);
INSERT INTO `alineacioJugador` VALUES (258, 164);
INSERT INTO `alineacioJugador` VALUES (259, 180);
INSERT INTO `alineacioJugador` VALUES (259, 190);
INSERT INTO `alineacioJugador` VALUES (259, 200);
INSERT INTO `alineacioJugador` VALUES (260, 174);
INSERT INTO `alineacioJugador` VALUES (260, 184);
INSERT INTO `alineacioJugador` VALUES (260, 194);
INSERT INTO `alineacioJugador` VALUES (261, 114);
INSERT INTO `alineacioJugador` VALUES (261, 128);
INSERT INTO `alineacioJugador` VALUES (261, 142);
INSERT INTO `alineacioJugador` VALUES (261, 156);
INSERT INTO `alineacioJugador` VALUES (261, 170);
INSERT INTO `alineacioJugador` VALUES (262, 103);
INSERT INTO `alineacioJugador` VALUES (262, 117);
INSERT INTO `alineacioJugador` VALUES (262, 131);
INSERT INTO `alineacioJugador` VALUES (262, 145);
INSERT INTO `alineacioJugador` VALUES (262, 159);
INSERT INTO `alineacioJugador` VALUES (263, 108);
INSERT INTO `alineacioJugador` VALUES (263, 122);
INSERT INTO `alineacioJugador` VALUES (263, 136);
INSERT INTO `alineacioJugador` VALUES (263, 150);
INSERT INTO `alineacioJugador` VALUES (263, 164);
INSERT INTO `alineacioJugador` VALUES (264, 180);
INSERT INTO `alineacioJugador` VALUES (264, 190);
INSERT INTO `alineacioJugador` VALUES (264, 200);
INSERT INTO `alineacioJugador` VALUES (265, 174);
INSERT INTO `alineacioJugador` VALUES (265, 184);
INSERT INTO `alineacioJugador` VALUES (265, 194);

-- ----------------------------
-- Table structure for categoria
-- ----------------------------
DROP TABLE IF EXISTS `categoria`;
CREATE TABLE `categoria`  (
  `idCategoria` int(11) NOT NULL AUTO_INCREMENT,
  `nom` varchar(255) CHARACTER SET utf8mb4 COLLATE utf8mb4_spanish_ci NOT NULL,
  `nivell` varchar(255) CHARACTER SET utf8mb4 COLLATE utf8mb4_spanish_ci NOT NULL,
  `descripcio` varchar(255) CHARACTER SET utf8mb4 COLLATE utf8mb4_spanish_ci NOT NULL,
  PRIMARY KEY (`idCategoria`, `nom`) USING BTREE,
  INDEX `idCategoria`(`idCategoria`) USING BTREE
) ENGINE = InnoDB AUTO_INCREMENT = 16 CHARACTER SET = utf8mb4 COLLATE = utf8mb4_spanish_ci ROW_FORMAT = Dynamic;

-- ----------------------------
-- Records of categoria
-- ----------------------------
INSERT INTO `categoria` VALUES (1, 'Sènior A', 'Professional', 'Màxima categoria');
INSERT INTO `categoria` VALUES (2, 'Sènior B', 'Amateur', 'Segona categoria');
INSERT INTO `categoria` VALUES (3, 'Juvenil A', 'Sub-19', 'Elit formativa');
INSERT INTO `categoria` VALUES (4, 'Juvenil B', 'Sub-18', 'Promoció');
INSERT INTO `categoria` VALUES (5, 'Cadet A', 'Sub-16', 'Competició');
INSERT INTO `categoria` VALUES (6, 'Infantil', 'Sub-14', 'Iniciació');
INSERT INTO `categoria` VALUES (7, 'Aleví', 'Sub-12', 'Futbol base');
INSERT INTO `categoria` VALUES (8, 'Femení A', 'Professional', 'Primera Divisió');
INSERT INTO `categoria` VALUES (9, 'Femení B', 'Amateur', 'Segona Divisió');
INSERT INTO `categoria` VALUES (10, 'Veterans', '+35', 'Lliga sènior');
INSERT INTO `categoria` VALUES (11, 'Benjamí A', 'Base', 'Edats 8-9 anys');
INSERT INTO `categoria` VALUES (12, 'Sènior C', 'Recreatiu', 'Lliga local d\'aficionats');
INSERT INTO `categoria` VALUES (13, 'Elit Femení', 'Professional', 'Màxima competició femenina');
INSERT INTO `categoria` VALUES (14, 'Veterans +45', 'Sènior', 'Lliga de llegendes');
INSERT INTO `categoria` VALUES (15, 'Promeses', 'Sub-23', 'Filials d\'elit');

-- ----------------------------
-- Table structure for equip
-- ----------------------------
DROP TABLE IF EXISTS `equip`;
CREATE TABLE `equip`  (
  `idEquip` int(11) NOT NULL AUTO_INCREMENT,
  `nom` varchar(255) CHARACTER SET utf8mb4 COLLATE utf8mb4_spanish_ci NULL DEFAULT NULL,
  `patrocinador` varchar(255) CHARACTER SET utf8mb4 COLLATE utf8mb4_spanish_ci NULL DEFAULT NULL,
  `respresentant` varchar(255) CHARACTER SET utf8mb4 COLLATE utf8mb4_spanish_ci NULL DEFAULT NULL,
  PRIMARY KEY (`idEquip`) USING BTREE
) ENGINE = InnoDB AUTO_INCREMENT = 61 CHARACTER SET = utf8mb4 COLLATE = utf8mb4_spanish_ci ROW_FORMAT = Dynamic;

-- ----------------------------
-- Records of equip
-- ----------------------------
INSERT INTO `equip` VALUES (1, 'RCD Mallorca', 'Alpha', 'Vicente Moreno');
INSERT INTO `equip` VALUES (2, 'Atlético Baleares', 'Hyundai', 'Patrick Messow');
INSERT INTO `equip` VALUES (3, 'UD Ibiza', 'Power', 'Amadeo Salvo');
INSERT INTO `equip` VALUES (4, 'CE Constància', 'Nike', 'Joan Smith');
INSERT INTO `equip` VALUES (5, 'CE Manacor', 'Adidas', 'Miquel Bestard');
INSERT INTO `equip` VALUES (6, 'SD Formentera', 'Balearia', 'Toni Marí');
INSERT INTO `equip` VALUES (7, 'Peña Deportiva', 'Ushuaia', 'Pepe Albiol');
INSERT INTO `equip` VALUES (8, 'Platges de Calvià', 'Calvià', 'Juan Planas');
INSERT INTO `equip` VALUES (9, 'Poblense', 'S`illa', 'Andreu Mir');
INSERT INTO `equip` VALUES (10, 'CD Binissalem', 'Bodegues', 'Tomeu Pons');
INSERT INTO `equip` VALUES (11, 'FC Barcelona', 'Spotify', 'Joan Laporta');
INSERT INTO `equip` VALUES (12, 'Real Madrid', 'Emirates', 'Florentino Pérez');
INSERT INTO `equip` VALUES (13, 'Atletico Madrid', 'Whale', 'Enrique Cerezo');
INSERT INTO `equip` VALUES (14, 'Real Betis', 'Finetwork', 'Ángel Haro');
INSERT INTO `equip` VALUES (15, 'Sevilla FC', 'Degiro', 'Pepe Castro');
INSERT INTO `equip` VALUES (16, 'Real Sociedad', 'Kutxabank', 'Jokin Aperribay');
INSERT INTO `equip` VALUES (17, 'Athletic Club', 'Kutxabank', 'Jon Uriarte');
INSERT INTO `equip` VALUES (18, 'Valencia CF', 'Cazoo', 'Layhoon Chan');
INSERT INTO `equip` VALUES (19, 'Villarreal CF', 'Pamesa', 'Fernando Roig');
INSERT INTO `equip` VALUES (20, 'Girona FC', 'Etihad', 'Delfí Geli');
INSERT INTO `equip` VALUES (21, 'Manresa Bàsquet', 'Baxi', 'Josep Sáez');
INSERT INTO `equip` VALUES (22, 'Joventut Badalona', 'Badalona', 'Juanan Morales');
INSERT INTO `equip` VALUES (23, 'CB Canarias', 'Lenovo', 'Félix Hernández');
INSERT INTO `equip` VALUES (24, 'Unicaja Málaga', 'Unicaja', 'Antonio López');
INSERT INTO `equip` VALUES (25, 'Baskonia', 'Cazoo', 'Josean Querejeta');
INSERT INTO `equip` VALUES (26, 'Valencia Basket', 'Pamesa', 'Juan Roig');
INSERT INTO `equip` VALUES (27, 'Real Madrid Basket', 'Emirates', 'Juan Carlos Sánchez');
INSERT INTO `equip` VALUES (28, 'FC Barcelona Basket', 'Spotify', 'Juan Lardo');
INSERT INTO `equip` VALUES (29, 'Gran Canaria', 'Dreamland', 'Sitapha Savané');
INSERT INTO `equip` VALUES (30, 'Zaragoza Basket', 'Casademont', 'Reynaldo Benito');
INSERT INTO `equip` VALUES (31, 'Duo - Rafael Nadal and Carlos Alcaraz', 'Nike', 'Carlos Moyá');
INSERT INTO `equip` VALUES (32, 'Duo - Roger Federer and Novak Djokovic', 'Wilson', 'Tony Godsick');
INSERT INTO `equip` VALUES (33, 'Duo - Serena and Venus Williams', 'Nike', 'Richard Williams');
INSERT INTO `equip` VALUES (34, 'Duo - Iga Swiatek and Ons Jabeur', 'On', 'Tomasz Wiktor');
INSERT INTO `equip` VALUES (35, 'Duo - Marc and Pau Gasol', 'Nike', 'Marc Gasol');
INSERT INTO `equip` VALUES (36, 'Duo - Stephen Curry and Klay Thompson', 'Under Armour', 'Steve Kerr');
INSERT INTO `equip` VALUES (37, 'Duo - Doncic and Jokic', 'Jordan', 'Balkan Agent');
INSERT INTO `equip` VALUES (38, 'Duo - Messi and Neymar', 'Adidas', 'Jorge Messi');
INSERT INTO `equip` VALUES (39, 'Duo - Xavi and Iniesta', 'Nike', 'Pere Guardiola');
INSERT INTO `equip` VALUES (40, 'Duo - Ramos and Piqué', 'Adidas', 'Hierro');
INSERT INTO `equip` VALUES (41, 'Solo - Carlos Alcaraz', 'Nike', 'Self');
INSERT INTO `equip` VALUES (42, 'Solo - Jannik Sinner', 'Gucci', 'Self');
INSERT INTO `equip` VALUES (43, 'Solo - Iga Swiatek', 'Asics', 'Self');
INSERT INTO `equip` VALUES (44, 'Solo - Rafael Nadal', 'Kia', 'Self');
INSERT INTO `equip` VALUES (45, 'Solo - Novak Djokovic', 'Lacoste', 'Self');
INSERT INTO `equip` VALUES (46, 'Solo - Ons Jabeur', 'Lotto', 'Self');
INSERT INTO `equip` VALUES (47, 'Solo - Aryna Sabalenka', 'Nike', 'Self');
INSERT INTO `equip` VALUES (48, 'Solo - Coco Gauff', 'New Balance', 'Self');
INSERT INTO `equip` VALUES (49, 'Solo - Alexander Zverev', 'Adidas', 'Self');
INSERT INTO `equip` VALUES (50, 'Solo - Holger Rune', 'Nike', 'Self');
INSERT INTO `equip` VALUES (51, 'Palma Futsal Promeses', 'Visit Mallorca', 'Antonio Vadillo');
INSERT INTO `equip` VALUES (52, 'Sporting de Palma', 'Bar S`Estanc', 'Joan Vidal');
INSERT INTO `equip` VALUES (53, 'Voley Ciutat Femení', 'Puleva', 'Maria Pons');
INSERT INTO `equip` VALUES (54, 'Handbol Marratxí', 'Construccions Serra', 'Pere Mas');
INSERT INTO `equip` VALUES (55, 'Bàsquet Inca Veterans', 'Quely', 'Miquel Àngel');
INSERT INTO `equip` VALUES (56, 'Real Mallorca Benjamí', 'Alpha', 'Vicenç Moreno');
INSERT INTO `equip` VALUES (57, 'Tennis Club Manacor', 'Kia', 'Toni Nadal');
INSERT INTO `equip` VALUES (58, 'Pàdel Llucmajor', 'Estrella', 'Andreu Font');
INSERT INTO `equip` VALUES (59, 'Rugby Ponent', 'Guinness', 'Steve Smith');
INSERT INTO `equip` VALUES (60, 'Hoquei Calvià', 'Ajuntament Calvià', 'Marc Bestard');

-- ----------------------------
-- Table structure for equipEsport
-- ----------------------------
DROP TABLE IF EXISTS `equipEsport`;
CREATE TABLE `equipEsport`  (
  `idEquip` int(11) NOT NULL,
  `idEsport` int(11) NOT NULL,
  PRIMARY KEY (`idEquip`, `idEsport`) USING BTREE,
  INDEX `idEsport`(`idEsport`) USING BTREE,
  CONSTRAINT `equipesport_ibfk_1` FOREIGN KEY (`idEquip`) REFERENCES `equip` (`idEquip`) ON DELETE RESTRICT ON UPDATE RESTRICT,
  CONSTRAINT `equipesport_ibfk_2` FOREIGN KEY (`idEsport`) REFERENCES `esport` (`idEsport`) ON DELETE RESTRICT ON UPDATE RESTRICT
) ENGINE = InnoDB CHARACTER SET = utf8mb4 COLLATE = utf8mb4_spanish_ci ROW_FORMAT = Dynamic;

-- ----------------------------
-- Records of equipEsport
-- ----------------------------
INSERT INTO `equipEsport` VALUES (1, 2);
INSERT INTO `equipEsport` VALUES (2, 3);
INSERT INTO `equipEsport` VALUES (3, 4);
INSERT INTO `equipEsport` VALUES (4, 5);
INSERT INTO `equipEsport` VALUES (5, 6);
INSERT INTO `equipEsport` VALUES (6, 7);
INSERT INTO `equipEsport` VALUES (7, 8);
INSERT INTO `equipEsport` VALUES (8, 9);
INSERT INTO `equipEsport` VALUES (9, 10);
INSERT INTO `equipEsport` VALUES (10, 1);
INSERT INTO `equipEsport` VALUES (11, 2);
INSERT INTO `equipEsport` VALUES (12, 3);
INSERT INTO `equipEsport` VALUES (13, 4);
INSERT INTO `equipEsport` VALUES (14, 5);
INSERT INTO `equipEsport` VALUES (15, 6);
INSERT INTO `equipEsport` VALUES (16, 7);
INSERT INTO `equipEsport` VALUES (17, 8);
INSERT INTO `equipEsport` VALUES (18, 9);
INSERT INTO `equipEsport` VALUES (19, 10);
INSERT INTO `equipEsport` VALUES (20, 1);
INSERT INTO `equipEsport` VALUES (21, 2);
INSERT INTO `equipEsport` VALUES (22, 3);
INSERT INTO `equipEsport` VALUES (23, 4);
INSERT INTO `equipEsport` VALUES (24, 5);
INSERT INTO `equipEsport` VALUES (25, 6);
INSERT INTO `equipEsport` VALUES (26, 7);
INSERT INTO `equipEsport` VALUES (27, 8);
INSERT INTO `equipEsport` VALUES (28, 9);
INSERT INTO `equipEsport` VALUES (29, 10);
INSERT INTO `equipEsport` VALUES (30, 1);
INSERT INTO `equipEsport` VALUES (31, 2);
INSERT INTO `equipEsport` VALUES (32, 3);
INSERT INTO `equipEsport` VALUES (33, 4);
INSERT INTO `equipEsport` VALUES (34, 5);
INSERT INTO `equipEsport` VALUES (35, 6);
INSERT INTO `equipEsport` VALUES (36, 7);
INSERT INTO `equipEsport` VALUES (37, 8);
INSERT INTO `equipEsport` VALUES (38, 9);
INSERT INTO `equipEsport` VALUES (39, 10);
INSERT INTO `equipEsport` VALUES (40, 1);
INSERT INTO `equipEsport` VALUES (41, 2);
INSERT INTO `equipEsport` VALUES (42, 3);
INSERT INTO `equipEsport` VALUES (43, 4);
INSERT INTO `equipEsport` VALUES (44, 5);
INSERT INTO `equipEsport` VALUES (45, 6);
INSERT INTO `equipEsport` VALUES (46, 7);
INSERT INTO `equipEsport` VALUES (47, 8);
INSERT INTO `equipEsport` VALUES (48, 9);
INSERT INTO `equipEsport` VALUES (49, 10);
INSERT INTO `equipEsport` VALUES (50, 1);
INSERT INTO `equipEsport` VALUES (51, 1);
INSERT INTO `equipEsport` VALUES (51, 2);
INSERT INTO `equipEsport` VALUES (51, 7);
INSERT INTO `equipEsport` VALUES (52, 1);
INSERT INTO `equipEsport` VALUES (52, 6);
INSERT INTO `equipEsport` VALUES (52, 7);
INSERT INTO `equipEsport` VALUES (53, 2);
INSERT INTO `equipEsport` VALUES (53, 5);
INSERT INTO `equipEsport` VALUES (54, 1);
INSERT INTO `equipEsport` VALUES (54, 4);
INSERT INTO `equipEsport` VALUES (55, 2);
INSERT INTO `equipEsport` VALUES (55, 4);
INSERT INTO `equipEsport` VALUES (55, 5);
INSERT INTO `equipEsport` VALUES (56, 1);
INSERT INTO `equipEsport` VALUES (56, 10);
INSERT INTO `equipEsport` VALUES (57, 3);
INSERT INTO `equipEsport` VALUES (58, 6);
INSERT INTO `equipEsport` VALUES (59, 8);
INSERT INTO `equipEsport` VALUES (60, 8);
INSERT INTO `equipEsport` VALUES (60, 10);

-- ----------------------------
-- Table structure for equipFilial
-- ----------------------------
DROP TABLE IF EXISTS `equipFilial`;
CREATE TABLE `equipFilial`  (
  `idEquip` int(11) NOT NULL,
  `idEquipFilial` int(11) NOT NULL,
  PRIMARY KEY (`idEquip`, `idEquipFilial`) USING BTREE,
  INDEX `idEquipFilial`(`idEquipFilial`) USING BTREE,
  CONSTRAINT `equipfilial_ibfk_1` FOREIGN KEY (`idEquip`) REFERENCES `equip` (`idEquip`) ON DELETE RESTRICT ON UPDATE RESTRICT,
  CONSTRAINT `equipfilial_ibfk_2` FOREIGN KEY (`idEquipFilial`) REFERENCES `equip` (`idEquip`) ON DELETE RESTRICT ON UPDATE RESTRICT
) ENGINE = InnoDB CHARACTER SET = utf8mb4 COLLATE = utf8mb4_spanish_ci ROW_FORMAT = Dynamic;

-- ----------------------------
-- Records of equipFilial
-- ----------------------------
INSERT INTO `equipFilial` VALUES (1, 21);
INSERT INTO `equipFilial` VALUES (2, 22);
INSERT INTO `equipFilial` VALUES (3, 23);
INSERT INTO `equipFilial` VALUES (4, 24);
INSERT INTO `equipFilial` VALUES (5, 25);
INSERT INTO `equipFilial` VALUES (6, 26);
INSERT INTO `equipFilial` VALUES (7, 27);
INSERT INTO `equipFilial` VALUES (8, 28);
INSERT INTO `equipFilial` VALUES (9, 29);
INSERT INTO `equipFilial` VALUES (10, 30);
INSERT INTO `equipFilial` VALUES (11, 31);
INSERT INTO `equipFilial` VALUES (12, 32);
INSERT INTO `equipFilial` VALUES (13, 33);
INSERT INTO `equipFilial` VALUES (14, 34);
INSERT INTO `equipFilial` VALUES (15, 35);
INSERT INTO `equipFilial` VALUES (16, 36);
INSERT INTO `equipFilial` VALUES (17, 37);
INSERT INTO `equipFilial` VALUES (18, 38);
INSERT INTO `equipFilial` VALUES (19, 39);
INSERT INTO `equipFilial` VALUES (20, 40);

-- ----------------------------
-- Table structure for equipJugador
-- ----------------------------
DROP TABLE IF EXISTS `equipJugador`;
CREATE TABLE `equipJugador`  (
  `idEquip` int(11) NOT NULL,
  `idJugador` int(11) NOT NULL,
  PRIMARY KEY (`idEquip`, `idJugador`) USING BTREE,
  INDEX `idJugador`(`idJugador`) USING BTREE,
  CONSTRAINT `equipjugador_ibfk_1` FOREIGN KEY (`idEquip`) REFERENCES `equip` (`idEquip`) ON DELETE RESTRICT ON UPDATE RESTRICT,
  CONSTRAINT `equipjugador_ibfk_2` FOREIGN KEY (`idJugador`) REFERENCES `jugador` (`idJugador`) ON DELETE RESTRICT ON UPDATE RESTRICT
) ENGINE = InnoDB CHARACTER SET = utf8mb4 COLLATE = utf8mb4_spanish_ci ROW_FORMAT = Dynamic;

-- ----------------------------
-- Records of equipJugador
-- ----------------------------
INSERT INTO `equipJugador` VALUES (1, 1);
INSERT INTO `equipJugador` VALUES (1, 2);
INSERT INTO `equipJugador` VALUES (1, 3);
INSERT INTO `equipJugador` VALUES (1, 4);
INSERT INTO `equipJugador` VALUES (1, 5);
INSERT INTO `equipJugador` VALUES (1, 6);
INSERT INTO `equipJugador` VALUES (1, 7);
INSERT INTO `equipJugador` VALUES (1, 8);
INSERT INTO `equipJugador` VALUES (1, 9);
INSERT INTO `equipJugador` VALUES (1, 10);
INSERT INTO `equipJugador` VALUES (1, 11);
INSERT INTO `equipJugador` VALUES (2, 114);
INSERT INTO `equipJugador` VALUES (2, 128);
INSERT INTO `equipJugador` VALUES (2, 142);
INSERT INTO `equipJugador` VALUES (2, 156);
INSERT INTO `equipJugador` VALUES (2, 170);
INSERT INTO `equipJugador` VALUES (3, 101);
INSERT INTO `equipJugador` VALUES (3, 115);
INSERT INTO `equipJugador` VALUES (3, 129);
INSERT INTO `equipJugador` VALUES (3, 143);
INSERT INTO `equipJugador` VALUES (3, 157);
INSERT INTO `equipJugador` VALUES (4, 102);
INSERT INTO `equipJugador` VALUES (4, 116);
INSERT INTO `equipJugador` VALUES (4, 130);
INSERT INTO `equipJugador` VALUES (4, 144);
INSERT INTO `equipJugador` VALUES (4, 158);
INSERT INTO `equipJugador` VALUES (5, 103);
INSERT INTO `equipJugador` VALUES (5, 117);
INSERT INTO `equipJugador` VALUES (5, 131);
INSERT INTO `equipJugador` VALUES (5, 145);
INSERT INTO `equipJugador` VALUES (5, 159);
INSERT INTO `equipJugador` VALUES (6, 104);
INSERT INTO `equipJugador` VALUES (6, 118);
INSERT INTO `equipJugador` VALUES (6, 132);
INSERT INTO `equipJugador` VALUES (6, 146);
INSERT INTO `equipJugador` VALUES (6, 160);
INSERT INTO `equipJugador` VALUES (7, 105);
INSERT INTO `equipJugador` VALUES (7, 119);
INSERT INTO `equipJugador` VALUES (7, 133);
INSERT INTO `equipJugador` VALUES (7, 147);
INSERT INTO `equipJugador` VALUES (7, 161);
INSERT INTO `equipJugador` VALUES (8, 106);
INSERT INTO `equipJugador` VALUES (8, 120);
INSERT INTO `equipJugador` VALUES (8, 134);
INSERT INTO `equipJugador` VALUES (8, 148);
INSERT INTO `equipJugador` VALUES (8, 162);
INSERT INTO `equipJugador` VALUES (9, 107);
INSERT INTO `equipJugador` VALUES (9, 121);
INSERT INTO `equipJugador` VALUES (9, 135);
INSERT INTO `equipJugador` VALUES (9, 149);
INSERT INTO `equipJugador` VALUES (9, 163);
INSERT INTO `equipJugador` VALUES (10, 108);
INSERT INTO `equipJugador` VALUES (10, 122);
INSERT INTO `equipJugador` VALUES (10, 136);
INSERT INTO `equipJugador` VALUES (10, 150);
INSERT INTO `equipJugador` VALUES (10, 164);
INSERT INTO `equipJugador` VALUES (11, 109);
INSERT INTO `equipJugador` VALUES (11, 123);
INSERT INTO `equipJugador` VALUES (11, 137);
INSERT INTO `equipJugador` VALUES (11, 151);
INSERT INTO `equipJugador` VALUES (11, 165);
INSERT INTO `equipJugador` VALUES (12, 110);
INSERT INTO `equipJugador` VALUES (12, 124);
INSERT INTO `equipJugador` VALUES (12, 138);
INSERT INTO `equipJugador` VALUES (12, 152);
INSERT INTO `equipJugador` VALUES (12, 166);
INSERT INTO `equipJugador` VALUES (13, 111);
INSERT INTO `equipJugador` VALUES (13, 125);
INSERT INTO `equipJugador` VALUES (13, 139);
INSERT INTO `equipJugador` VALUES (13, 153);
INSERT INTO `equipJugador` VALUES (13, 167);
INSERT INTO `equipJugador` VALUES (14, 112);
INSERT INTO `equipJugador` VALUES (14, 126);
INSERT INTO `equipJugador` VALUES (14, 140);
INSERT INTO `equipJugador` VALUES (14, 154);
INSERT INTO `equipJugador` VALUES (14, 168);
INSERT INTO `equipJugador` VALUES (15, 113);
INSERT INTO `equipJugador` VALUES (15, 127);
INSERT INTO `equipJugador` VALUES (15, 141);
INSERT INTO `equipJugador` VALUES (15, 155);
INSERT INTO `equipJugador` VALUES (15, 169);
INSERT INTO `equipJugador` VALUES (31, 51);
INSERT INTO `equipJugador` VALUES (31, 53);
INSERT INTO `equipJugador` VALUES (32, 54);
INSERT INTO `equipJugador` VALUES (32, 55);
INSERT INTO `equipJugador` VALUES (51, 180);
INSERT INTO `equipJugador` VALUES (51, 190);
INSERT INTO `equipJugador` VALUES (51, 200);
INSERT INTO `equipJugador` VALUES (52, 171);
INSERT INTO `equipJugador` VALUES (52, 181);
INSERT INTO `equipJugador` VALUES (52, 191);
INSERT INTO `equipJugador` VALUES (53, 172);
INSERT INTO `equipJugador` VALUES (53, 182);
INSERT INTO `equipJugador` VALUES (53, 192);
INSERT INTO `equipJugador` VALUES (54, 173);
INSERT INTO `equipJugador` VALUES (54, 183);
INSERT INTO `equipJugador` VALUES (54, 193);
INSERT INTO `equipJugador` VALUES (55, 174);
INSERT INTO `equipJugador` VALUES (55, 184);
INSERT INTO `equipJugador` VALUES (55, 194);
INSERT INTO `equipJugador` VALUES (56, 175);
INSERT INTO `equipJugador` VALUES (56, 185);
INSERT INTO `equipJugador` VALUES (56, 195);
INSERT INTO `equipJugador` VALUES (57, 176);
INSERT INTO `equipJugador` VALUES (57, 186);
INSERT INTO `equipJugador` VALUES (57, 196);
INSERT INTO `equipJugador` VALUES (58, 177);
INSERT INTO `equipJugador` VALUES (58, 187);
INSERT INTO `equipJugador` VALUES (58, 197);
INSERT INTO `equipJugador` VALUES (59, 178);
INSERT INTO `equipJugador` VALUES (59, 188);
INSERT INTO `equipJugador` VALUES (59, 198);
INSERT INTO `equipJugador` VALUES (60, 179);
INSERT INTO `equipJugador` VALUES (60, 189);
INSERT INTO `equipJugador` VALUES (60, 199);

-- ----------------------------
-- Table structure for esdeveniment
-- ----------------------------
DROP TABLE IF EXISTS `esdeveniment`;
CREATE TABLE `esdeveniment`  (
  `idEsdeveniment` int(11) NOT NULL AUTO_INCREMENT,
  `idPartit` int(11) NOT NULL,
  `temps` varchar(255) CHARACTER SET utf8mb4 COLLATE utf8mb4_spanish_ci NOT NULL,
  `idAccio` int(11) NOT NULL,
  `idPenalitzacio` int(11) NULL DEFAULT NULL,
  `actor` varchar(255) CHARACTER SET utf8mb4 COLLATE utf8mb4_spanish_ci NULL DEFAULT NULL,
  PRIMARY KEY (`idEsdeveniment`) USING BTREE,
  INDEX `idPartit`(`idPartit`) USING BTREE,
  INDEX `idAccio`(`idAccio`) USING BTREE,
  INDEX `idPenalitzacio`(`idPenalitzacio`) USING BTREE,
  CONSTRAINT `esdeveniment_ibfk_1` FOREIGN KEY (`idPartit`) REFERENCES `partit` (`idPartit`) ON DELETE RESTRICT ON UPDATE RESTRICT,
  CONSTRAINT `esdeveniment_ibfk_2` FOREIGN KEY (`idAccio`) REFERENCES `accio` (`idAccio`) ON DELETE RESTRICT ON UPDATE RESTRICT,
  CONSTRAINT `esdeveniment_ibfk_3` FOREIGN KEY (`idPenalitzacio`) REFERENCES `penalitzacio` (`idPenalitzacio`) ON DELETE RESTRICT ON UPDATE RESTRICT
) ENGINE = InnoDB AUTO_INCREMENT = 1288 CHARACTER SET = utf8mb4 COLLATE = utf8mb4_spanish_ci ROW_FORMAT = Dynamic;

-- ----------------------------
-- Records of esdeveniment
-- ----------------------------
INSERT INTO `esdeveniment` VALUES (1, 1, '23', 1, NULL, 'Miquel Bauzà');
INSERT INTO `esdeveniment` VALUES (2, 1, '45', 4, NULL, 'Marc Bauzà');
INSERT INTO `esdeveniment` VALUES (3, 2, '02', 2, NULL, 'Iga Swiatek');
INSERT INTO `esdeveniment` VALUES (4, 2, '12', 2, NULL, 'Enric Barceló');
INSERT INTO `esdeveniment` VALUES (5, 3, '15', 3, NULL, 'Paula Badosa');
INSERT INTO `esdeveniment` VALUES (6, 3, '30', 6, NULL, 'Trent Alexander');
INSERT INTO `esdeveniment` VALUES (7, 4, '05', 3, NULL, 'Naomi Osaka');
INSERT INTO `esdeveniment` VALUES (8, 4, '88', 6, NULL, 'Pau Coll');
INSERT INTO `esdeveniment` VALUES (9, 1, '89', 1, NULL, 'Mohamed Salah');
INSERT INTO `esdeveniment` VALUES (10, 5, '10', 1, NULL, 'Jordi Barceló');
INSERT INTO `esdeveniment` VALUES (11, 1, '43\'', 1, NULL, 'Pere Vidal');
INSERT INTO `esdeveniment` VALUES (12, 1, '28\'', 1, NULL, 'Marc Munar');
INSERT INTO `esdeveniment` VALUES (13, 2, '65\'', 2, NULL, 'Lluc Vidal');
INSERT INTO `esdeveniment` VALUES (14, 2, '78\'', 5, 232, 'Marc Sastre');
INSERT INTO `esdeveniment` VALUES (15, 3, '11\'', 3, NULL, 'Miquel Sastre');
INSERT INTO `esdeveniment` VALUES (16, 3, '51\'', 5, 164, 'Andreu Munar');
INSERT INTO `esdeveniment` VALUES (17, 4, '60\'', 2, NULL, 'Hugo Silva');
INSERT INTO `esdeveniment` VALUES (18, 4, '50\'', 6, NULL, 'Bernat Bauzà');
INSERT INTO `esdeveniment` VALUES (19, 5, '53\'', 3, NULL, 'Joan Barceló');
INSERT INTO `esdeveniment` VALUES (20, 5, '27\'', 2, NULL, 'Joan Bauzà');
INSERT INTO `esdeveniment` VALUES (21, 6, '34\'', 1, NULL, 'Bernat Barceló');
INSERT INTO `esdeveniment` VALUES (22, 6, '54\'', 4, NULL, 'Ricky Rubio');
INSERT INTO `esdeveniment` VALUES (23, 7, '5\'', 4, NULL, 'Joan Bauzà');
INSERT INTO `esdeveniment` VALUES (24, 7, '53\'', 2, NULL, 'Enric Bauzà');
INSERT INTO `esdeveniment` VALUES (25, 8, '74\'', 2, NULL, 'Jan Oblak');
INSERT INTO `esdeveniment` VALUES (26, 8, '32\'', 2, NULL, 'Pau Barceló');
INSERT INTO `esdeveniment` VALUES (27, 9, '45\'', 4, NULL, 'Joan Gomila');
INSERT INTO `esdeveniment` VALUES (28, 9, '23\'', 4, 47, 'Bernat Munar');
INSERT INTO `esdeveniment` VALUES (29, 10, '32\'', 6, NULL, 'Jannik Sinner');
INSERT INTO `esdeveniment` VALUES (30, 10, '58\'', 3, NULL, 'Andreu Munar');
INSERT INTO `esdeveniment` VALUES (31, 11, '2\'', 6, NULL, 'Marc Vidal');
INSERT INTO `esdeveniment` VALUES (32, 11, '53\'', 2, NULL, 'Enric Munar');
INSERT INTO `esdeveniment` VALUES (33, 12, '5\'', 5, 237, 'Jordi Munar');
INSERT INTO `esdeveniment` VALUES (34, 12, '80\'', 1, NULL, 'Bernat Coll');
INSERT INTO `esdeveniment` VALUES (35, 13, '43\'', 2, NULL, 'Pau Bauzà');
INSERT INTO `esdeveniment` VALUES (36, 13, '2\'', 2, NULL, 'Joan Vidal');
INSERT INTO `esdeveniment` VALUES (37, 14, '9\'', 6, NULL, 'Elena Rybakina');
INSERT INTO `esdeveniment` VALUES (38, 14, '81\'', 6, NULL, 'Rafael Nadal');
INSERT INTO `esdeveniment` VALUES (39, 15, '22\'', 2, NULL, 'Bernat Barceló');
INSERT INTO `esdeveniment` VALUES (40, 15, '45\'', 5, 246, 'Brais Méndez');
INSERT INTO `esdeveniment` VALUES (41, 16, '35\'', 4, NULL, 'Jordi Gomila');
INSERT INTO `esdeveniment` VALUES (42, 16, '78\'', 4, NULL, 'Toni Kroos');
INSERT INTO `esdeveniment` VALUES (43, 17, '9\'', 6, NULL, 'Jordi Bauzà');
INSERT INTO `esdeveniment` VALUES (44, 17, '5\'', 5, 230, 'Lluc Coll');
INSERT INTO `esdeveniment` VALUES (45, 18, '16\'', 6, NULL, 'Lluc Munar');
INSERT INTO `esdeveniment` VALUES (46, 18, '2\'', 3, NULL, 'Jayson Tatum');
INSERT INTO `esdeveniment` VALUES (47, 19, '70\'', 5, 170, 'Bernat Barceló');
INSERT INTO `esdeveniment` VALUES (48, 19, '52\'', 4, NULL, 'Lluc Barceló');
INSERT INTO `esdeveniment` VALUES (49, 20, '11\'', 6, NULL, 'Bernat Coll');
INSERT INTO `esdeveniment` VALUES (50, 20, '14\'', 1, NULL, 'Mikel Oyarzabal');
INSERT INTO `esdeveniment` VALUES (51, 21, '81\'', 2, NULL, 'Shai Gilgeous');
INSERT INTO `esdeveniment` VALUES (52, 21, '76\'', 2, NULL, 'Andreu Barceló');
INSERT INTO `esdeveniment` VALUES (53, 22, '0\'', 1, NULL, 'Marc Barceló');
INSERT INTO `esdeveniment` VALUES (54, 22, '31\'', 4, NULL, 'Pere Pons');
INSERT INTO `esdeveniment` VALUES (55, 23, '66\'', 6, NULL, 'Daniil Medvedev');
INSERT INTO `esdeveniment` VALUES (56, 23, '71\'', 6, NULL, 'Stephen Curry');
INSERT INTO `esdeveniment` VALUES (57, 24, '32\'', 6, NULL, 'Pere Vidal');
INSERT INTO `esdeveniment` VALUES (58, 24, '74\'', 2, NULL, 'Lluc Sastre');
INSERT INTO `esdeveniment` VALUES (59, 25, '37\'', 4, NULL, 'Bernat Gomila');
INSERT INTO `esdeveniment` VALUES (60, 25, '48\'', 6, NULL, 'Joan Bauzà');
INSERT INTO `esdeveniment` VALUES (61, 26, '34\'', 6, NULL, 'Lluc Gomila');
INSERT INTO `esdeveniment` VALUES (62, 26, '40\'', 3, NULL, 'Ja Morant');
INSERT INTO `esdeveniment` VALUES (63, 27, '8\'', 1, NULL, 'Aryna Sabalenka');
INSERT INTO `esdeveniment` VALUES (64, 27, '76\'', 2, NULL, 'Mikel Oyarzabal');
INSERT INTO `esdeveniment` VALUES (65, 28, '29\'', 1, NULL, 'Aryna Sabalenka');
INSERT INTO `esdeveniment` VALUES (66, 28, '47\'', 3, NULL, 'Leo Messi');
INSERT INTO `esdeveniment` VALUES (67, 29, '13\'', 5, 222, 'Pau Coll');
INSERT INTO `esdeveniment` VALUES (68, 29, '14\'', 4, NULL, 'Holger Rune');
INSERT INTO `esdeveniment` VALUES (69, 30, '50\'', 1, NULL, 'Alexander Zverev');
INSERT INTO `esdeveniment` VALUES (70, 30, '28\'', 4, NULL, 'Joan Bauzà');
INSERT INTO `esdeveniment` VALUES (71, 31, '0\'', 2, NULL, 'Pau Coll');
INSERT INTO `esdeveniment` VALUES (72, 31, '17\'', 2, NULL, 'Marc Barceló');
INSERT INTO `esdeveniment` VALUES (73, 32, '66\'', 6, NULL, 'Sergi Aguiló');
INSERT INTO `esdeveniment` VALUES (74, 32, '24\'', 4, NULL, 'Miquel Bauzà');
INSERT INTO `esdeveniment` VALUES (75, 33, '43\'', 3, NULL, 'Sergi Aguiló');
INSERT INTO `esdeveniment` VALUES (76, 33, '69\'', 4, 27, 'Marc Sastre');
INSERT INTO `esdeveniment` VALUES (77, 34, '21\'', 4, NULL, 'Elena Rybakina');
INSERT INTO `esdeveniment` VALUES (78, 34, '51\'', 6, NULL, 'Miquel Gomila');
INSERT INTO `esdeveniment` VALUES (79, 35, '75\'', 3, NULL, 'Jordi Comas');
INSERT INTO `esdeveniment` VALUES (80, 35, '61\'', 1, NULL, 'Unai Simón');
INSERT INTO `esdeveniment` VALUES (81, 36, '36\'', 5, 166, 'Borja Iglesias');
INSERT INTO `esdeveniment` VALUES (82, 36, '44\'', 2, NULL, 'Giannis Antetokounmpo');
INSERT INTO `esdeveniment` VALUES (83, 37, '76\'', 3, NULL, 'Luka Modric');
INSERT INTO `esdeveniment` VALUES (84, 37, '55\'', 5, 176, 'Lluc Munar');
INSERT INTO `esdeveniment` VALUES (85, 38, '7\'', 1, NULL, 'Lluc Bauzà');
INSERT INTO `esdeveniment` VALUES (86, 38, '10\'', 3, NULL, 'Joan Vidal');
INSERT INTO `esdeveniment` VALUES (87, 39, '38\'', 1, NULL, 'Oriol Grau');
INSERT INTO `esdeveniment` VALUES (88, 39, '88\'', 5, 183, 'Miquel Coll');
INSERT INTO `esdeveniment` VALUES (89, 40, '72\'', 5, 201, 'Toni Kroos');
INSERT INTO `esdeveniment` VALUES (90, 40, '39\'', 6, NULL, 'Pere Munar');
INSERT INTO `esdeveniment` VALUES (91, 41, '1\'', 4, NULL, 'Pau Mas');
INSERT INTO `esdeveniment` VALUES (92, 41, '40\'', 5, 190, 'Miquel Gomila');
INSERT INTO `esdeveniment` VALUES (93, 42, '34\'', 5, 236, 'Jannik Sinner');
INSERT INTO `esdeveniment` VALUES (94, 42, '21\'', 1, NULL, 'Karim Benzema');
INSERT INTO `esdeveniment` VALUES (95, 43, '2\'', 5, 225, 'Robin Le Normand');
INSERT INTO `esdeveniment` VALUES (96, 43, '29\'', 4, NULL, 'Marc Vidal');
INSERT INTO `esdeveniment` VALUES (97, 44, '83\'', 6, NULL, 'Andreu Barceló');
INSERT INTO `esdeveniment` VALUES (98, 44, '62\'', 5, 184, 'Nico Williams');
INSERT INTO `esdeveniment` VALUES (99, 45, '82\'', 2, NULL, 'Pau Munar');
INSERT INTO `esdeveniment` VALUES (100, 45, '14\'', 2, NULL, 'Bernat Coll');
INSERT INTO `esdeveniment` VALUES (101, 46, '70\'', 1, NULL, 'Jordi Barceló');
INSERT INTO `esdeveniment` VALUES (102, 46, '30\'', 2, NULL, 'Pere Gomila');
INSERT INTO `esdeveniment` VALUES (103, 47, '45\'', 4, NULL, 'Joan Sastre');
INSERT INTO `esdeveniment` VALUES (104, 47, '54\'', 1, NULL, 'Jordi Gomila');
INSERT INTO `esdeveniment` VALUES (105, 48, '84\'', 2, NULL, 'Marc Coll');
INSERT INTO `esdeveniment` VALUES (106, 48, '30\'', 1, NULL, 'Bernat Barceló');
INSERT INTO `esdeveniment` VALUES (107, 49, '7\'', 3, NULL, 'Marc-André Ter Stegen');
INSERT INTO `esdeveniment` VALUES (108, 49, '49\'', 4, NULL, 'Bernat Barceló');
INSERT INTO `esdeveniment` VALUES (109, 50, '53\'', 1, NULL, 'Lluc Coll');
INSERT INTO `esdeveniment` VALUES (110, 50, '25\'', 3, NULL, 'Joan Munar');
INSERT INTO `esdeveniment` VALUES (111, 51, '3\'', 1, NULL, 'Carlos Alcaraz');
INSERT INTO `esdeveniment` VALUES (112, 51, '27\'', 2, NULL, 'Giannis Antetokounmpo');
INSERT INTO `esdeveniment` VALUES (113, 52, '41\'', 3, NULL, 'Joan Gomila');
INSERT INTO `esdeveniment` VALUES (114, 52, '85\'', 3, NULL, 'Isco Alarcón');
INSERT INTO `esdeveniment` VALUES (115, 53, '83\'', 4, NULL, 'Pau Munar');
INSERT INTO `esdeveniment` VALUES (116, 53, '10\'', 6, NULL, 'Andreu Barceló');
INSERT INTO `esdeveniment` VALUES (117, 54, '77\'', 5, 246, 'Coco Gauff');
INSERT INTO `esdeveniment` VALUES (118, 54, '20\'', 6, NULL, 'Marc Barceló');
INSERT INTO `esdeveniment` VALUES (119, 55, '59\'', 5, 184, 'Brais Méndez');
INSERT INTO `esdeveniment` VALUES (120, 55, '52\'', 5, 178, 'Iga Swiatek');
INSERT INTO `esdeveniment` VALUES (121, 56, '0\'', 5, 184, 'Joan Vidal');
INSERT INTO `esdeveniment` VALUES (122, 56, '74\'', 5, 242, 'Brais Méndez');
INSERT INTO `esdeveniment` VALUES (123, 57, '57\'', 5, 210, 'Pere Munar');
INSERT INTO `esdeveniment` VALUES (124, 57, '64\'', 3, NULL, 'Marc Pons');
INSERT INTO `esdeveniment` VALUES (125, 58, '71\'', 5, 212, 'Pere Barceló');
INSERT INTO `esdeveniment` VALUES (126, 58, '65\'', 2, NULL, 'Paula Badosa');
INSERT INTO `esdeveniment` VALUES (127, 59, '62\'', 6, NULL, 'Dani Carvajal');
INSERT INTO `esdeveniment` VALUES (128, 59, '49\'', 6, NULL, 'Ricky Rubio');
INSERT INTO `esdeveniment` VALUES (129, 60, '22\'', 2, NULL, 'Joan Pons');
INSERT INTO `esdeveniment` VALUES (130, 60, '77\'', 2, NULL, 'Marc Pons');
INSERT INTO `esdeveniment` VALUES (131, 61, '6\'', 3, NULL, 'Fran Navarro');
INSERT INTO `esdeveniment` VALUES (132, 61, '51\'', 5, 173, 'Miquel Coll');
INSERT INTO `esdeveniment` VALUES (133, 62, '29\'', 2, NULL, 'Bernat Barceló');
INSERT INTO `esdeveniment` VALUES (134, 62, '86\'', 2, NULL, 'Joan Vidal');
INSERT INTO `esdeveniment` VALUES (135, 63, '23\'', 4, NULL, 'Kawhi Leonard');
INSERT INTO `esdeveniment` VALUES (136, 63, '38\'', 2, NULL, 'Iga Swiatek');
INSERT INTO `esdeveniment` VALUES (137, 64, '73\'', 3, NULL, 'Miquel Munar');
INSERT INTO `esdeveniment` VALUES (138, 64, '51\'', 4, NULL, 'Lluc Sastre');
INSERT INTO `esdeveniment` VALUES (139, 65, '48\'', 5, 226, 'Bernat Coll');
INSERT INTO `esdeveniment` VALUES (140, 65, '1\'', 6, NULL, 'Victor Wembanyama');
INSERT INTO `esdeveniment` VALUES (141, 66, '39\'', 4, NULL, 'Pau Gomila');
INSERT INTO `esdeveniment` VALUES (142, 66, '26\'', 6, NULL, 'Brais Méndez');
INSERT INTO `esdeveniment` VALUES (143, 67, '60\'', 4, NULL, 'Kevin De Bruyne');
INSERT INTO `esdeveniment` VALUES (144, 67, '11\'', 5, 196, 'Lluc Vidal');
INSERT INTO `esdeveniment` VALUES (145, 68, '35\'', 5, 188, 'Guillem Bordoy');
INSERT INTO `esdeveniment` VALUES (146, 68, '29\'', 4, NULL, 'Elena Rybakina');
INSERT INTO `esdeveniment` VALUES (147, 69, '66\'', 1, NULL, 'Pere Coll');
INSERT INTO `esdeveniment` VALUES (148, 69, '88\'', 5, 160, 'Sergi Aguiló');
INSERT INTO `esdeveniment` VALUES (149, 70, '5\'', 6, NULL, 'Enric Munar');
INSERT INTO `esdeveniment` VALUES (150, 70, '35\'', 2, NULL, 'Jordi Pons');
INSERT INTO `esdeveniment` VALUES (151, 71, '76\'', 4, NULL, 'Joan Barceló');
INSERT INTO `esdeveniment` VALUES (152, 71, '52\'', 1, NULL, 'Miquel Barceló');
INSERT INTO `esdeveniment` VALUES (153, 72, '39\'', 1, NULL, 'Bernat Barceló');
INSERT INTO `esdeveniment` VALUES (154, 72, '5\'', 1, NULL, 'Kylian Mbappe');
INSERT INTO `esdeveniment` VALUES (155, 73, '20\'', 6, NULL, 'Bernat Barceló');
INSERT INTO `esdeveniment` VALUES (156, 73, '77\'', 4, NULL, 'Joan Vidal');
INSERT INTO `esdeveniment` VALUES (157, 74, '28\'', 5, 205, 'Jordi Barceló');
INSERT INTO `esdeveniment` VALUES (158, 74, '18\'', 4, 191, 'Stephen Curry');
INSERT INTO `esdeveniment` VALUES (159, 75, '89\'', 3, NULL, 'Andreu Barceló');
INSERT INTO `esdeveniment` VALUES (160, 75, '11\'', 3, NULL, 'Lluc Bauzà');
INSERT INTO `esdeveniment` VALUES (161, 76, '35\'', 6, NULL, 'Miquel Sastre');
INSERT INTO `esdeveniment` VALUES (162, 76, '26\'', 5, 189, 'Marc Vidal');
INSERT INTO `esdeveniment` VALUES (163, 77, '11\'', 2, NULL, 'Enric Munar');
INSERT INTO `esdeveniment` VALUES (164, 77, '63\'', 6, NULL, 'Hugo Silva');
INSERT INTO `esdeveniment` VALUES (165, 78, '31\'', 1, NULL, 'Luka Doncic');
INSERT INTO `esdeveniment` VALUES (166, 78, '32\'', 4, NULL, 'Damià Vila');
INSERT INTO `esdeveniment` VALUES (167, 79, '54\'', 3, NULL, 'Pere Munar');
INSERT INTO `esdeveniment` VALUES (168, 79, '27\'', 2, NULL, 'Enric Coll');
INSERT INTO `esdeveniment` VALUES (169, 80, '31\'', 6, NULL, 'Stephen Curry');
INSERT INTO `esdeveniment` VALUES (170, 80, '78\'', 3, NULL, 'Enric Vidal');
INSERT INTO `esdeveniment` VALUES (171, 81, '41\'', 1, NULL, 'Coco Gauff');
INSERT INTO `esdeveniment` VALUES (172, 81, '86\'', 4, NULL, 'Robin Le Normand');
INSERT INTO `esdeveniment` VALUES (173, 82, '3\'', 3, NULL, 'Pere Vidal');
INSERT INTO `esdeveniment` VALUES (174, 82, '5\'', 1, NULL, 'Lluc Bauzà');
INSERT INTO `esdeveniment` VALUES (175, 83, '75\'', 2, NULL, 'Andreu Munar');
INSERT INTO `esdeveniment` VALUES (176, 83, '38\'', 4, NULL, 'Jayson Tatum');
INSERT INTO `esdeveniment` VALUES (177, 84, '53\'', 2, NULL, 'Novak Djokovic');
INSERT INTO `esdeveniment` VALUES (178, 84, '29\'', 6, NULL, 'Marc-André Ter Stegen');
INSERT INTO `esdeveniment` VALUES (179, 85, '82\'', 4, NULL, 'Zion Williamson');
INSERT INTO `esdeveniment` VALUES (180, 85, '36\'', 1, NULL, 'Lluc Barceló');
INSERT INTO `esdeveniment` VALUES (181, 86, '35\'', 4, NULL, 'Zion Williamson');
INSERT INTO `esdeveniment` VALUES (182, 86, '79\'', 4, NULL, 'Marc Munar');
INSERT INTO `esdeveniment` VALUES (183, 87, '14\'', 1, NULL, 'Alisson Becker');
INSERT INTO `esdeveniment` VALUES (184, 87, '21\'', 5, 221, 'Joan Barceló');
INSERT INTO `esdeveniment` VALUES (185, 88, '10\'', 2, NULL, 'Bernat Bauzà');
INSERT INTO `esdeveniment` VALUES (186, 88, '5\'', 3, NULL, 'Joan Munar');
INSERT INTO `esdeveniment` VALUES (187, 89, '2\'', 5, 196, 'Anthony Davis');
INSERT INTO `esdeveniment` VALUES (188, 89, '2\'', 5, 232, 'Virgil Van Dijk');
INSERT INTO `esdeveniment` VALUES (189, 90, '29\'', 4, NULL, 'Neymar Silva');
INSERT INTO `esdeveniment` VALUES (190, 90, '82\'', 6, NULL, 'Joan Coll');
INSERT INTO `esdeveniment` VALUES (191, 91, '48\'', 1, NULL, 'Trent Alexander');
INSERT INTO `esdeveniment` VALUES (192, 91, '89\'', 4, NULL, 'Joan Gomila');
INSERT INTO `esdeveniment` VALUES (193, 92, '88\'', 1, NULL, 'Venus Williams');
INSERT INTO `esdeveniment` VALUES (194, 92, '62\'', 1, NULL, 'Son Heung');
INSERT INTO `esdeveniment` VALUES (195, 93, '26\'', 2, NULL, 'Maria Sakkari');
INSERT INTO `esdeveniment` VALUES (196, 93, '30\'', 6, NULL, 'Mikel Oyarzabal');
INSERT INTO `esdeveniment` VALUES (197, 94, '76\'', 2, NULL, 'Damià Vila');
INSERT INTO `esdeveniment` VALUES (198, 94, '2\'', 2, NULL, 'Bernat Barceló');
INSERT INTO `esdeveniment` VALUES (199, 95, '80\'', 6, NULL, 'Pau Barceló');
INSERT INTO `esdeveniment` VALUES (200, 95, '60\'', 5, 172, 'Toni Riera');
INSERT INTO `esdeveniment` VALUES (201, 96, '68\'', 4, NULL, 'Lluc Coll');
INSERT INTO `esdeveniment` VALUES (202, 96, '31\'', 1, NULL, 'Coco Gauff');
INSERT INTO `esdeveniment` VALUES (203, 97, '67\'', 2, NULL, 'Enric Pons');
INSERT INTO `esdeveniment` VALUES (204, 97, '19\'', 2, NULL, 'Lluc Mir');
INSERT INTO `esdeveniment` VALUES (205, 98, '33\'', 2, NULL, 'Damian Lillard');
INSERT INTO `esdeveniment` VALUES (206, 98, '1\'', 3, NULL, 'Bernat Barceló');
INSERT INTO `esdeveniment` VALUES (207, 99, '83\'', 3, NULL, 'Andreu Munar');
INSERT INTO `esdeveniment` VALUES (208, 99, '49\'', 2, NULL, 'Rafel Salom');
INSERT INTO `esdeveniment` VALUES (209, 100, '0\'', 1, NULL, 'Kylian Mbappe');
INSERT INTO `esdeveniment` VALUES (210, 100, '9\'', 3, NULL, 'Carlos Alcaraz');
INSERT INTO `esdeveniment` VALUES (211, 101, '83\'', 2, NULL, 'Lluc Coll');
INSERT INTO `esdeveniment` VALUES (212, 101, '66\'', 5, 246, 'Thibaut Courtois');
INSERT INTO `esdeveniment` VALUES (213, 102, '53\'', 5, 160, 'Pau Vidal');
INSERT INTO `esdeveniment` VALUES (214, 102, '60\'', 2, NULL, 'Pau Vidal');
INSERT INTO `esdeveniment` VALUES (215, 103, '34\'', 1, NULL, 'Pere Pons');
INSERT INTO `esdeveniment` VALUES (216, 103, '32\'', 3, NULL, 'Andreu Barceló');
INSERT INTO `esdeveniment` VALUES (217, 104, '24\'', 6, NULL, 'Sergi Aguiló');
INSERT INTO `esdeveniment` VALUES (218, 104, '89\'', 1, NULL, 'Pere Coll');
INSERT INTO `esdeveniment` VALUES (219, 105, '47\'', 2, NULL, 'Pau Barceló');
INSERT INTO `esdeveniment` VALUES (220, 105, '88\'', 6, NULL, 'Isco Alarcón');
INSERT INTO `esdeveniment` VALUES (221, 106, '2\'', 1, NULL, 'Marc Sastre');
INSERT INTO `esdeveniment` VALUES (222, 106, '48\'', 3, NULL, 'Jan Oblak');
INSERT INTO `esdeveniment` VALUES (223, 107, '10\'', 4, NULL, 'Nikola Jokic');
INSERT INTO `esdeveniment` VALUES (224, 107, '36\'', 3, NULL, 'Pau Vidal');
INSERT INTO `esdeveniment` VALUES (225, 108, '63\'', 3, NULL, 'Nico Williams');
INSERT INTO `esdeveniment` VALUES (226, 108, '64\'', 3, NULL, 'Joan Pons');
INSERT INTO `esdeveniment` VALUES (227, 109, '21\'', 5, 243, 'Pau Vidal');
INSERT INTO `esdeveniment` VALUES (228, 109, '17\'', 4, NULL, 'Lluc Munar');
INSERT INTO `esdeveniment` VALUES (229, 110, '44\'', 4, NULL, 'Xavi Font');
INSERT INTO `esdeveniment` VALUES (230, 110, '64\'', 5, 241, 'Enric Coll');
INSERT INTO `esdeveniment` VALUES (231, 111, '18\'', 1, NULL, 'Maria Sakkari');
INSERT INTO `esdeveniment` VALUES (232, 111, '43\'', 2, NULL, 'Marc Gasol');
INSERT INTO `esdeveniment` VALUES (233, 112, '20\'', 1, NULL, 'Joan Pons');
INSERT INTO `esdeveniment` VALUES (234, 112, '82\'', 2, NULL, 'Pau Coll');
INSERT INTO `esdeveniment` VALUES (235, 113, '34\'', 2, NULL, 'Bernat Munar');
INSERT INTO `esdeveniment` VALUES (236, 113, '7\'', 5, 214, 'Miquel Vidal');
INSERT INTO `esdeveniment` VALUES (237, 114, '19\'', 6, NULL, 'Jordi Coll');
INSERT INTO `esdeveniment` VALUES (238, 114, '30\'', 5, 188, 'Joan Munar');
INSERT INTO `esdeveniment` VALUES (239, 115, '34\'', 6, NULL, 'Lluc Munar');
INSERT INTO `esdeveniment` VALUES (240, 115, '17\'', 3, NULL, 'Ja Morant');
INSERT INTO `esdeveniment` VALUES (241, 116, '28\'', 3, NULL, 'Harry Kane');
INSERT INTO `esdeveniment` VALUES (242, 116, '22\'', 6, NULL, 'Enric Munar');
INSERT INTO `esdeveniment` VALUES (243, 117, '89\'', 1, NULL, 'Miquel Barceló');
INSERT INTO `esdeveniment` VALUES (244, 117, '44\'', 2, NULL, 'Pere Coll');
INSERT INTO `esdeveniment` VALUES (245, 118, '49\'', 1, NULL, 'Maria Sakkari');
INSERT INTO `esdeveniment` VALUES (246, 118, '86\'', 3, NULL, 'Venus Williams');
INSERT INTO `esdeveniment` VALUES (247, 119, '24\'', 1, NULL, 'Miquel Barceló');
INSERT INTO `esdeveniment` VALUES (248, 119, '43\'', 2, NULL, 'Joan Vidal');
INSERT INTO `esdeveniment` VALUES (249, 120, '66\'', 6, NULL, 'Lluc Vidal');
INSERT INTO `esdeveniment` VALUES (250, 120, '63\'', 4, NULL, 'Ons Jabeur');
INSERT INTO `esdeveniment` VALUES (251, 121, '59\'', 4, NULL, 'Ricky Rubio');
INSERT INTO `esdeveniment` VALUES (252, 121, '15\'', 6, NULL, 'Marc Bauzà');
INSERT INTO `esdeveniment` VALUES (253, 122, '34\'', 6, NULL, 'Damian Lillard');
INSERT INTO `esdeveniment` VALUES (254, 122, '67\'', 5, 219, 'Lluc Vidal');
INSERT INTO `esdeveniment` VALUES (255, 123, '63\'', 1, NULL, 'Xavi Font');
INSERT INTO `esdeveniment` VALUES (256, 123, '59\'', 6, NULL, 'Rafael Nadal');
INSERT INTO `esdeveniment` VALUES (257, 124, '18\'', 4, NULL, 'Bernat Riera');
INSERT INTO `esdeveniment` VALUES (258, 124, '88\'', 3, NULL, 'Pau Mas');
INSERT INTO `esdeveniment` VALUES (259, 125, '69\'', 6, NULL, 'Iga Swiatek');
INSERT INTO `esdeveniment` VALUES (260, 125, '81\'', 6, NULL, 'Joan Gomila');
INSERT INTO `esdeveniment` VALUES (261, 126, '19\'', 1, NULL, 'Bernat Barceló');
INSERT INTO `esdeveniment` VALUES (262, 126, '0\'', 4, 10, 'Miquel Coll');
INSERT INTO `esdeveniment` VALUES (263, 127, '11\'', 5, 205, 'Lluc Gomila');
INSERT INTO `esdeveniment` VALUES (264, 127, '29\'', 3, NULL, 'Jordi Munar');
INSERT INTO `esdeveniment` VALUES (265, 128, '18\'', 5, 154, 'Alexander Zverev');
INSERT INTO `esdeveniment` VALUES (266, 128, '82\'', 3, NULL, 'Enric Vidal');
INSERT INTO `esdeveniment` VALUES (267, 129, '58\'', 5, 197, 'Hugo Silva');
INSERT INTO `esdeveniment` VALUES (268, 129, '87\'', 4, NULL, 'Elena Rybakina');
INSERT INTO `esdeveniment` VALUES (269, 130, '63\'', 6, NULL, 'Pere Coll');
INSERT INTO `esdeveniment` VALUES (270, 130, '57\'', 3, NULL, 'Gavi Páez');
INSERT INTO `esdeveniment` VALUES (271, 131, '76\'', 2, NULL, 'Bernat Coll');
INSERT INTO `esdeveniment` VALUES (272, 131, '28\'', 1, NULL, 'Elena Rybakina');
INSERT INTO `esdeveniment` VALUES (273, 132, '29\'', 3, NULL, 'Bernat Barceló');
INSERT INTO `esdeveniment` VALUES (274, 132, '40\'', 5, 234, 'Bernat Barceló');
INSERT INTO `esdeveniment` VALUES (275, 133, '54\'', 4, NULL, 'Lluc Bauzà');
INSERT INTO `esdeveniment` VALUES (276, 133, '37\'', 1, NULL, 'Pere Bauzà');
INSERT INTO `esdeveniment` VALUES (277, 134, '49\'', 2, NULL, 'Toni Riera');
INSERT INTO `esdeveniment` VALUES (278, 134, '61\'', 4, NULL, 'Trent Alexander');
INSERT INTO `esdeveniment` VALUES (279, 135, '8\'', 4, NULL, 'Nikola Jokic');
INSERT INTO `esdeveniment` VALUES (280, 135, '45\'', 6, NULL, 'Aryna Sabalenka');
INSERT INTO `esdeveniment` VALUES (281, 136, '77\'', 4, NULL, 'Mateu Bestard');
INSERT INTO `esdeveniment` VALUES (282, 136, '62\'', 4, NULL, 'Jaume Gelabert');
INSERT INTO `esdeveniment` VALUES (283, 137, '38\'', 4, NULL, 'Bernat Coll');
INSERT INTO `esdeveniment` VALUES (284, 137, '86\'', 6, NULL, 'Bernat Munar');
INSERT INTO `esdeveniment` VALUES (285, 138, '31\'', 2, NULL, 'Andreu Bauzà');
INSERT INTO `esdeveniment` VALUES (286, 138, '88\'', 2, NULL, 'Joan Gomila');
INSERT INTO `esdeveniment` VALUES (287, 139, '42\'', 4, NULL, 'Marc Vidal');
INSERT INTO `esdeveniment` VALUES (288, 139, '8\'', 6, NULL, 'Miquel Bauzà');
INSERT INTO `esdeveniment` VALUES (289, 140, '53\'', 1, NULL, 'Miquel Barceló');
INSERT INTO `esdeveniment` VALUES (290, 140, '38\'', 1, NULL, 'Enric Barceló');
INSERT INTO `esdeveniment` VALUES (291, 141, '73\'', 1, NULL, 'Pere Vidal');
INSERT INTO `esdeveniment` VALUES (292, 141, '64\'', 3, NULL, 'Andreu Munar');
INSERT INTO `esdeveniment` VALUES (293, 142, '21\'', 5, 162, 'Joan Vidal');
INSERT INTO `esdeveniment` VALUES (294, 142, '0\'', 5, 178, 'Pau Coll');
INSERT INTO `esdeveniment` VALUES (295, 143, '0\'', 4, NULL, 'Pere Munar');
INSERT INTO `esdeveniment` VALUES (296, 143, '9\'', 4, NULL, 'Bernat Riera');
INSERT INTO `esdeveniment` VALUES (297, 144, '80\'', 4, NULL, 'Sergio Ramos');
INSERT INTO `esdeveniment` VALUES (298, 144, '87\'', 2, NULL, 'Coco Gauff');
INSERT INTO `esdeveniment` VALUES (299, 145, '47\'', 5, 165, 'Miquel Munar');
INSERT INTO `esdeveniment` VALUES (300, 145, '13\'', 4, NULL, 'Casemiro Venancio');
INSERT INTO `esdeveniment` VALUES (301, 146, '15\'', 2, NULL, 'Andreu Coll');
INSERT INTO `esdeveniment` VALUES (302, 146, '88\'', 1, NULL, 'Andreu Vidal');
INSERT INTO `esdeveniment` VALUES (303, 147, '13\'', 4, 60, 'Brais Méndez');
INSERT INTO `esdeveniment` VALUES (304, 147, '78\'', 3, NULL, 'Kylian Mbappe');
INSERT INTO `esdeveniment` VALUES (305, 148, '24\'', 2, NULL, 'Jordi Vidal');
INSERT INTO `esdeveniment` VALUES (306, 148, '31\'', 1, NULL, 'Nico Williams');
INSERT INTO `esdeveniment` VALUES (307, 149, '21\'', 1, NULL, 'Roger Federer');
INSERT INTO `esdeveniment` VALUES (308, 149, '39\'', 1, NULL, 'Alphonso Davies');
INSERT INTO `esdeveniment` VALUES (309, 150, '14\'', 4, NULL, 'Lluc Vidal');
INSERT INTO `esdeveniment` VALUES (310, 150, '14\'', 2, NULL, 'Alphonso Davies');
INSERT INTO `esdeveniment` VALUES (311, 151, '51\'', 2, NULL, 'Jordi Barceló');
INSERT INTO `esdeveniment` VALUES (312, 151, '32\'', 1, NULL, 'Roger Federer');
INSERT INTO `esdeveniment` VALUES (313, 152, '62\'', 1, NULL, 'Toni Riera');
INSERT INTO `esdeveniment` VALUES (314, 152, '1\'', 1, NULL, 'Lluc Sastre');
INSERT INTO `esdeveniment` VALUES (315, 153, '5\'', 2, NULL, 'Pere Vidal');
INSERT INTO `esdeveniment` VALUES (316, 153, '3\'', 3, NULL, 'Pere Gomila');
INSERT INTO `esdeveniment` VALUES (317, 154, '20\'', 5, 232, 'Unai Simón');
INSERT INTO `esdeveniment` VALUES (318, 154, '0\'', 5, 170, 'Miquel Munar');
INSERT INTO `esdeveniment` VALUES (319, 155, '8\'', 6, NULL, 'Jordi Bauzà');
INSERT INTO `esdeveniment` VALUES (320, 155, '61\'', 3, NULL, 'David Alaba');
INSERT INTO `esdeveniment` VALUES (321, 156, '19\'', 5, 169, 'Jordi Pons');
INSERT INTO `esdeveniment` VALUES (322, 156, '75\'', 1, NULL, 'Anthony Davis');
INSERT INTO `esdeveniment` VALUES (323, 157, '0\'', 5, 157, 'Thibaut Courtois');
INSERT INTO `esdeveniment` VALUES (324, 157, '45\'', 3, NULL, 'Bernat Coll');
INSERT INTO `esdeveniment` VALUES (325, 158, '47\'', 3, NULL, 'Sebastià Sureda');
INSERT INTO `esdeveniment` VALUES (326, 158, '41\'', 1, NULL, 'Marc Barceló');
INSERT INTO `esdeveniment` VALUES (327, 159, '88\'', 5, 173, 'Lluc Munar');
INSERT INTO `esdeveniment` VALUES (328, 159, '42\'', 2, NULL, 'Miquel Coll');
INSERT INTO `esdeveniment` VALUES (329, 160, '6\'', 3, NULL, 'Marc Coll');
INSERT INTO `esdeveniment` VALUES (330, 160, '9\'', 1, NULL, 'Pere Barceló');
INSERT INTO `esdeveniment` VALUES (331, 161, '34\'', 3, NULL, 'Joan Pons');
INSERT INTO `esdeveniment` VALUES (332, 161, '25\'', 6, NULL, 'Pere Munar');
INSERT INTO `esdeveniment` VALUES (333, 162, '81\'', 5, 245, 'Marc Barceló');
INSERT INTO `esdeveniment` VALUES (334, 162, '67\'', 5, 190, 'Miquel Bauzà');
INSERT INTO `esdeveniment` VALUES (335, 163, '8\'', 3, NULL, 'Nikola Jokic');
INSERT INTO `esdeveniment` VALUES (336, 163, '89\'', 4, NULL, 'Pere Gomila');
INSERT INTO `esdeveniment` VALUES (337, 164, '87\'', 1, NULL, 'Miquel Coll');
INSERT INTO `esdeveniment` VALUES (338, 164, '55\'', 5, 173, 'Enric Vidal');
INSERT INTO `esdeveniment` VALUES (339, 165, '88\'', 4, NULL, 'Pere Sastre');
INSERT INTO `esdeveniment` VALUES (340, 165, '3\'', 3, NULL, 'Bernat Riera');
INSERT INTO `esdeveniment` VALUES (341, 166, '86\'', 4, NULL, 'Robin Le Normand');
INSERT INTO `esdeveniment` VALUES (342, 166, '82\'', 6, NULL, 'Marc Vidal');
INSERT INTO `esdeveniment` VALUES (343, 167, '66\'', 1, NULL, 'Giannis Antetokounmpo');
INSERT INTO `esdeveniment` VALUES (344, 167, '75\'', 1, NULL, 'Luka Modric');
INSERT INTO `esdeveniment` VALUES (345, 168, '24\'', 6, NULL, 'Joel Embiid');
INSERT INTO `esdeveniment` VALUES (346, 168, '52\'', 2, NULL, 'Pere Coll');
INSERT INTO `esdeveniment` VALUES (347, 169, '49\'', 6, NULL, 'LeBron James');
INSERT INTO `esdeveniment` VALUES (348, 169, '20\'', 2, NULL, 'Fran Navarro');
INSERT INTO `esdeveniment` VALUES (349, 170, '30\'', 1, NULL, 'Enric Coll');
INSERT INTO `esdeveniment` VALUES (350, 170, '31\'', 4, NULL, 'Carlos Alcaraz');
INSERT INTO `esdeveniment` VALUES (351, 171, '48\'', 1, NULL, 'Alphonso Davies');
INSERT INTO `esdeveniment` VALUES (352, 171, '17\'', 4, NULL, 'Joan Pons');
INSERT INTO `esdeveniment` VALUES (353, 172, '82\'', 1, NULL, 'Enric Vidal');
INSERT INTO `esdeveniment` VALUES (354, 172, '48\'', 4, 94, 'Xavi Font');
INSERT INTO `esdeveniment` VALUES (355, 173, '86\'', 2, NULL, 'Marc Barceló');
INSERT INTO `esdeveniment` VALUES (356, 173, '35\'', 2, NULL, 'Fran Navarro');
INSERT INTO `esdeveniment` VALUES (357, 174, '68\'', 2, NULL, 'Virgil Van Dijk');
INSERT INTO `esdeveniment` VALUES (358, 174, '5\'', 4, NULL, 'LeBron James');
INSERT INTO `esdeveniment` VALUES (359, 175, '30\'', 2, NULL, 'Jordi Coll');
INSERT INTO `esdeveniment` VALUES (360, 175, '81\'', 6, NULL, 'Enric Vidal');
INSERT INTO `esdeveniment` VALUES (361, 176, '17\'', 1, NULL, 'Joan Coll');
INSERT INTO `esdeveniment` VALUES (362, 176, '41\'', 2, NULL, 'Albert Garau');
INSERT INTO `esdeveniment` VALUES (363, 177, '4\'', 3, NULL, 'Marc Gasol');
INSERT INTO `esdeveniment` VALUES (364, 177, '77\'', 1, NULL, 'Unai Simón');
INSERT INTO `esdeveniment` VALUES (365, 178, '82\'', 2, NULL, 'Elena Rybakina');
INSERT INTO `esdeveniment` VALUES (366, 178, '51\'', 1, NULL, 'Jordi Munar');
INSERT INTO `esdeveniment` VALUES (367, 179, '51\'', 5, 200, 'Borja Iglesias');
INSERT INTO `esdeveniment` VALUES (368, 179, '60\'', 3, NULL, 'Bernat Gomila');
INSERT INTO `esdeveniment` VALUES (369, 180, '64\'', 4, 95, 'Jordi Barceló');
INSERT INTO `esdeveniment` VALUES (370, 180, '47\'', 1, NULL, 'Daniil Medvedev');
INSERT INTO `esdeveniment` VALUES (371, 181, '57\'', 1, NULL, 'Erling Haaland');
INSERT INTO `esdeveniment` VALUES (372, 181, '26\'', 3, NULL, 'Andreu Vidal');
INSERT INTO `esdeveniment` VALUES (373, 182, '75\'', 1, NULL, 'Lluc Bauzà');
INSERT INTO `esdeveniment` VALUES (374, 182, '26\'', 1, NULL, 'Marc Vidal');
INSERT INTO `esdeveniment` VALUES (375, 183, '10\'', 4, NULL, 'Bernat Riera');
INSERT INTO `esdeveniment` VALUES (376, 183, '46\'', 6, NULL, 'Pere Bauzà');
INSERT INTO `esdeveniment` VALUES (377, 184, '63\'', 6, NULL, 'Andreu Barceló');
INSERT INTO `esdeveniment` VALUES (378, 184, '67\'', 6, NULL, 'Pedri González');
INSERT INTO `esdeveniment` VALUES (379, 185, '86\'', 2, NULL, 'Maria Sakkari');
INSERT INTO `esdeveniment` VALUES (380, 185, '50\'', 6, NULL, 'Brais Méndez');
INSERT INTO `esdeveniment` VALUES (381, 186, '85\'', 6, NULL, 'Andreu Coll');
INSERT INTO `esdeveniment` VALUES (382, 186, '1\'', 1, NULL, 'Pere Bauzà');
INSERT INTO `esdeveniment` VALUES (383, 187, '67\'', 2, NULL, 'Hugo Silva');
INSERT INTO `esdeveniment` VALUES (384, 187, '4\'', 3, NULL, 'Andreu Barceló');
INSERT INTO `esdeveniment` VALUES (385, 188, '20\'', 5, 165, 'Andreu Barceló');
INSERT INTO `esdeveniment` VALUES (386, 188, '87\'', 4, NULL, 'Rafael Nadal');
INSERT INTO `esdeveniment` VALUES (387, 189, '26\'', 4, NULL, 'Ja Morant');
INSERT INTO `esdeveniment` VALUES (388, 189, '86\'', 1, NULL, 'Enric Munar');
INSERT INTO `esdeveniment` VALUES (389, 190, '51\'', 4, NULL, 'Virgil Van Dijk');
INSERT INTO `esdeveniment` VALUES (390, 190, '16\'', 2, NULL, 'Marc Vidal');
INSERT INTO `esdeveniment` VALUES (391, 191, '30\'', 2, NULL, 'Andreu Munar');
INSERT INTO `esdeveniment` VALUES (392, 191, '73\'', 4, NULL, 'LeBron James');
INSERT INTO `esdeveniment` VALUES (393, 192, '41\'', 4, NULL, 'Bernat Munar');
INSERT INTO `esdeveniment` VALUES (394, 192, '45\'', 5, 183, 'Pere Pons');
INSERT INTO `esdeveniment` VALUES (395, 193, '36\'', 4, NULL, 'Brais Méndez');
INSERT INTO `esdeveniment` VALUES (396, 193, '5\'', 2, NULL, 'Miquel Vidal');
INSERT INTO `esdeveniment` VALUES (397, 194, '41\'', 3, NULL, 'Kylian Mbappe');
INSERT INTO `esdeveniment` VALUES (398, 194, '32\'', 5, 229, 'Luka Doncic');
INSERT INTO `esdeveniment` VALUES (399, 195, '58\'', 6, NULL, 'Miquel Barceló');
INSERT INTO `esdeveniment` VALUES (400, 195, '2\'', 1, NULL, 'Naomi Osaka');
INSERT INTO `esdeveniment` VALUES (401, 196, '64\'', 1, NULL, 'Jan Oblak');
INSERT INTO `esdeveniment` VALUES (402, 196, '27\'', 2, NULL, 'Ja Morant');
INSERT INTO `esdeveniment` VALUES (403, 197, '42\'', 4, NULL, 'Pau Gomila');
INSERT INTO `esdeveniment` VALUES (404, 197, '12\'', 1, NULL, 'Andreu Munar');
INSERT INTO `esdeveniment` VALUES (405, 198, '34\'', 3, NULL, 'Lluc Vidal');
INSERT INTO `esdeveniment` VALUES (406, 198, '0\'', 5, 197, 'Damian Lillard');
INSERT INTO `esdeveniment` VALUES (407, 199, '66\'', 3, NULL, 'Daniil Medvedev');
INSERT INTO `esdeveniment` VALUES (408, 199, '83\'', 3, NULL, 'Pau Vidal');
INSERT INTO `esdeveniment` VALUES (409, 200, '85\'', 5, 186, 'Marc Bauzà');
INSERT INTO `esdeveniment` VALUES (410, 200, '67\'', 4, NULL, 'Marc Coll');
INSERT INTO `esdeveniment` VALUES (411, 201, '56\'', 3, NULL, 'Marc Pons');
INSERT INTO `esdeveniment` VALUES (412, 201, '10\'', 3, NULL, 'Lluc Bauzà');
INSERT INTO `esdeveniment` VALUES (413, 202, '54\'', 6, NULL, 'Marc Pons');
INSERT INTO `esdeveniment` VALUES (414, 202, '42\'', 5, 150, 'Luka Doncic');
INSERT INTO `esdeveniment` VALUES (415, 203, '51\'', 3, NULL, 'Pau Munar');
INSERT INTO `esdeveniment` VALUES (416, 203, '61\'', 6, NULL, 'Marc Barceló');
INSERT INTO `esdeveniment` VALUES (417, 204, '76\'', 2, NULL, 'Bernat Gomila');
INSERT INTO `esdeveniment` VALUES (418, 204, '83\'', 5, 183, 'Hugo Silva');
INSERT INTO `esdeveniment` VALUES (419, 205, '86\'', 4, NULL, 'Jordi Vidal');
INSERT INTO `esdeveniment` VALUES (420, 205, '0\'', 2, NULL, 'Bernat Munar');
INSERT INTO `esdeveniment` VALUES (421, 206, '40\'', 3, NULL, 'Enric Pons');
INSERT INTO `esdeveniment` VALUES (422, 206, '50\'', 4, NULL, 'Kyrie Irving');
INSERT INTO `esdeveniment` VALUES (423, 207, '52\'', 6, NULL, 'Nico Williams');
INSERT INTO `esdeveniment` VALUES (424, 207, '2\'', 2, NULL, 'Joan Gomila');
INSERT INTO `esdeveniment` VALUES (425, 208, '29\'', 5, 237, 'Alex Grimaldo');
INSERT INTO `esdeveniment` VALUES (426, 208, '88\'', 4, NULL, 'Enric Vidal');
INSERT INTO `esdeveniment` VALUES (427, 209, '64\'', 6, NULL, 'Gerard Piqué');
INSERT INTO `esdeveniment` VALUES (428, 209, '60\'', 3, NULL, 'Marc Gasol');
INSERT INTO `esdeveniment` VALUES (429, 210, '24\'', 6, NULL, 'Alex Grimaldo');
INSERT INTO `esdeveniment` VALUES (430, 210, '6\'', 3, NULL, 'Lluc Mir');
INSERT INTO `esdeveniment` VALUES (431, 211, '5\'', 6, NULL, 'Stephen Curry');
INSERT INTO `esdeveniment` VALUES (432, 211, '36\'', 2, NULL, 'Giannis Antetokounmpo');
INSERT INTO `esdeveniment` VALUES (433, 212, '19\'', 2, NULL, 'Rafel Salom');
INSERT INTO `esdeveniment` VALUES (434, 212, '42\'', 5, 182, 'Sergio Ramos');
INSERT INTO `esdeveniment` VALUES (435, 213, '87\'', 6, NULL, 'Pau Pons');
INSERT INTO `esdeveniment` VALUES (436, 213, '25\'', 6, NULL, 'Carlos Alcaraz');
INSERT INTO `esdeveniment` VALUES (437, 214, '64\'', 5, 243, 'Gerard Piqué');
INSERT INTO `esdeveniment` VALUES (438, 214, '86\'', 3, NULL, 'Miquel Coll');
INSERT INTO `esdeveniment` VALUES (439, 215, '74\'', 1, NULL, 'Pau Coll');
INSERT INTO `esdeveniment` VALUES (440, 215, '2\'', 6, NULL, 'Joan Coll');
INSERT INTO `esdeveniment` VALUES (441, 216, '16\'', 3, NULL, 'Shai Gilgeous');
INSERT INTO `esdeveniment` VALUES (442, 216, '13\'', 5, 209, 'Enric Pons');
INSERT INTO `esdeveniment` VALUES (443, 217, '15\'', 5, 194, 'Giannis Antetokounmpo');
INSERT INTO `esdeveniment` VALUES (444, 217, '84\'', 4, 204, 'Pau Mas');
INSERT INTO `esdeveniment` VALUES (445, 218, '19\'', 2, NULL, 'Pere Vidal');
INSERT INTO `esdeveniment` VALUES (446, 218, '58\'', 3, NULL, 'Stefanos Tsitsipas');
INSERT INTO `esdeveniment` VALUES (447, 219, '33\'', 3, NULL, 'Casper Ruud');
INSERT INTO `esdeveniment` VALUES (448, 219, '23\'', 6, NULL, 'Andreu Munar');
INSERT INTO `esdeveniment` VALUES (449, 220, '61\'', 5, 246, 'Miquel Riera');
INSERT INTO `esdeveniment` VALUES (450, 220, '60\'', 1, NULL, 'Jordi Munar');
INSERT INTO `esdeveniment` VALUES (451, 221, '52\'', 4, NULL, 'Marc Bauzà');
INSERT INTO `esdeveniment` VALUES (452, 221, '6\'', 5, 186, 'Giannis Antetokounmpo');
INSERT INTO `esdeveniment` VALUES (453, 222, '16\'', 6, NULL, 'Iga Swiatek');
INSERT INTO `esdeveniment` VALUES (454, 222, '67\'', 1, NULL, 'Fran Navarro');
INSERT INTO `esdeveniment` VALUES (455, 223, '51\'', 3, NULL, 'Marc Bauzà');
INSERT INTO `esdeveniment` VALUES (456, 223, '8\'', 3, NULL, 'Borja Iglesias');
INSERT INTO `esdeveniment` VALUES (457, 224, '65\'', 3, NULL, 'Anthony Davis');
INSERT INTO `esdeveniment` VALUES (458, 224, '76\'', 1, NULL, 'Cristiano Dos Santos');
INSERT INTO `esdeveniment` VALUES (459, 225, '57\'', 1, NULL, 'Mikel Oyarzabal');
INSERT INTO `esdeveniment` VALUES (460, 225, '36\'', 6, NULL, 'Marc Coll');
INSERT INTO `esdeveniment` VALUES (461, 226, '0\'', 4, NULL, 'Bernat Coll');
INSERT INTO `esdeveniment` VALUES (462, 226, '48\'', 1, NULL, 'Enric Munar');
INSERT INTO `esdeveniment` VALUES (463, 227, '13\'', 2, NULL, 'Marc Sastre');
INSERT INTO `esdeveniment` VALUES (464, 227, '81\'', 5, 158, 'Lluc Vidal');
INSERT INTO `esdeveniment` VALUES (465, 228, '81\'', 3, NULL, 'Pere Munar');
INSERT INTO `esdeveniment` VALUES (466, 228, '89\'', 6, NULL, 'Marc Pons');
INSERT INTO `esdeveniment` VALUES (467, 229, '70\'', 1, NULL, 'Coco Gauff');
INSERT INTO `esdeveniment` VALUES (468, 229, '77\'', 2, NULL, 'Lluc Coll');
INSERT INTO `esdeveniment` VALUES (469, 230, '37\'', 3, NULL, 'Pau Coll');
INSERT INTO `esdeveniment` VALUES (470, 230, '15\'', 3, NULL, 'Ons Jabeur');
INSERT INTO `esdeveniment` VALUES (471, 231, '36\'', 6, NULL, 'Jayson Tatum');
INSERT INTO `esdeveniment` VALUES (472, 231, '17\'', 3, NULL, 'Miquel Bauzà');
INSERT INTO `esdeveniment` VALUES (473, 232, '12\'', 5, 157, 'Miquel Coll');
INSERT INTO `esdeveniment` VALUES (474, 232, '83\'', 4, NULL, 'Iga Swiatek');
INSERT INTO `esdeveniment` VALUES (475, 233, '21\'', 3, NULL, 'Marc Gasol');
INSERT INTO `esdeveniment` VALUES (476, 233, '25\'', 2, NULL, 'Joan Bauzà');
INSERT INTO `esdeveniment` VALUES (477, 234, '11\'', 1, NULL, 'Xavi Font');
INSERT INTO `esdeveniment` VALUES (478, 234, '88\'', 5, 185, 'Jannik Sinner');
INSERT INTO `esdeveniment` VALUES (479, 235, '53\'', 6, NULL, 'Pau Munar');
INSERT INTO `esdeveniment` VALUES (480, 235, '36\'', 4, NULL, 'Pere Pons');
INSERT INTO `esdeveniment` VALUES (481, 236, '28\'', 1, NULL, 'Xavi Font');
INSERT INTO `esdeveniment` VALUES (482, 236, '37\'', 6, NULL, 'Isco Alarcón');
INSERT INTO `esdeveniment` VALUES (483, 237, '12\'', 1, NULL, 'Lluc Sastre');
INSERT INTO `esdeveniment` VALUES (484, 237, '81\'', 2, NULL, 'Andreu Barceló');
INSERT INTO `esdeveniment` VALUES (485, 238, '82\'', 4, NULL, 'Pau Vidal');
INSERT INTO `esdeveniment` VALUES (486, 238, '30\'', 5, 201, 'Enric Barceló');
INSERT INTO `esdeveniment` VALUES (487, 239, '13\'', 2, NULL, 'Marc Sastre');
INSERT INTO `esdeveniment` VALUES (488, 239, '69\'', 1, NULL, 'Pere Munar');
INSERT INTO `esdeveniment` VALUES (489, 240, '30\'', 2, NULL, 'Alisson Becker');
INSERT INTO `esdeveniment` VALUES (490, 240, '39\'', 3, NULL, 'Marc Vidal');
INSERT INTO `esdeveniment` VALUES (491, 241, '31\'', 5, 190, 'Giannis Antetokounmpo');
INSERT INTO `esdeveniment` VALUES (492, 241, '62\'', 2, NULL, 'Pau Barceló');
INSERT INTO `esdeveniment` VALUES (493, 242, '89\'', 2, NULL, 'Enric Coll');
INSERT INTO `esdeveniment` VALUES (494, 242, '60\'', 3, NULL, 'Lluc Munar');
INSERT INTO `esdeveniment` VALUES (495, 243, '69\'', 5, 157, 'Enric Barceló');
INSERT INTO `esdeveniment` VALUES (496, 243, '63\'', 1, NULL, 'Casper Ruud');
INSERT INTO `esdeveniment` VALUES (497, 244, '30\'', 3, NULL, 'Lluc Gomila');
INSERT INTO `esdeveniment` VALUES (498, 244, '2\'', 6, NULL, 'David Alaba');
INSERT INTO `esdeveniment` VALUES (499, 245, '53\'', 2, NULL, 'Maria Sakkari');
INSERT INTO `esdeveniment` VALUES (500, 245, '4\'', 5, 166, 'Pere Coll');
INSERT INTO `esdeveniment` VALUES (501, 246, '46\'', 3, NULL, 'Hugo Silva');
INSERT INTO `esdeveniment` VALUES (502, 246, '26\'', 3, NULL, 'Enric Vidal');
INSERT INTO `esdeveniment` VALUES (503, 247, '1\'', 6, NULL, 'Albert Garau');
INSERT INTO `esdeveniment` VALUES (504, 247, '61\'', 4, NULL, 'Luka Doncic');
INSERT INTO `esdeveniment` VALUES (505, 248, '67\'', 1, NULL, 'Marc Coll');
INSERT INTO `esdeveniment` VALUES (506, 248, '13\'', 3, NULL, 'Jordi Vidal');
INSERT INTO `esdeveniment` VALUES (507, 249, '89\'', 3, NULL, 'Luka Doncic');
INSERT INTO `esdeveniment` VALUES (508, 249, '47\'', 1, NULL, 'Marc Vidal');
INSERT INTO `esdeveniment` VALUES (509, 250, '4\'', 6, NULL, 'Pere Munar');
INSERT INTO `esdeveniment` VALUES (510, 250, '26\'', 5, 176, 'Pau Vidal');
INSERT INTO `esdeveniment` VALUES (511, 251, '2\'', 5, 230, 'Guillem Bordoy');
INSERT INTO `esdeveniment` VALUES (512, 251, '1\'', 4, NULL, 'Jordi Coll');
INSERT INTO `esdeveniment` VALUES (513, 252, '89\'', 1, NULL, 'Miquel Riera');
INSERT INTO `esdeveniment` VALUES (514, 252, '69\'', 3, NULL, 'Joan Sastre');
INSERT INTO `esdeveniment` VALUES (515, 253, '70\'', 4, NULL, 'Joan Gomila');
INSERT INTO `esdeveniment` VALUES (516, 253, '72\'', 1, NULL, 'Bernat Coll');
INSERT INTO `esdeveniment` VALUES (517, 254, '34\'', 3, NULL, 'Pau Vidal');
INSERT INTO `esdeveniment` VALUES (518, 254, '88\'', 4, 193, 'Marc Barceló');
INSERT INTO `esdeveniment` VALUES (519, 255, '28\'', 4, NULL, 'Jordi Bauzà');
INSERT INTO `esdeveniment` VALUES (520, 255, '15\'', 6, NULL, 'Alisson Becker');
INSERT INTO `esdeveniment` VALUES (521, 256, '33\'', 6, NULL, 'Toni Kroos');
INSERT INTO `esdeveniment` VALUES (522, 256, '55\'', 2, NULL, 'Toni Kroos');
INSERT INTO `esdeveniment` VALUES (523, 257, '21\'', 4, NULL, 'Xavi Font');
INSERT INTO `esdeveniment` VALUES (524, 257, '1\'', 3, NULL, 'Karim Benzema');
INSERT INTO `esdeveniment` VALUES (525, 258, '13\'', 3, NULL, 'Lluc Bauzà');
INSERT INTO `esdeveniment` VALUES (526, 258, '68\'', 3, NULL, 'Bernat Munar');
INSERT INTO `esdeveniment` VALUES (527, 259, '12\'', 2, NULL, 'Andreu Bauzà');
INSERT INTO `esdeveniment` VALUES (528, 259, '65\'', 6, NULL, 'Miquel Riera');
INSERT INTO `esdeveniment` VALUES (529, 260, '61\'', 3, NULL, 'Pere Munar');
INSERT INTO `esdeveniment` VALUES (530, 260, '39\'', 5, 219, 'Stefanos Tsitsipas');
INSERT INTO `esdeveniment` VALUES (531, 261, '5\'', 2, NULL, 'Guillem Bordoy');
INSERT INTO `esdeveniment` VALUES (532, 261, '29\'', 5, 243, 'Miquel Barceló');
INSERT INTO `esdeveniment` VALUES (533, 262, '54\'', 6, NULL, 'Ivan Rakitic');
INSERT INTO `esdeveniment` VALUES (534, 262, '51\'', 2, NULL, 'Jordi Bauzà');
INSERT INTO `esdeveniment` VALUES (535, 263, '32\'', 2, NULL, 'Nico Williams');
INSERT INTO `esdeveniment` VALUES (536, 263, '75\'', 4, NULL, 'Bernat Coll');
INSERT INTO `esdeveniment` VALUES (537, 264, '49\'', 6, NULL, 'Rafael Nadal');
INSERT INTO `esdeveniment` VALUES (538, 264, '86\'', 1, NULL, 'Kevin Durant');
INSERT INTO `esdeveniment` VALUES (539, 265, '19\'', 1, NULL, 'Pere Gomila');
INSERT INTO `esdeveniment` VALUES (540, 265, '49\'', 4, NULL, 'Andreu Vidal');
INSERT INTO `esdeveniment` VALUES (541, 266, '37\'', 2, NULL, 'Neymar Silva');
INSERT INTO `esdeveniment` VALUES (542, 266, '8\'', 4, NULL, 'Harry Kane');
INSERT INTO `esdeveniment` VALUES (543, 267, '1\'', 1, NULL, 'Thibaut Courtois');
INSERT INTO `esdeveniment` VALUES (544, 267, '42\'', 1, NULL, 'Pau Barceló');
INSERT INTO `esdeveniment` VALUES (545, 268, '71\'', 6, NULL, 'Pere Vidal');
INSERT INTO `esdeveniment` VALUES (546, 268, '78\'', 5, 236, 'Jordi Pons');
INSERT INTO `esdeveniment` VALUES (547, 269, '43\'', 6, NULL, 'Enric Pons');
INSERT INTO `esdeveniment` VALUES (548, 269, '20\'', 3, NULL, 'Rafel Salom');
INSERT INTO `esdeveniment` VALUES (549, 270, '8\'', 3, NULL, 'LeBron James');
INSERT INTO `esdeveniment` VALUES (550, 270, '58\'', 1, NULL, 'Joel Embiid');
INSERT INTO `esdeveniment` VALUES (551, 271, '42\'', 1, NULL, 'Pedri González');
INSERT INTO `esdeveniment` VALUES (552, 271, '22\'', 5, 185, 'Enric Coll');
INSERT INTO `esdeveniment` VALUES (553, 272, '36\'', 4, 78, 'Maria Sakkari');
INSERT INTO `esdeveniment` VALUES (554, 272, '45\'', 6, NULL, 'Aryna Sabalenka');
INSERT INTO `esdeveniment` VALUES (555, 273, '2\'', 3, NULL, 'Marc Bauzà');
INSERT INTO `esdeveniment` VALUES (556, 273, '89\'', 5, 243, 'Brais Méndez');
INSERT INTO `esdeveniment` VALUES (557, 274, '54\'', 6, NULL, 'Isco Alarcón');
INSERT INTO `esdeveniment` VALUES (558, 274, '44\'', 6, NULL, 'Zion Williamson');
INSERT INTO `esdeveniment` VALUES (559, 275, '82\'', 6, NULL, 'Nico Williams');
INSERT INTO `esdeveniment` VALUES (560, 275, '86\'', 1, NULL, 'Elena Rybakina');
INSERT INTO `esdeveniment` VALUES (561, 276, '10\'', 4, NULL, 'Thibaut Courtois');
INSERT INTO `esdeveniment` VALUES (562, 276, '56\'', 2, NULL, 'Jayson Tatum');
INSERT INTO `esdeveniment` VALUES (563, 277, '66\'', 5, 178, 'Bernat Coll');
INSERT INTO `esdeveniment` VALUES (564, 277, '36\'', 6, NULL, 'Cristiano Dos Santos');
INSERT INTO `esdeveniment` VALUES (565, 278, '8\'', 6, NULL, 'Robert Lewandowski');
INSERT INTO `esdeveniment` VALUES (566, 278, '17\'', 2, NULL, 'Bernat Gomila');
INSERT INTO `esdeveniment` VALUES (567, 279, '69\'', 1, NULL, 'Bernat Barceló');
INSERT INTO `esdeveniment` VALUES (568, 279, '80\'', 2, NULL, 'Pere Vidal');
INSERT INTO `esdeveniment` VALUES (569, 280, '89\'', 6, NULL, 'Pere Bauzà');
INSERT INTO `esdeveniment` VALUES (570, 280, '78\'', 3, NULL, 'Pere Gomila');
INSERT INTO `esdeveniment` VALUES (571, 281, '48\'', 3, NULL, 'Pau Gomila');
INSERT INTO `esdeveniment` VALUES (572, 281, '30\'', 4, NULL, 'Miquel Bauzà');
INSERT INTO `esdeveniment` VALUES (573, 282, '64\'', 6, NULL, 'Andreu Munar');
INSERT INTO `esdeveniment` VALUES (574, 282, '46\'', 5, 153, 'Bernat Gomila');
INSERT INTO `esdeveniment` VALUES (575, 283, '27\'', 2, NULL, 'Caroline Wozniacki');
INSERT INTO `esdeveniment` VALUES (576, 283, '20\'', 3, NULL, 'Jordi Coll');
INSERT INTO `esdeveniment` VALUES (577, 284, '49\'', 3, NULL, 'Joshua Kimmich');
INSERT INTO `esdeveniment` VALUES (578, 284, '31\'', 4, NULL, 'Leo Messi');
INSERT INTO `esdeveniment` VALUES (579, 285, '66\'', 1, NULL, 'Pere Coll');
INSERT INTO `esdeveniment` VALUES (580, 285, '78\'', 2, NULL, 'Bernat Gomila');
INSERT INTO `esdeveniment` VALUES (581, 286, '83\'', 5, 166, 'Neymar Silva');
INSERT INTO `esdeveniment` VALUES (582, 286, '67\'', 4, NULL, 'Nikola Jokic');
INSERT INTO `esdeveniment` VALUES (583, 287, '83\'', 5, 194, 'Carlos Alcaraz');
INSERT INTO `esdeveniment` VALUES (584, 287, '75\'', 1, NULL, 'Joel Embiid');
INSERT INTO `esdeveniment` VALUES (585, 288, '52\'', 6, NULL, 'Jordi Pons');
INSERT INTO `esdeveniment` VALUES (586, 288, '48\'', 1, NULL, 'Stefanos Tsitsipas');
INSERT INTO `esdeveniment` VALUES (587, 289, '5\'', 6, NULL, 'Enric Munar');
INSERT INTO `esdeveniment` VALUES (588, 289, '32\'', 1, NULL, 'Miquel Gomila');
INSERT INTO `esdeveniment` VALUES (589, 290, '26\'', 2, NULL, 'Damià Vila');
INSERT INTO `esdeveniment` VALUES (590, 290, '21\'', 4, NULL, 'Kevin Durant');
INSERT INTO `esdeveniment` VALUES (591, 291, '1\'', 3, NULL, 'Stephen Curry');
INSERT INTO `esdeveniment` VALUES (592, 291, '7\'', 1, NULL, 'Bernat Coll');
INSERT INTO `esdeveniment` VALUES (593, 292, '43\'', 6, NULL, 'Kyrie Irving');
INSERT INTO `esdeveniment` VALUES (594, 292, '43\'', 3, NULL, 'Paula Badosa');
INSERT INTO `esdeveniment` VALUES (595, 293, '73\'', 5, 190, 'Kawhi Leonard');
INSERT INTO `esdeveniment` VALUES (596, 293, '9\'', 3, NULL, 'Bernat Barceló');
INSERT INTO `esdeveniment` VALUES (597, 294, '59\'', 1, NULL, 'Robin Le Normand');
INSERT INTO `esdeveniment` VALUES (598, 294, '53\'', 4, NULL, 'Enric Barceló');
INSERT INTO `esdeveniment` VALUES (599, 295, '35\'', 1, NULL, 'Bernat Barceló');
INSERT INTO `esdeveniment` VALUES (600, 295, '3\'', 1, NULL, 'Jordi Bauzà');
INSERT INTO `esdeveniment` VALUES (601, 296, '13\'', 4, NULL, 'Joan Coll');
INSERT INTO `esdeveniment` VALUES (602, 296, '50\'', 6, NULL, 'Leo Messi');
INSERT INTO `esdeveniment` VALUES (603, 297, '24\'', 3, NULL, 'Bernat Gomila');
INSERT INTO `esdeveniment` VALUES (604, 297, '10\'', 3, NULL, 'Erling Haaland');
INSERT INTO `esdeveniment` VALUES (605, 298, '77\'', 6, NULL, 'Unai Simón');
INSERT INTO `esdeveniment` VALUES (606, 298, '30\'', 5, 172, 'Paula Badosa');
INSERT INTO `esdeveniment` VALUES (607, 299, '56\'', 6, NULL, 'Lluc Mir');
INSERT INTO `esdeveniment` VALUES (608, 299, '82\'', 5, 243, 'Harry Kane');
INSERT INTO `esdeveniment` VALUES (609, 300, '66\'', 4, 162, 'Cristiano Dos Santos');
INSERT INTO `esdeveniment` VALUES (610, 300, '66\'', 6, NULL, 'Isco Alarcón');
INSERT INTO `esdeveniment` VALUES (611, 301, '30\'', 6, NULL, 'Andreu Coll');
INSERT INTO `esdeveniment` VALUES (612, 301, '81\'', 4, NULL, 'Andreu Vidal');
INSERT INTO `esdeveniment` VALUES (613, 302, '14\'', 1, NULL, 'Miquel Munar');
INSERT INTO `esdeveniment` VALUES (614, 302, '77\'', 1, NULL, 'Unai Simón');
INSERT INTO `esdeveniment` VALUES (615, 303, '82\'', 2, NULL, 'Joan Coll');
INSERT INTO `esdeveniment` VALUES (616, 303, '65\'', 5, 233, 'Bernat Bauzà');
INSERT INTO `esdeveniment` VALUES (617, 304, '45\'', 2, NULL, 'Brais Méndez');
INSERT INTO `esdeveniment` VALUES (618, 304, '89\'', 1, NULL, 'Carlos Alcaraz');
INSERT INTO `esdeveniment` VALUES (619, 305, '27\'', 3, NULL, 'Giannis Antetokounmpo');
INSERT INTO `esdeveniment` VALUES (620, 305, '74\'', 1, NULL, 'Pau Munar');
INSERT INTO `esdeveniment` VALUES (621, 306, '2\'', 5, 186, 'Jordi Coll');
INSERT INTO `esdeveniment` VALUES (622, 306, '88\'', 3, NULL, 'Pere Munar');
INSERT INTO `esdeveniment` VALUES (623, 307, '47\'', 1, NULL, 'Jordi Barceló');
INSERT INTO `esdeveniment` VALUES (624, 307, '14\'', 3, NULL, 'Bernat Coll');
INSERT INTO `esdeveniment` VALUES (625, 308, '29\'', 4, NULL, 'Erling Haaland');
INSERT INTO `esdeveniment` VALUES (626, 308, '76\'', 4, NULL, 'Kylian Mbappe');
INSERT INTO `esdeveniment` VALUES (627, 309, '19\'', 3, NULL, 'David Alaba');
INSERT INTO `esdeveniment` VALUES (628, 309, '47\'', 2, NULL, 'Rafel Salom');
INSERT INTO `esdeveniment` VALUES (629, 310, '88\'', 1, NULL, 'Marc Coll');
INSERT INTO `esdeveniment` VALUES (630, 310, '5\'', 2, NULL, 'Jaume Gelabert');
INSERT INTO `esdeveniment` VALUES (631, 311, '14\'', 1, NULL, 'Aryna Sabalenka');
INSERT INTO `esdeveniment` VALUES (632, 311, '49\'', 5, 207, 'Lluc Barceló');
INSERT INTO `esdeveniment` VALUES (633, 312, '88\'', 5, 185, 'Maria Sakkari');
INSERT INTO `esdeveniment` VALUES (634, 312, '62\'', 2, NULL, 'Joan Munar');
INSERT INTO `esdeveniment` VALUES (635, 313, '23\'', 4, NULL, 'Jan Oblak');
INSERT INTO `esdeveniment` VALUES (636, 313, '76\'', 5, 182, 'Leo Messi');
INSERT INTO `esdeveniment` VALUES (637, 314, '71\'', 6, NULL, 'Miquel Barceló');
INSERT INTO `esdeveniment` VALUES (638, 314, '39\'', 2, NULL, 'Andreu Coll');
INSERT INTO `esdeveniment` VALUES (639, 315, '10\'', 5, 206, 'Mikel Oyarzabal');
INSERT INTO `esdeveniment` VALUES (640, 315, '24\'', 2, NULL, 'Joan Barceló');
INSERT INTO `esdeveniment` VALUES (641, 316, '8\'', 6, NULL, 'Casper Ruud');
INSERT INTO `esdeveniment` VALUES (642, 316, '27\'', 5, 183, 'Lluc Vidal');
INSERT INTO `esdeveniment` VALUES (643, 317, '89\'', 4, NULL, 'Naomi Osaka');
INSERT INTO `esdeveniment` VALUES (644, 317, '16\'', 1, NULL, 'Miquel Riera');
INSERT INTO `esdeveniment` VALUES (645, 318, '51\'', 5, 198, 'Joan Gomila');
INSERT INTO `esdeveniment` VALUES (646, 318, '17\'', 4, NULL, 'Kyrie Irving');
INSERT INTO `esdeveniment` VALUES (647, 319, '52\'', 6, NULL, 'Enric Munar');
INSERT INTO `esdeveniment` VALUES (648, 319, '21\'', 2, NULL, 'Joan Bauzà');
INSERT INTO `esdeveniment` VALUES (649, 320, '30\'', 1, NULL, 'Brais Méndez');
INSERT INTO `esdeveniment` VALUES (650, 320, '17\'', 6, NULL, 'Jimmy Butler');
INSERT INTO `esdeveniment` VALUES (651, 321, '60\'', 5, 222, 'Pere Munar');
INSERT INTO `esdeveniment` VALUES (652, 321, '85\'', 3, NULL, 'Bernat Vidal');
INSERT INTO `esdeveniment` VALUES (653, 322, '7\'', 2, NULL, 'Pau Barceló');
INSERT INTO `esdeveniment` VALUES (654, 322, '89\'', 2, NULL, 'Marc-André Ter Stegen');
INSERT INTO `esdeveniment` VALUES (655, 323, '11\'', 6, NULL, 'Miquel Coll');
INSERT INTO `esdeveniment` VALUES (656, 323, '43\'', 3, NULL, 'Marc Vidal');
INSERT INTO `esdeveniment` VALUES (657, 324, '0\'', 4, 193, 'Miquel Vidal');
INSERT INTO `esdeveniment` VALUES (658, 324, '66\'', 1, NULL, 'Andreu Barceló');
INSERT INTO `esdeveniment` VALUES (659, 325, '89\'', 6, NULL, 'Alisson Becker');
INSERT INTO `esdeveniment` VALUES (660, 325, '17\'', 3, NULL, 'Unai Simón');
INSERT INTO `esdeveniment` VALUES (661, 326, '67\'', 3, NULL, 'Marc Vidal');
INSERT INTO `esdeveniment` VALUES (662, 326, '45\'', 3, NULL, 'Andreu Barceló');
INSERT INTO `esdeveniment` VALUES (663, 327, '73\'', 5, 237, 'Bernat Riera');
INSERT INTO `esdeveniment` VALUES (664, 327, '81\'', 4, NULL, 'Joel Embiid');
INSERT INTO `esdeveniment` VALUES (665, 328, '83\'', 1, NULL, 'Marc Vidal');
INSERT INTO `esdeveniment` VALUES (666, 328, '50\'', 4, NULL, 'Jordi Coll');
INSERT INTO `esdeveniment` VALUES (667, 329, '20\'', 3, NULL, 'Novak Djokovic');
INSERT INTO `esdeveniment` VALUES (668, 329, '34\'', 4, NULL, 'Robert Lewandowski');
INSERT INTO `esdeveniment` VALUES (669, 330, '15\'', 6, NULL, 'Joan Barceló');
INSERT INTO `esdeveniment` VALUES (670, 330, '76\'', 4, 19, 'Alexander Zverev');
INSERT INTO `esdeveniment` VALUES (671, 331, '56\'', 2, NULL, 'Joan Gomila');
INSERT INTO `esdeveniment` VALUES (672, 331, '20\'', 3, NULL, 'Pere Sastre');
INSERT INTO `esdeveniment` VALUES (673, 332, '62\'', 1, NULL, 'Kevin De Bruyne');
INSERT INTO `esdeveniment` VALUES (674, 332, '15\'', 5, 162, 'Bernat Munar');
INSERT INTO `esdeveniment` VALUES (675, 333, '82\'', 4, NULL, 'Ivan Rakitic');
INSERT INTO `esdeveniment` VALUES (676, 333, '0\'', 3, NULL, 'Marc Vidal');
INSERT INTO `esdeveniment` VALUES (677, 334, '76\'', 1, NULL, 'Jordi Vidal');
INSERT INTO `esdeveniment` VALUES (678, 334, '89\'', 4, NULL, 'Pere Munar');
INSERT INTO `esdeveniment` VALUES (679, 335, '17\'', 1, NULL, 'Luka Doncic');
INSERT INTO `esdeveniment` VALUES (680, 335, '66\'', 3, NULL, 'Pedri González');
INSERT INTO `esdeveniment` VALUES (681, 336, '22\'', 5, 231, 'Andreu Pons');
INSERT INTO `esdeveniment` VALUES (682, 336, '3\'', 6, NULL, 'Daniil Medvedev');
INSERT INTO `esdeveniment` VALUES (683, 337, '38\'', 3, NULL, 'Aryna Sabalenka');
INSERT INTO `esdeveniment` VALUES (684, 337, '80\'', 1, NULL, 'Lluc Vidal');
INSERT INTO `esdeveniment` VALUES (685, 338, '12\'', 2, NULL, 'Marc Gasol');
INSERT INTO `esdeveniment` VALUES (686, 338, '57\'', 4, NULL, 'Sebastià Sureda');
INSERT INTO `esdeveniment` VALUES (687, 339, '86\'', 1, NULL, 'Damian Lillard');
INSERT INTO `esdeveniment` VALUES (688, 339, '37\'', 6, NULL, 'Pere Munar');
INSERT INTO `esdeveniment` VALUES (689, 340, '30\'', 6, NULL, 'Mikel Oyarzabal');
INSERT INTO `esdeveniment` VALUES (690, 340, '56\'', 3, NULL, 'Jan Oblak');
INSERT INTO `esdeveniment` VALUES (691, 341, '84\'', 4, NULL, 'Trent Alexander');
INSERT INTO `esdeveniment` VALUES (692, 341, '17\'', 1, NULL, 'Victor Wembanyama');
INSERT INTO `esdeveniment` VALUES (693, 342, '16\'', 3, NULL, 'Joan Coll');
INSERT INTO `esdeveniment` VALUES (694, 342, '70\'', 3, NULL, 'Kevin De Bruyne');
INSERT INTO `esdeveniment` VALUES (695, 343, '10\'', 1, NULL, 'Pau Bauzà');
INSERT INTO `esdeveniment` VALUES (696, 343, '25\'', 1, NULL, 'Alisson Becker');
INSERT INTO `esdeveniment` VALUES (697, 344, '30\'', 4, NULL, 'Victor Wembanyama');
INSERT INTO `esdeveniment` VALUES (698, 344, '77\'', 4, 46, 'Joan Coll');
INSERT INTO `esdeveniment` VALUES (699, 345, '19\'', 3, NULL, 'Enric Munar');
INSERT INTO `esdeveniment` VALUES (700, 345, '38\'', 6, NULL, 'Alexander Zverev');
INSERT INTO `esdeveniment` VALUES (701, 346, '18\'', 3, NULL, 'Marc Coll');
INSERT INTO `esdeveniment` VALUES (702, 346, '11\'', 4, NULL, 'Marc Vidal');
INSERT INTO `esdeveniment` VALUES (703, 347, '49\'', 1, NULL, 'Jimmy Butler');
INSERT INTO `esdeveniment` VALUES (704, 347, '32\'', 5, 243, 'Jordi Bauzà');
INSERT INTO `esdeveniment` VALUES (705, 348, '72\'', 5, 159, 'Lluc Mir');
INSERT INTO `esdeveniment` VALUES (706, 348, '7\'', 2, NULL, 'Lluc Bauzà');
INSERT INTO `esdeveniment` VALUES (707, 349, '30\'', 5, 186, 'Oriol Grau');
INSERT INTO `esdeveniment` VALUES (708, 349, '58\'', 1, NULL, 'Gerard Piqué');
INSERT INTO `esdeveniment` VALUES (709, 350, '27\'', 3, NULL, 'Brais Méndez');
INSERT INTO `esdeveniment` VALUES (710, 350, '83\'', 4, NULL, 'Damian Lillard');
INSERT INTO `esdeveniment` VALUES (711, 351, '83\'', 1, NULL, 'Sergi Aguiló');
INSERT INTO `esdeveniment` VALUES (712, 351, '29\'', 4, NULL, 'Andreu Bauzà');
INSERT INTO `esdeveniment` VALUES (713, 352, '84\'', 6, NULL, 'Marc Coll');
INSERT INTO `esdeveniment` VALUES (714, 352, '76\'', 3, NULL, 'Cristiano Dos Santos');
INSERT INTO `esdeveniment` VALUES (715, 353, '56\'', 6, NULL, 'Jan Oblak');
INSERT INTO `esdeveniment` VALUES (716, 353, '30\'', 1, NULL, 'Pau Coll');
INSERT INTO `esdeveniment` VALUES (717, 354, '63\'', 1, NULL, 'Lluc Coll');
INSERT INTO `esdeveniment` VALUES (718, 354, '43\'', 1, NULL, 'Toni Kroos');
INSERT INTO `esdeveniment` VALUES (719, 355, '65\'', 4, 158, 'Bernat Barceló');
INSERT INTO `esdeveniment` VALUES (720, 355, '41\'', 5, 164, 'Joan Vidal');
INSERT INTO `esdeveniment` VALUES (721, 356, '15\'', 5, 189, 'Andreu Riera');
INSERT INTO `esdeveniment` VALUES (722, 356, '17\'', 5, 246, 'Trent Alexander');
INSERT INTO `esdeveniment` VALUES (723, 357, '13\'', 4, NULL, 'Xavi Font');
INSERT INTO `esdeveniment` VALUES (724, 357, '10\'', 1, NULL, 'Miquel Sastre');
INSERT INTO `esdeveniment` VALUES (725, 358, '72\'', 6, NULL, 'Thibaut Courtois');
INSERT INTO `esdeveniment` VALUES (726, 358, '18\'', 2, NULL, 'Albert Garau');
INSERT INTO `esdeveniment` VALUES (727, 359, '54\'', 2, NULL, 'Thibaut Courtois');
INSERT INTO `esdeveniment` VALUES (728, 359, '71\'', 1, NULL, 'Pau Mas');
INSERT INTO `esdeveniment` VALUES (729, 360, '60\'', 2, NULL, 'Kawhi Leonard');
INSERT INTO `esdeveniment` VALUES (730, 360, '46\'', 5, 184, 'Lluc Sastre');
INSERT INTO `esdeveniment` VALUES (731, 361, '71\'', 6, NULL, 'Marc Munar');
INSERT INTO `esdeveniment` VALUES (732, 361, '37\'', 2, NULL, 'Pau Munar');
INSERT INTO `esdeveniment` VALUES (733, 362, '76\'', 4, 50, 'Marc Vidal');
INSERT INTO `esdeveniment` VALUES (734, 362, '31\'', 1, NULL, 'Joan Sastre');
INSERT INTO `esdeveniment` VALUES (735, 363, '6\'', 2, NULL, 'Pau Vidal');
INSERT INTO `esdeveniment` VALUES (736, 363, '17\'', 1, NULL, 'Andreu Riera');
INSERT INTO `esdeveniment` VALUES (737, 364, '0\'', 5, 158, 'Holger Rune');
INSERT INTO `esdeveniment` VALUES (738, 364, '32\'', 5, 197, 'Bernat Riera');
INSERT INTO `esdeveniment` VALUES (739, 365, '64\'', 2, NULL, 'Sergio Ramos');
INSERT INTO `esdeveniment` VALUES (740, 365, '42\'', 3, NULL, 'Hugo Silva');
INSERT INTO `esdeveniment` VALUES (741, 366, '46\'', 3, NULL, 'Sergio Ramos');
INSERT INTO `esdeveniment` VALUES (742, 366, '47\'', 3, NULL, 'Bernat Vidal');
INSERT INTO `esdeveniment` VALUES (743, 367, '42\'', 1, NULL, 'Leo Messi');
INSERT INTO `esdeveniment` VALUES (744, 367, '13\'', 3, NULL, 'Marc Barceló');
INSERT INTO `esdeveniment` VALUES (745, 368, '49\'', 4, NULL, 'Andreu Barceló');
INSERT INTO `esdeveniment` VALUES (746, 368, '9\'', 6, NULL, 'Rafael Nadal');
INSERT INTO `esdeveniment` VALUES (747, 369, '3\'', 4, 69, 'Joan Barceló');
INSERT INTO `esdeveniment` VALUES (748, 369, '81\'', 5, 213, 'Bernat Rosselló');
INSERT INTO `esdeveniment` VALUES (749, 370, '63\'', 3, NULL, 'Marc Bauzà');
INSERT INTO `esdeveniment` VALUES (750, 370, '32\'', 2, NULL, 'Lluc Barceló');
INSERT INTO `esdeveniment` VALUES (751, 371, '44\'', 4, NULL, 'Luka Doncic');
INSERT INTO `esdeveniment` VALUES (752, 371, '12\'', 1, NULL, 'Andreu Riera');
INSERT INTO `esdeveniment` VALUES (753, 372, '15\'', 3, NULL, 'Enric Munar');
INSERT INTO `esdeveniment` VALUES (754, 372, '88\'', 3, NULL, 'Pere Bauzà');
INSERT INTO `esdeveniment` VALUES (755, 373, '21\'', 6, NULL, 'Pau Coll');
INSERT INTO `esdeveniment` VALUES (756, 373, '53\'', 3, NULL, 'Jimmy Butler');
INSERT INTO `esdeveniment` VALUES (757, 374, '20\'', 6, NULL, 'Luka Modric');
INSERT INTO `esdeveniment` VALUES (758, 374, '89\'', 1, NULL, 'Miquel Gomila');
INSERT INTO `esdeveniment` VALUES (759, 375, '67\'', 3, NULL, 'Andreu Pons');
INSERT INTO `esdeveniment` VALUES (760, 375, '37\'', 1, NULL, 'Joan Vidal');
INSERT INTO `esdeveniment` VALUES (761, 376, '15\'', 4, NULL, 'Marc Vidal');
INSERT INTO `esdeveniment` VALUES (762, 376, '50\'', 6, NULL, 'Bernat Bauzà');
INSERT INTO `esdeveniment` VALUES (763, 377, '5\'', 3, NULL, 'Dani Carvajal');
INSERT INTO `esdeveniment` VALUES (764, 377, '3\'', 6, NULL, 'Venus Williams');
INSERT INTO `esdeveniment` VALUES (765, 378, '26\'', 6, NULL, 'Bernat Bauzà');
INSERT INTO `esdeveniment` VALUES (766, 378, '28\'', 1, NULL, 'Victor Wembanyama');
INSERT INTO `esdeveniment` VALUES (767, 379, '22\'', 1, NULL, 'Joan Bauzà');
INSERT INTO `esdeveniment` VALUES (768, 379, '1\'', 4, NULL, 'Joshua Kimmich');
INSERT INTO `esdeveniment` VALUES (769, 380, '3\'', 3, NULL, 'Pau Vidal');
INSERT INTO `esdeveniment` VALUES (770, 380, '59\'', 2, NULL, 'Lluc Bauzà');
INSERT INTO `esdeveniment` VALUES (771, 381, '18\'', 2, NULL, 'Luka Modric');
INSERT INTO `esdeveniment` VALUES (772, 381, '79\'', 3, NULL, 'Andreu Munar');
INSERT INTO `esdeveniment` VALUES (773, 382, '77\'', 5, 205, 'Marc Bauzà');
INSERT INTO `esdeveniment` VALUES (774, 382, '37\'', 4, 60, 'Pau Munar');
INSERT INTO `esdeveniment` VALUES (775, 383, '8\'', 3, NULL, 'Robert Lewandowski');
INSERT INTO `esdeveniment` VALUES (776, 383, '11\'', 2, NULL, 'Miquel Bauzà');
INSERT INTO `esdeveniment` VALUES (777, 384, '54\'', 3, NULL, 'Andreu Barceló');
INSERT INTO `esdeveniment` VALUES (778, 384, '28\'', 2, NULL, 'Andreu Bauzà');
INSERT INTO `esdeveniment` VALUES (779, 385, '58\'', 2, NULL, 'Xavi Font');
INSERT INTO `esdeveniment` VALUES (780, 385, '47\'', 5, 183, 'Pere Pons');
INSERT INTO `esdeveniment` VALUES (781, 386, '22\'', 6, NULL, 'Alexander Zverev');
INSERT INTO `esdeveniment` VALUES (782, 386, '77\'', 4, NULL, 'Jordi Barceló');
INSERT INTO `esdeveniment` VALUES (783, 387, '11\'', 1, NULL, 'Andreu Bauzà');
INSERT INTO `esdeveniment` VALUES (784, 387, '61\'', 3, NULL, 'Pau Vidal');
INSERT INTO `esdeveniment` VALUES (785, 388, '66\'', 4, NULL, 'Enric Pons');
INSERT INTO `esdeveniment` VALUES (786, 388, '78\'', 4, NULL, 'Enric Pons');
INSERT INTO `esdeveniment` VALUES (787, 389, '84\'', 1, NULL, 'Robin Le Normand');
INSERT INTO `esdeveniment` VALUES (788, 389, '87\'', 3, NULL, 'Joel Embiid');
INSERT INTO `esdeveniment` VALUES (789, 390, '85\'', 4, NULL, 'Marc-André Ter Stegen');
INSERT INTO `esdeveniment` VALUES (790, 390, '32\'', 6, NULL, 'Andreu Riera');
INSERT INTO `esdeveniment` VALUES (791, 391, '33\'', 1, NULL, 'Joel Embiid');
INSERT INTO `esdeveniment` VALUES (792, 391, '64\'', 1, NULL, 'Toni Riera');
INSERT INTO `esdeveniment` VALUES (793, 392, '33\'', 4, 175, 'Alisson Becker');
INSERT INTO `esdeveniment` VALUES (794, 392, '57\'', 4, NULL, 'Venus Williams');
INSERT INTO `esdeveniment` VALUES (795, 393, '77\'', 4, NULL, 'Pau Barceló');
INSERT INTO `esdeveniment` VALUES (796, 393, '59\'', 3, NULL, 'Joan Bauzà');
INSERT INTO `esdeveniment` VALUES (797, 394, '74\'', 1, NULL, 'Oriol Grau');
INSERT INTO `esdeveniment` VALUES (798, 394, '63\'', 3, NULL, 'Trent Alexander');
INSERT INTO `esdeveniment` VALUES (799, 395, '82\'', 3, NULL, 'Pau Vidal');
INSERT INTO `esdeveniment` VALUES (800, 395, '17\'', 5, 193, 'Roger Federer');
INSERT INTO `esdeveniment` VALUES (801, 396, '31\'', 3, NULL, 'Jordi Pons');
INSERT INTO `esdeveniment` VALUES (802, 396, '85\'', 4, NULL, 'Ja Morant');
INSERT INTO `esdeveniment` VALUES (803, 397, '88\'', 2, NULL, 'Andreu Gomila');
INSERT INTO `esdeveniment` VALUES (804, 397, '2\'', 4, NULL, 'Pere Gomila');
INSERT INTO `esdeveniment` VALUES (805, 398, '58\'', 4, NULL, 'Jan Oblak');
INSERT INTO `esdeveniment` VALUES (806, 398, '20\'', 2, NULL, 'Pau Munar');
INSERT INTO `esdeveniment` VALUES (807, 399, '35\'', 3, NULL, 'Damian Lillard');
INSERT INTO `esdeveniment` VALUES (808, 399, '49\'', 5, 158, 'Pau Gasol');
INSERT INTO `esdeveniment` VALUES (809, 400, '86\'', 4, NULL, 'Joshua Kimmich');
INSERT INTO `esdeveniment` VALUES (810, 400, '14\'', 6, NULL, 'Sergi Aguiló');
INSERT INTO `esdeveniment` VALUES (811, 401, '37\'', 1, NULL, 'Brais Méndez');
INSERT INTO `esdeveniment` VALUES (812, 401, '44\'', 1, NULL, 'Gavi Páez');
INSERT INTO `esdeveniment` VALUES (813, 402, '52\'', 6, NULL, 'Jordi Coll');
INSERT INTO `esdeveniment` VALUES (814, 402, '57\'', 4, NULL, 'Nico Williams');
INSERT INTO `esdeveniment` VALUES (815, 403, '80\'', 5, 166, 'Enric Munar');
INSERT INTO `esdeveniment` VALUES (816, 403, '13\'', 3, NULL, 'Pere Coll');
INSERT INTO `esdeveniment` VALUES (817, 404, '82\'', 1, NULL, 'Enric Pons');
INSERT INTO `esdeveniment` VALUES (818, 404, '3\'', 5, 161, 'Jimmy Butler');
INSERT INTO `esdeveniment` VALUES (819, 405, '51\'', 4, NULL, 'Joan Vidal');
INSERT INTO `esdeveniment` VALUES (820, 405, '35\'', 1, NULL, 'Bernat Gomila');
INSERT INTO `esdeveniment` VALUES (821, 406, '41\'', 6, NULL, 'Son Heung');
INSERT INTO `esdeveniment` VALUES (822, 406, '19\'', 2, NULL, 'Enric Munar');
INSERT INTO `esdeveniment` VALUES (823, 407, '76\'', 3, NULL, 'Bernat Barceló');
INSERT INTO `esdeveniment` VALUES (824, 407, '16\'', 6, NULL, 'Bernat Bauzà');
INSERT INTO `esdeveniment` VALUES (825, 408, '69\'', 2, NULL, 'Pere Munar');
INSERT INTO `esdeveniment` VALUES (826, 408, '3\'', 3, NULL, 'Iga Swiatek');
INSERT INTO `esdeveniment` VALUES (827, 409, '66\'', 4, 64, 'Kylian Mbappe');
INSERT INTO `esdeveniment` VALUES (828, 409, '69\'', 1, NULL, 'Pere Munar');
INSERT INTO `esdeveniment` VALUES (829, 410, '87\'', 5, 222, 'Toni Kroos');
INSERT INTO `esdeveniment` VALUES (830, 410, '53\'', 6, NULL, 'Miquel Munar');
INSERT INTO `esdeveniment` VALUES (831, 411, '51\'', 2, NULL, 'Bernat Riera');
INSERT INTO `esdeveniment` VALUES (832, 411, '52\'', 1, NULL, 'Caroline Wozniacki');
INSERT INTO `esdeveniment` VALUES (833, 412, '74\'', 5, 219, 'Lluc Bauzà');
INSERT INTO `esdeveniment` VALUES (834, 412, '45\'', 1, NULL, 'Guillem Bordoy');
INSERT INTO `esdeveniment` VALUES (835, 413, '22\'', 5, 188, 'Pere Vidal');
INSERT INTO `esdeveniment` VALUES (836, 413, '10\'', 2, NULL, 'Guillem Bordoy');
INSERT INTO `esdeveniment` VALUES (837, 414, '2\'', 2, NULL, 'Xavi Font');
INSERT INTO `esdeveniment` VALUES (838, 414, '44\'', 4, NULL, 'Joan Vidal');
INSERT INTO `esdeveniment` VALUES (839, 415, '13\'', 1, NULL, 'Jimmy Butler');
INSERT INTO `esdeveniment` VALUES (840, 415, '27\'', 1, NULL, 'Rafael Nadal');
INSERT INTO `esdeveniment` VALUES (841, 416, '38\'', 6, NULL, 'Coco Gauff');
INSERT INTO `esdeveniment` VALUES (842, 416, '32\'', 1, NULL, 'Lluc Sastre');
INSERT INTO `esdeveniment` VALUES (843, 417, '5\'', 2, NULL, 'Miquel Coll');
INSERT INTO `esdeveniment` VALUES (844, 417, '80\'', 5, 150, 'Gavi Páez');
INSERT INTO `esdeveniment` VALUES (845, 418, '41\'', 6, NULL, 'Pere Munar');
INSERT INTO `esdeveniment` VALUES (846, 418, '69\'', 3, NULL, 'Trent Alexander');
INSERT INTO `esdeveniment` VALUES (847, 419, '50\'', 5, 207, 'Jordi Munar');
INSERT INTO `esdeveniment` VALUES (848, 419, '67\'', 5, 186, 'Robin Le Normand');
INSERT INTO `esdeveniment` VALUES (849, 420, '15\'', 5, 165, 'Son Heung');
INSERT INTO `esdeveniment` VALUES (850, 420, '44\'', 1, NULL, 'Enric Gomila');
INSERT INTO `esdeveniment` VALUES (851, 421, '79\'', 2, NULL, 'Andreu Barceló');
INSERT INTO `esdeveniment` VALUES (852, 421, '35\'', 3, NULL, 'Aryna Sabalenka');
INSERT INTO `esdeveniment` VALUES (853, 422, '54\'', 6, NULL, 'Roger Federer');
INSERT INTO `esdeveniment` VALUES (854, 422, '87\'', 6, NULL, 'Lluc Pons');
INSERT INTO `esdeveniment` VALUES (855, 423, '89\'', 1, NULL, 'Jordi Pons');
INSERT INTO `esdeveniment` VALUES (856, 423, '9\'', 3, NULL, 'Pau Coll');
INSERT INTO `esdeveniment` VALUES (857, 424, '4\'', 6, NULL, 'Enric Vidal');
INSERT INTO `esdeveniment` VALUES (858, 424, '9\'', 6, NULL, 'Daniil Medvedev');
INSERT INTO `esdeveniment` VALUES (859, 425, '44\'', 4, NULL, 'Enric Coll');
INSERT INTO `esdeveniment` VALUES (860, 425, '47\'', 6, NULL, 'Andreu Gomila');
INSERT INTO `esdeveniment` VALUES (861, 426, '55\'', 4, NULL, 'Pere Vidal');
INSERT INTO `esdeveniment` VALUES (862, 426, '1\'', 3, NULL, 'Kevin Durant');
INSERT INTO `esdeveniment` VALUES (863, 427, '71\'', 6, NULL, 'Joel Embiid');
INSERT INTO `esdeveniment` VALUES (864, 427, '0\'', 3, NULL, 'Joan Coll');
INSERT INTO `esdeveniment` VALUES (865, 428, '88\'', 5, 246, 'Neymar Silva');
INSERT INTO `esdeveniment` VALUES (866, 428, '55\'', 6, NULL, 'Robin Le Normand');
INSERT INTO `esdeveniment` VALUES (867, 429, '74\'', 2, NULL, 'Brais Méndez');
INSERT INTO `esdeveniment` VALUES (868, 429, '9\'', 4, NULL, 'Marc Coll');
INSERT INTO `esdeveniment` VALUES (869, 430, '47\'', 6, NULL, 'Pau Barceló');
INSERT INTO `esdeveniment` VALUES (870, 430, '2\'', 3, NULL, 'Miquel Bauzà');
INSERT INTO `esdeveniment` VALUES (871, 431, '66\'', 4, NULL, 'Marc Vidal');
INSERT INTO `esdeveniment` VALUES (872, 431, '72\'', 2, NULL, 'Robert Lewandowski');
INSERT INTO `esdeveniment` VALUES (873, 432, '64\'', 6, NULL, 'Thibaut Courtois');
INSERT INTO `esdeveniment` VALUES (874, 432, '22\'', 4, NULL, 'Pere Munar');
INSERT INTO `esdeveniment` VALUES (875, 433, '37\'', 1, NULL, 'Andreu Bauzà');
INSERT INTO `esdeveniment` VALUES (876, 433, '49\'', 2, NULL, 'Mikel Oyarzabal');
INSERT INTO `esdeveniment` VALUES (877, 434, '67\'', 6, NULL, 'Enric Pons');
INSERT INTO `esdeveniment` VALUES (878, 434, '34\'', 1, NULL, 'Joel Embiid');
INSERT INTO `esdeveniment` VALUES (879, 435, '36\'', 5, 169, 'Lluc Gomila');
INSERT INTO `esdeveniment` VALUES (880, 435, '25\'', 2, NULL, 'Bernat Barceló');
INSERT INTO `esdeveniment` VALUES (881, 436, '69\'', 6, NULL, 'Bernat Barceló');
INSERT INTO `esdeveniment` VALUES (882, 436, '3\'', 4, NULL, 'Rafel Salom');
INSERT INTO `esdeveniment` VALUES (883, 437, '81\'', 5, 182, 'Joan Bauzà');
INSERT INTO `esdeveniment` VALUES (884, 437, '68\'', 5, 165, 'Joan Bauzà');
INSERT INTO `esdeveniment` VALUES (885, 438, '21\'', 1, NULL, 'Stephen Curry');
INSERT INTO `esdeveniment` VALUES (886, 438, '59\'', 1, NULL, 'Joel Embiid');
INSERT INTO `esdeveniment` VALUES (887, 439, '41\'', 1, NULL, 'Bernat Bauzà');
INSERT INTO `esdeveniment` VALUES (888, 439, '75\'', 1, NULL, 'Andreu Bauzà');
INSERT INTO `esdeveniment` VALUES (889, 440, '63\'', 3, NULL, 'Pere Gomila');
INSERT INTO `esdeveniment` VALUES (890, 440, '76\'', 1, NULL, 'Pau Barceló');
INSERT INTO `esdeveniment` VALUES (891, 441, '81\'', 2, NULL, 'Andreu Gomila');
INSERT INTO `esdeveniment` VALUES (892, 441, '41\'', 4, NULL, 'Kylian Mbappe');
INSERT INTO `esdeveniment` VALUES (893, 442, '56\'', 2, NULL, 'Ricky Rubio');
INSERT INTO `esdeveniment` VALUES (894, 442, '67\'', 5, 178, 'Jordi Bauzà');
INSERT INTO `esdeveniment` VALUES (895, 443, '64\'', 2, NULL, 'Leo Messi');
INSERT INTO `esdeveniment` VALUES (896, 443, '74\'', 4, NULL, 'Miquel Barceló');
INSERT INTO `esdeveniment` VALUES (897, 444, '16\'', 2, NULL, 'Paula Badosa');
INSERT INTO `esdeveniment` VALUES (898, 444, '7\'', 3, NULL, 'Andreu Barceló');
INSERT INTO `esdeveniment` VALUES (899, 445, '84\'', 3, NULL, 'Carlos Alcaraz');
INSERT INTO `esdeveniment` VALUES (900, 445, '13\'', 4, NULL, 'Iga Swiatek');
INSERT INTO `esdeveniment` VALUES (901, 446, '31\'', 1, NULL, 'Robin Le Normand');
INSERT INTO `esdeveniment` VALUES (902, 446, '35\'', 5, 196, 'Andreu Gomila');
INSERT INTO `esdeveniment` VALUES (903, 447, '32\'', 4, NULL, 'Joan Bauzà');
INSERT INTO `esdeveniment` VALUES (904, 447, '16\'', 6, NULL, 'Coco Gauff');
INSERT INTO `esdeveniment` VALUES (905, 448, '24\'', 3, NULL, 'Bernat Munar');
INSERT INTO `esdeveniment` VALUES (906, 448, '41\'', 6, NULL, 'Pau Gasol');
INSERT INTO `esdeveniment` VALUES (907, 449, '33\'', 6, NULL, 'Venus Williams');
INSERT INTO `esdeveniment` VALUES (908, 449, '78\'', 3, NULL, 'Holger Rune');
INSERT INTO `esdeveniment` VALUES (909, 450, '19\'', 6, NULL, 'Joan Sastre');
INSERT INTO `esdeveniment` VALUES (910, 450, '25\'', 3, NULL, 'Robin Le Normand');
INSERT INTO `esdeveniment` VALUES (911, 451, '29\'', 3, NULL, 'Miquel Vidal');
INSERT INTO `esdeveniment` VALUES (912, 451, '68\'', 5, 237, 'Jordi Barceló');
INSERT INTO `esdeveniment` VALUES (913, 452, '38\'', 6, NULL, 'Pere Coll');
INSERT INTO `esdeveniment` VALUES (914, 452, '37\'', 2, NULL, 'Sebastià Sureda');
INSERT INTO `esdeveniment` VALUES (915, 453, '85\'', 1, NULL, 'Pau Coll');
INSERT INTO `esdeveniment` VALUES (916, 453, '29\'', 4, 223, 'Joan Barceló');
INSERT INTO `esdeveniment` VALUES (917, 454, '62\'', 6, NULL, 'Lluc Sastre');
INSERT INTO `esdeveniment` VALUES (918, 454, '12\'', 1, NULL, 'Fran Navarro');
INSERT INTO `esdeveniment` VALUES (919, 455, '34\'', 3, NULL, 'Joan Pons');
INSERT INTO `esdeveniment` VALUES (920, 455, '7\'', 1, NULL, 'Caroline Wozniacki');
INSERT INTO `esdeveniment` VALUES (921, 456, '2\'', 6, NULL, 'Bernat Barceló');
INSERT INTO `esdeveniment` VALUES (922, 456, '66\'', 5, 232, 'Elena Rybakina');
INSERT INTO `esdeveniment` VALUES (923, 457, '73\'', 5, 230, 'Rafel Salom');
INSERT INTO `esdeveniment` VALUES (924, 457, '79\'', 3, NULL, 'Miquel Munar');
INSERT INTO `esdeveniment` VALUES (925, 458, '43\'', 1, NULL, 'Pere Munar');
INSERT INTO `esdeveniment` VALUES (926, 458, '16\'', 4, NULL, 'Joan Coll');
INSERT INTO `esdeveniment` VALUES (927, 459, '10\'', 6, NULL, 'Roger Federer');
INSERT INTO `esdeveniment` VALUES (928, 459, '45\'', 4, 17, 'Bernat Riera');
INSERT INTO `esdeveniment` VALUES (929, 460, '55\'', 2, NULL, 'Joan Barceló');
INSERT INTO `esdeveniment` VALUES (930, 460, '7\'', 6, NULL, 'Jordi Coll');
INSERT INTO `esdeveniment` VALUES (931, 461, '3\'', 4, 209, 'Marc Vidal');
INSERT INTO `esdeveniment` VALUES (932, 461, '8\'', 4, NULL, 'Enric Pons');
INSERT INTO `esdeveniment` VALUES (933, 462, '44\'', 5, 241, 'Gerard Piqué');
INSERT INTO `esdeveniment` VALUES (934, 462, '40\'', 6, NULL, 'Virgil Van Dijk');
INSERT INTO `esdeveniment` VALUES (935, 463, '18\'', 2, NULL, 'Kyrie Irving');
INSERT INTO `esdeveniment` VALUES (936, 463, '66\'', 6, NULL, 'Jordi Munar');
INSERT INTO `esdeveniment` VALUES (937, 464, '26\'', 5, 237, 'Aryna Sabalenka');
INSERT INTO `esdeveniment` VALUES (938, 464, '88\'', 4, NULL, 'Lluc Gomila');
INSERT INTO `esdeveniment` VALUES (939, 465, '7\'', 4, 46, 'Miquel Sastre');
INSERT INTO `esdeveniment` VALUES (940, 465, '71\'', 1, NULL, 'Albert Garau');
INSERT INTO `esdeveniment` VALUES (941, 466, '27\'', 1, NULL, 'Borja Iglesias');
INSERT INTO `esdeveniment` VALUES (942, 466, '51\'', 4, NULL, 'Marc Munar');
INSERT INTO `esdeveniment` VALUES (943, 467, '15\'', 1, NULL, 'Joan Pons');
INSERT INTO `esdeveniment` VALUES (944, 467, '8\'', 1, NULL, 'Victor Wembanyama');
INSERT INTO `esdeveniment` VALUES (945, 468, '23\'', 6, NULL, 'Jordi Coll');
INSERT INTO `esdeveniment` VALUES (946, 468, '12\'', 5, 182, 'Isco Alarcón');
INSERT INTO `esdeveniment` VALUES (947, 469, '25\'', 2, NULL, 'Bernat Bauzà');
INSERT INTO `esdeveniment` VALUES (948, 469, '13\'', 1, NULL, 'Andreu Barceló');
INSERT INTO `esdeveniment` VALUES (949, 470, '24\'', 6, NULL, 'Sergi Aguiló');
INSERT INTO `esdeveniment` VALUES (950, 470, '66\'', 6, NULL, 'Andreu Bauzà');
INSERT INTO `esdeveniment` VALUES (951, 471, '52\'', 1, NULL, 'Alphonso Davies');
INSERT INTO `esdeveniment` VALUES (952, 471, '32\'', 5, 194, 'Stephen Curry');
INSERT INTO `esdeveniment` VALUES (953, 472, '52\'', 5, 178, 'Enric Barceló');
INSERT INTO `esdeveniment` VALUES (954, 472, '79\'', 2, NULL, 'LeBron James');
INSERT INTO `esdeveniment` VALUES (955, 473, '38\'', 4, NULL, 'Zion Williamson');
INSERT INTO `esdeveniment` VALUES (956, 473, '25\'', 6, NULL, 'Lluc Pons');
INSERT INTO `esdeveniment` VALUES (957, 474, '45\'', 6, NULL, 'Bernat Barceló');
INSERT INTO `esdeveniment` VALUES (958, 474, '4\'', 4, NULL, 'Pedri González');
INSERT INTO `esdeveniment` VALUES (959, 475, '44\'', 6, NULL, 'Lluc Coll');
INSERT INTO `esdeveniment` VALUES (960, 475, '73\'', 4, NULL, 'Jimmy Butler');
INSERT INTO `esdeveniment` VALUES (961, 476, '15\'', 2, NULL, 'Fran Navarro');
INSERT INTO `esdeveniment` VALUES (962, 476, '80\'', 4, NULL, 'Alisson Becker');
INSERT INTO `esdeveniment` VALUES (963, 477, '34\'', 1, NULL, 'Lluc Pons');
INSERT INTO `esdeveniment` VALUES (964, 477, '21\'', 6, NULL, 'Luka Modric');
INSERT INTO `esdeveniment` VALUES (965, 478, '18\'', 1, NULL, 'Pere Munar');
INSERT INTO `esdeveniment` VALUES (966, 478, '56\'', 1, NULL, 'Damian Lillard');
INSERT INTO `esdeveniment` VALUES (967, 479, '12\'', 5, 234, 'Joan Pons');
INSERT INTO `esdeveniment` VALUES (968, 479, '87\'', 6, NULL, 'Lluc Pons');
INSERT INTO `esdeveniment` VALUES (969, 480, '22\'', 5, 157, 'Marc-André Ter Stegen');
INSERT INTO `esdeveniment` VALUES (970, 480, '0\'', 5, 198, 'Cristiano Dos Santos');
INSERT INTO `esdeveniment` VALUES (971, 481, '71\'', 5, 226, 'Marc Coll');
INSERT INTO `esdeveniment` VALUES (972, 481, '5\'', 2, NULL, 'Sergi Aguiló');
INSERT INTO `esdeveniment` VALUES (973, 482, '3\'', 3, NULL, 'Gavi Páez');
INSERT INTO `esdeveniment` VALUES (974, 482, '16\'', 4, NULL, 'Andreu Pons');
INSERT INTO `esdeveniment` VALUES (975, 483, '16\'', 2, NULL, 'Miquel Munar');
INSERT INTO `esdeveniment` VALUES (976, 483, '73\'', 2, NULL, 'Jordi Gomila');
INSERT INTO `esdeveniment` VALUES (977, 484, '74\'', 3, NULL, 'Neymar Silva');
INSERT INTO `esdeveniment` VALUES (978, 484, '34\'', 5, 229, 'Jordi Comas');
INSERT INTO `esdeveniment` VALUES (979, 485, '67\'', 3, NULL, 'Lluc Gomila');
INSERT INTO `esdeveniment` VALUES (980, 485, '70\'', 5, 186, 'Andreu Gomila');
INSERT INTO `esdeveniment` VALUES (981, 486, '19\'', 6, NULL, 'Jordi Coll');
INSERT INTO `esdeveniment` VALUES (982, 486, '10\'', 5, 161, 'Naomi Osaka');
INSERT INTO `esdeveniment` VALUES (983, 487, '13\'', 4, NULL, 'Jordi Pons');
INSERT INTO `esdeveniment` VALUES (984, 487, '73\'', 1, NULL, 'Shai Gilgeous');
INSERT INTO `esdeveniment` VALUES (985, 488, '23\'', 6, NULL, 'Enric Coll');
INSERT INTO `esdeveniment` VALUES (986, 488, '45\'', 6, NULL, 'Bernat Coll');
INSERT INTO `esdeveniment` VALUES (987, 489, '20\'', 2, NULL, 'Bernat Munar');
INSERT INTO `esdeveniment` VALUES (988, 489, '73\'', 2, NULL, 'Maria Sakkari');
INSERT INTO `esdeveniment` VALUES (989, 490, '38\'', 4, 152, 'Carlos Alcaraz');
INSERT INTO `esdeveniment` VALUES (990, 490, '72\'', 2, NULL, 'Sergi Aguiló');
INSERT INTO `esdeveniment` VALUES (991, 491, '39\'', 5, 208, 'Ricky Rubio');
INSERT INTO `esdeveniment` VALUES (992, 491, '2\'', 1, NULL, 'Enric Pons');
INSERT INTO `esdeveniment` VALUES (993, 492, '60\'', 6, NULL, 'Kyrie Irving');
INSERT INTO `esdeveniment` VALUES (994, 492, '46\'', 6, NULL, 'Fran Navarro');
INSERT INTO `esdeveniment` VALUES (995, 493, '73\'', 3, NULL, 'Jordi Comas');
INSERT INTO `esdeveniment` VALUES (996, 493, '79\'', 6, NULL, 'Miquel Coll');
INSERT INTO `esdeveniment` VALUES (997, 494, '29\'', 4, NULL, 'Pau Pons');
INSERT INTO `esdeveniment` VALUES (998, 494, '27\'', 4, NULL, 'Mikel Oyarzabal');
INSERT INTO `esdeveniment` VALUES (999, 495, '80\'', 5, 158, 'Stephen Curry');
INSERT INTO `esdeveniment` VALUES (1000, 495, '19\'', 5, 174, 'Bernat Gomila');
INSERT INTO `esdeveniment` VALUES (1001, 496, '5\'', 1, NULL, 'Stephen Curry');
INSERT INTO `esdeveniment` VALUES (1002, 496, '18\'', 5, 161, 'Joan Munar');
INSERT INTO `esdeveniment` VALUES (1003, 497, '33\'', 3, NULL, 'Gavi Páez');
INSERT INTO `esdeveniment` VALUES (1004, 497, '19\'', 5, 224, 'Jordi Barceló');
INSERT INTO `esdeveniment` VALUES (1005, 498, '63\'', 4, NULL, 'Jordi Comas');
INSERT INTO `esdeveniment` VALUES (1006, 498, '37\'', 4, NULL, 'Andreu Barceló');
INSERT INTO `esdeveniment` VALUES (1007, 499, '58\'', 3, NULL, 'Pau Barceló');
INSERT INTO `esdeveniment` VALUES (1008, 499, '44\'', 1, NULL, 'Holger Rune');
INSERT INTO `esdeveniment` VALUES (1009, 500, '51\'', 5, 172, 'Enric Munar');
INSERT INTO `esdeveniment` VALUES (1010, 500, '31\'', 2, NULL, 'Andreu Munar');
INSERT INTO `esdeveniment` VALUES (1034, 1, '74\'', 8, NULL, 'Oriol Grau');
INSERT INTO `esdeveniment` VALUES (1035, 2, '39\'', 23, NULL, 'Enric Barceló');
INSERT INTO `esdeveniment` VALUES (1036, 3, '67\'', 7, NULL, 'Pau Vidal');
INSERT INTO `esdeveniment` VALUES (1037, 4, '88\'', 9, 207, 'Unai Simón');
INSERT INTO `esdeveniment` VALUES (1038, 5, '82\'', 3, NULL, 'Jan Oblak');
INSERT INTO `esdeveniment` VALUES (1039, 6, '4\'', 10, NULL, 'Hugo Silva');
INSERT INTO `esdeveniment` VALUES (1040, 7, '12\'', 34, NULL, 'Daniil Medvedev');
INSERT INTO `esdeveniment` VALUES (1041, 8, '61\'', 37, NULL, 'Pere Coll');
INSERT INTO `esdeveniment` VALUES (1042, 9, '5\'', 21, NULL, 'Jordi Coll');
INSERT INTO `esdeveniment` VALUES (1043, 10, '32\'', 29, 5, 'Stefanos Tsitsipas');
INSERT INTO `esdeveniment` VALUES (1044, 11, '15\'', 33, NULL, 'Pau Gasol');
INSERT INTO `esdeveniment` VALUES (1045, 12, '46\'', 22, NULL, 'Andreu Coll');
INSERT INTO `esdeveniment` VALUES (1046, 13, '37\'', 10, NULL, 'Brais Méndez');
INSERT INTO `esdeveniment` VALUES (1047, 14, '88\'', 17, 1, 'Pau Vidal');
INSERT INTO `esdeveniment` VALUES (1048, 15, '38\'', 36, NULL, 'Dani Carvajal');
INSERT INTO `esdeveniment` VALUES (1049, 16, '27\'', 2, NULL, 'Cristiano Dos Santos');
INSERT INTO `esdeveniment` VALUES (1050, 17, '26\'', 23, NULL, 'Jordi Munar');
INSERT INTO `esdeveniment` VALUES (1051, 18, '82\'', 14, NULL, 'Joan Bauzà');
INSERT INTO `esdeveniment` VALUES (1052, 19, '36\'', 21, NULL, 'Toni Riera');
INSERT INTO `esdeveniment` VALUES (1053, 20, '44\'', 4, NULL, 'Joshua Kimmich');
INSERT INTO `esdeveniment` VALUES (1054, 21, '31\'', 21, 88, 'Lluc Coll');
INSERT INTO `esdeveniment` VALUES (1055, 22, '63\'', 20, NULL, 'Pere Coll');
INSERT INTO `esdeveniment` VALUES (1056, 23, '31\'', 27, NULL, 'Kevin De Bruyne');
INSERT INTO `esdeveniment` VALUES (1057, 24, '72\'', 17, NULL, 'Miquel Gomila');
INSERT INTO `esdeveniment` VALUES (1058, 25, '78\'', 8, NULL, 'Bernat Bauzà');
INSERT INTO `esdeveniment` VALUES (1059, 26, '58\'', 22, NULL, 'Pau Bauzà');
INSERT INTO `esdeveniment` VALUES (1060, 27, '11\'', 19, NULL, 'Pau Gomila');
INSERT INTO `esdeveniment` VALUES (1061, 28, '13\'', 16, NULL, 'Joan Pons');
INSERT INTO `esdeveniment` VALUES (1062, 29, '59\'', 38, NULL, 'Karim Benzema');
INSERT INTO `esdeveniment` VALUES (1063, 30, '73\'', 28, NULL, 'Mateu Bestard');
INSERT INTO `esdeveniment` VALUES (1064, 31, '73\'', 15, NULL, 'Lluc Coll');
INSERT INTO `esdeveniment` VALUES (1065, 32, '72\'', 15, NULL, 'Pau Munar');
INSERT INTO `esdeveniment` VALUES (1066, 33, '57\'', 13, NULL, 'Pere Barceló');
INSERT INTO `esdeveniment` VALUES (1067, 34, '39\'', 3, NULL, 'Stephen Curry');
INSERT INTO `esdeveniment` VALUES (1068, 35, '63\'', 29, NULL, 'Joshua Kimmich');
INSERT INTO `esdeveniment` VALUES (1069, 36, '3\'', 27, NULL, 'Damian Lillard');
INSERT INTO `esdeveniment` VALUES (1070, 37, '47\'', 40, 225, 'Damian Lillard');
INSERT INTO `esdeveniment` VALUES (1071, 38, '46\'', 32, 154, 'Enric Coll');
INSERT INTO `esdeveniment` VALUES (1072, 39, '45\'', 30, NULL, 'Toni Riera');
INSERT INTO `esdeveniment` VALUES (1073, 40, '14\'', 10, NULL, 'Andreu Bauzà');
INSERT INTO `esdeveniment` VALUES (1074, 41, '41\'', 22, NULL, 'Bernat Munar');
INSERT INTO `esdeveniment` VALUES (1075, 42, '83\'', 17, NULL, 'Andreu Vidal');
INSERT INTO `esdeveniment` VALUES (1076, 43, '75\'', 20, NULL, 'Zion Williamson');
INSERT INTO `esdeveniment` VALUES (1077, 44, '83\'', 16, NULL, 'Pau Munar');
INSERT INTO `esdeveniment` VALUES (1078, 45, '22\'', 39, NULL, 'Daniil Medvedev');
INSERT INTO `esdeveniment` VALUES (1079, 46, '44\'', 28, NULL, 'Leo Messi');
INSERT INTO `esdeveniment` VALUES (1080, 47, '83\'', 35, NULL, 'Marc Bauzà');
INSERT INTO `esdeveniment` VALUES (1081, 48, '36\'', 3, NULL, 'Bernat Barceló');
INSERT INTO `esdeveniment` VALUES (1082, 49, '25\'', 3, NULL, 'Marc Bauzà');
INSERT INTO `esdeveniment` VALUES (1083, 50, '61\'', 1, NULL, 'Toni Kroos');
INSERT INTO `esdeveniment` VALUES (1084, 51, '58\'', 31, NULL, 'Joan Coll');
INSERT INTO `esdeveniment` VALUES (1085, 52, '37\'', 24, NULL, 'Ivan Rakitic');
INSERT INTO `esdeveniment` VALUES (1086, 53, '30\'', 26, 182, 'Alphonso Davies');
INSERT INTO `esdeveniment` VALUES (1087, 54, '86\'', 6, NULL, 'Pere Barceló');
INSERT INTO `esdeveniment` VALUES (1088, 55, '49\'', 38, NULL, 'Jordi Coll');
INSERT INTO `esdeveniment` VALUES (1089, 56, '62\'', 23, NULL, 'Victor Wembanyama');
INSERT INTO `esdeveniment` VALUES (1090, 57, '26\'', 31, NULL, 'Bernat Rosselló');
INSERT INTO `esdeveniment` VALUES (1091, 58, '50\'', 3, NULL, 'Lluc Vidal');
INSERT INTO `esdeveniment` VALUES (1092, 59, '6\'', 15, NULL, 'Marc-André Ter Stegen');
INSERT INTO `esdeveniment` VALUES (1093, 60, '3\'', 34, NULL, 'Stefanos Tsitsipas');
INSERT INTO `esdeveniment` VALUES (1094, 61, '81\'', 4, NULL, 'Dani Carvajal');
INSERT INTO `esdeveniment` VALUES (1095, 62, '8\'', 11, NULL, 'Ja Morant');
INSERT INTO `esdeveniment` VALUES (1096, 63, '10\'', 14, NULL, 'Pau Vidal');
INSERT INTO `esdeveniment` VALUES (1097, 64, '26\'', 9, 241, 'Oriol Grau');
INSERT INTO `esdeveniment` VALUES (1098, 65, '31\'', 23, NULL, 'Elena Rybakina');
INSERT INTO `esdeveniment` VALUES (1099, 66, '2\'', 30, NULL, 'Elena Rybakina');
INSERT INTO `esdeveniment` VALUES (1100, 67, '54\'', 2, NULL, 'Jordi Munar');
INSERT INTO `esdeveniment` VALUES (1101, 68, '3\'', 27, NULL, 'Jannik Sinner');
INSERT INTO `esdeveniment` VALUES (1102, 69, '34\'', 26, 233, 'Pere Vidal');
INSERT INTO `esdeveniment` VALUES (1103, 70, '52\'', 26, 212, 'Bernat Gomila');
INSERT INTO `esdeveniment` VALUES (1104, 71, '39\'', 17, 198, 'Jordi Munar');
INSERT INTO `esdeveniment` VALUES (1105, 72, '35\'', 8, NULL, 'Enric Munar');
INSERT INTO `esdeveniment` VALUES (1106, 73, '77\'', 13, NULL, 'Marc Sastre');
INSERT INTO `esdeveniment` VALUES (1107, 74, '12\'', 9, 230, 'Xavi Font');
INSERT INTO `esdeveniment` VALUES (1108, 75, '11\'', 3, NULL, 'Jordi Coll');
INSERT INTO `esdeveniment` VALUES (1109, 76, '76\'', 18, NULL, 'Jimmy Butler');
INSERT INTO `esdeveniment` VALUES (1110, 77, '14\'', 13, NULL, 'Bernat Vidal');
INSERT INTO `esdeveniment` VALUES (1111, 78, '50\'', 27, 12, 'Neymar Silva');
INSERT INTO `esdeveniment` VALUES (1112, 79, '24\'', 36, NULL, 'Luka Modric');
INSERT INTO `esdeveniment` VALUES (1113, 80, '31\'', 35, NULL, 'Unai Simón');
INSERT INTO `esdeveniment` VALUES (1114, 81, '52\'', 38, NULL, 'Miquel Bauzà');
INSERT INTO `esdeveniment` VALUES (1115, 82, '84\'', 10, NULL, 'Enric Bauzà');
INSERT INTO `esdeveniment` VALUES (1116, 83, '68\'', 35, NULL, 'Jordi Coll');
INSERT INTO `esdeveniment` VALUES (1117, 84, '30\'', 15, NULL, 'Joan Pons');
INSERT INTO `esdeveniment` VALUES (1118, 85, '63\'', 6, NULL, 'Gerard Piqué');
INSERT INTO `esdeveniment` VALUES (1119, 86, '8\'', 21, NULL, 'Pere Barceló');
INSERT INTO `esdeveniment` VALUES (1120, 87, '54\'', 37, 74, 'Pere Munar');
INSERT INTO `esdeveniment` VALUES (1121, 88, '68\'', 3, NULL, 'Enric Coll');
INSERT INTO `esdeveniment` VALUES (1122, 89, '59\'', 17, 61, 'Kevin Durant');
INSERT INTO `esdeveniment` VALUES (1123, 90, '76\'', 25, 181, 'Pau Bauzà');
INSERT INTO `esdeveniment` VALUES (1124, 91, '42\'', 24, NULL, 'Andreu Vidal');
INSERT INTO `esdeveniment` VALUES (1125, 92, '61\'', 17, NULL, 'Pere Pons');
INSERT INTO `esdeveniment` VALUES (1126, 93, '32\'', 5, 184, 'Pere Bauzà');
INSERT INTO `esdeveniment` VALUES (1127, 94, '22\'', 4, NULL, 'Enric Vidal');
INSERT INTO `esdeveniment` VALUES (1128, 95, '4\'', 4, 1, 'Jordi Gomila');
INSERT INTO `esdeveniment` VALUES (1129, 96, '46\'', 27, NULL, 'Lluc Vidal');
INSERT INTO `esdeveniment` VALUES (1130, 97, '68\'', 4, NULL, 'Joan Barceló');
INSERT INTO `esdeveniment` VALUES (1131, 98, '36\'', 6, NULL, 'Miquel Coll');
INSERT INTO `esdeveniment` VALUES (1132, 99, '49\'', 18, NULL, 'Sergio Ramos');
INSERT INTO `esdeveniment` VALUES (1133, 100, '22\'', 21, NULL, 'Andreu Munar');
INSERT INTO `esdeveniment` VALUES (1161, 1, '27\'', 1, NULL, 'Luka Doncic');
INSERT INTO `esdeveniment` VALUES (1162, 11, '43\'', 11, NULL, 'Jude Bellingham');
INSERT INTO `esdeveniment` VALUES (1163, 21, '45\'', 21, NULL, 'Kylian Mbappe');
INSERT INTO `esdeveniment` VALUES (1164, 31, '7\'', 31, NULL, 'Joan Pons');
INSERT INTO `esdeveniment` VALUES (1165, 41, '80\'', 41, NULL, 'Marc Vidal');
INSERT INTO `esdeveniment` VALUES (1166, 51, '20\'', 51, NULL, 'Hugo Silva');
INSERT INTO `esdeveniment` VALUES (1167, 61, '41\'', 61, 230, 'Marc Munar');
INSERT INTO `esdeveniment` VALUES (1168, 71, '54\'', 71, 208, 'Pere Gomila');
INSERT INTO `esdeveniment` VALUES (1169, 81, '57\'', 81, NULL, 'Bernat Riera');
INSERT INTO `esdeveniment` VALUES (1170, 91, '34\'', 91, 177, 'Joan Barceló');
INSERT INTO `esdeveniment` VALUES (1171, 2, '1\'', 2, NULL, 'Enric Vidal');
INSERT INTO `esdeveniment` VALUES (1172, 12, '84\'', 12, NULL, 'Cristiano Dos Santos');
INSERT INTO `esdeveniment` VALUES (1173, 22, '58\'', 22, NULL, 'Zion Williamson');
INSERT INTO `esdeveniment` VALUES (1174, 32, '38\'', 32, 218, 'Joan Bauzà');
INSERT INTO `esdeveniment` VALUES (1175, 42, '14\'', 42, NULL, 'Zion Williamson');
INSERT INTO `esdeveniment` VALUES (1176, 52, '50\'', 52, NULL, 'Joan Coll');
INSERT INTO `esdeveniment` VALUES (1177, 62, '25\'', 62, 211, 'Jordi Munar');
INSERT INTO `esdeveniment` VALUES (1178, 72, '67\'', 72, NULL, 'Miquel Munar');
INSERT INTO `esdeveniment` VALUES (1179, 82, '80\'', 82, 50, 'Maria Sakkari');
INSERT INTO `esdeveniment` VALUES (1180, 92, '22\'', 92, 70, 'Mateu Bestard');
INSERT INTO `esdeveniment` VALUES (1181, 3, '48\'', 3, NULL, 'Enric Pons');
INSERT INTO `esdeveniment` VALUES (1182, 13, '83\'', 13, NULL, 'Rafel Salom');
INSERT INTO `esdeveniment` VALUES (1183, 23, '5\'', 23, NULL, 'Thibaut Courtois');
INSERT INTO `esdeveniment` VALUES (1184, 33, '46\'', 33, 57, 'Naomi Osaka');
INSERT INTO `esdeveniment` VALUES (1185, 43, '34\'', 43, NULL, 'Marc Barceló');
INSERT INTO `esdeveniment` VALUES (1186, 53, '33\'', 53, 215, 'Pau Vidal');
INSERT INTO `esdeveniment` VALUES (1187, 63, '65\'', 63, NULL, 'Jordi Comas');
INSERT INTO `esdeveniment` VALUES (1188, 73, '46\'', 73, NULL, 'Marc Sastre');
INSERT INTO `esdeveniment` VALUES (1189, 83, '34\'', 83, 4, 'Joan Coll');
INSERT INTO `esdeveniment` VALUES (1190, 93, '32\'', 93, NULL, 'Mateu Bestard');
INSERT INTO `esdeveniment` VALUES (1191, 4, '58\'', 4, NULL, 'Enric Vidal');
INSERT INTO `esdeveniment` VALUES (1192, 14, '15\'', 14, NULL, 'Jordi Coll');
INSERT INTO `esdeveniment` VALUES (1193, 24, '83\'', 24, NULL, 'Joan Bauzà');
INSERT INTO `esdeveniment` VALUES (1194, 34, '8\'', 34, NULL, 'Pau Gomila');
INSERT INTO `esdeveniment` VALUES (1195, 44, '61\'', 44, NULL, 'Lluc Munar');
INSERT INTO `esdeveniment` VALUES (1196, 54, '11\'', 54, 205, 'Andreu Bauzà');
INSERT INTO `esdeveniment` VALUES (1197, 64, '55\'', 64, NULL, 'Fran Navarro');
INSERT INTO `esdeveniment` VALUES (1198, 74, '63\'', 74, 150, 'Marc Pons');
INSERT INTO `esdeveniment` VALUES (1199, 84, '62\'', 84, 164, 'Bernat Munar');
INSERT INTO `esdeveniment` VALUES (1200, 94, '28\'', 94, NULL, 'Luka Modric');
INSERT INTO `esdeveniment` VALUES (1201, 5, '44\'', 5, 233, 'Enric Vidal');
INSERT INTO `esdeveniment` VALUES (1202, 15, '48\'', 15, NULL, 'Erling Haaland');
INSERT INTO `esdeveniment` VALUES (1203, 25, '19\'', 25, 238, 'Andreu Gomila');
INSERT INTO `esdeveniment` VALUES (1204, 35, '43\'', 35, 11, 'Lluc Munar');
INSERT INTO `esdeveniment` VALUES (1205, 45, '67\'', 45, 27, 'Harry Kane');
INSERT INTO `esdeveniment` VALUES (1206, 55, '25\'', 55, 220, 'Jordi Munar');
INSERT INTO `esdeveniment` VALUES (1207, 65, '15\'', 65, NULL, 'Coco Gauff');
INSERT INTO `esdeveniment` VALUES (1208, 75, '0\'', 75, 99, 'Pau Vidal');
INSERT INTO `esdeveniment` VALUES (1209, 85, '47\'', 85, 231, 'Alisson Becker');
INSERT INTO `esdeveniment` VALUES (1210, 95, '54\'', 95, NULL, 'Stefanos Tsitsipas');
INSERT INTO `esdeveniment` VALUES (1211, 6, '42\'', 6, NULL, 'Roger Federer');
INSERT INTO `esdeveniment` VALUES (1212, 16, '46\'', 16, NULL, 'Miquel Gomila');
INSERT INTO `esdeveniment` VALUES (1213, 26, '16\'', 26, 164, 'Andreu Coll');
INSERT INTO `esdeveniment` VALUES (1214, 36, '30\'', 36, NULL, 'Daniil Medvedev');
INSERT INTO `esdeveniment` VALUES (1215, 46, '14\'', 46, NULL, 'Pau Vidal');
INSERT INTO `esdeveniment` VALUES (1216, 56, '69\'', 56, 91, 'Andreu Barceló');
INSERT INTO `esdeveniment` VALUES (1217, 66, '35\'', 66, NULL, 'Alisson Becker');
INSERT INTO `esdeveniment` VALUES (1218, 76, '56\'', 76, 200, 'Harry Kane');
INSERT INTO `esdeveniment` VALUES (1219, 86, '87\'', 86, 86, 'Aryna Sabalenka');
INSERT INTO `esdeveniment` VALUES (1220, 96, '89\'', 96, NULL, 'Pau Gomila');
INSERT INTO `esdeveniment` VALUES (1221, 7, '3\'', 7, NULL, 'Karim Benzema');
INSERT INTO `esdeveniment` VALUES (1222, 17, '20\'', 17, NULL, 'Miquel Gomila');
INSERT INTO `esdeveniment` VALUES (1223, 27, '2\'', 27, 12, 'Lluc Mir');
INSERT INTO `esdeveniment` VALUES (1224, 37, '39\'', 37, NULL, 'Andreu Barceló');
INSERT INTO `esdeveniment` VALUES (1225, 47, '8\'', 47, 34, 'Bernat Vidal');
INSERT INTO `esdeveniment` VALUES (1226, 57, '16\'', 57, NULL, 'Jayson Tatum');
INSERT INTO `esdeveniment` VALUES (1227, 67, '54\'', 67, NULL, 'Rafael Nadal');
INSERT INTO `esdeveniment` VALUES (1228, 77, '42\'', 77, 92, 'Joan Gomila');
INSERT INTO `esdeveniment` VALUES (1229, 87, '50\'', 87, NULL, 'Erling Haaland');
INSERT INTO `esdeveniment` VALUES (1230, 97, '32\'', 97, NULL, 'Sebastià Sureda');
INSERT INTO `esdeveniment` VALUES (1231, 8, '14\'', 8, NULL, 'David Alaba');
INSERT INTO `esdeveniment` VALUES (1232, 18, '63\'', 18, NULL, 'Isco Alarcón');
INSERT INTO `esdeveniment` VALUES (1233, 28, '4\'', 28, NULL, 'Jordi Coll');
INSERT INTO `esdeveniment` VALUES (1234, 38, '12\'', 38, NULL, 'Toni Kroos');
INSERT INTO `esdeveniment` VALUES (1235, 48, '50\'', 48, NULL, 'Luka Modric');
INSERT INTO `esdeveniment` VALUES (1236, 58, '33\'', 58, 223, 'Pau Pons');
INSERT INTO `esdeveniment` VALUES (1237, 68, '15\'', 68, 171, 'Miquel Barceló');
INSERT INTO `esdeveniment` VALUES (1238, 78, '66\'', 78, NULL, 'Pau Coll');
INSERT INTO `esdeveniment` VALUES (1239, 88, '16\'', 88, NULL, 'Pau Barceló');
INSERT INTO `esdeveniment` VALUES (1240, 98, '63\'', 98, 57, 'Bernat Coll');
INSERT INTO `esdeveniment` VALUES (1241, 9, '89\'', 9, 160, 'Venus Williams');
INSERT INTO `esdeveniment` VALUES (1242, 19, '74\'', 19, NULL, 'Robin Le Normand');
INSERT INTO `esdeveniment` VALUES (1243, 29, '16\'', 29, NULL, 'Damià Vila');
INSERT INTO `esdeveniment` VALUES (1244, 39, '37\'', 39, 185, 'Albert Garau');
INSERT INTO `esdeveniment` VALUES (1245, 49, '49\'', 49, NULL, 'Lluc Bauzà');
INSERT INTO `esdeveniment` VALUES (1246, 59, '43\'', 59, 185, 'Pedri González');
INSERT INTO `esdeveniment` VALUES (1247, 69, '67\'', 69, 229, 'Andreu Coll');
INSERT INTO `esdeveniment` VALUES (1248, 79, '28\'', 79, 214, 'Guillem Bordoy');
INSERT INTO `esdeveniment` VALUES (1249, 89, '30\'', 89, 222, 'Pere Munar');
INSERT INTO `esdeveniment` VALUES (1250, 99, '66\'', 99, 195, 'Marc Vidal');
INSERT INTO `esdeveniment` VALUES (1251, 10, '61\'', 10, NULL, 'Neymar Silva');
INSERT INTO `esdeveniment` VALUES (1252, 20, '17\'', 20, NULL, 'Paula Badosa');
INSERT INTO `esdeveniment` VALUES (1253, 30, '82\'', 30, 243, 'Bernat Bauzà');
INSERT INTO `esdeveniment` VALUES (1254, 40, '1\'', 40, 230, 'Andreu Coll');
INSERT INTO `esdeveniment` VALUES (1255, 50, '27\'', 50, NULL, 'Miquel Bauzà');
INSERT INTO `esdeveniment` VALUES (1256, 60, '45\'', 60, NULL, 'Pere Bauzà');
INSERT INTO `esdeveniment` VALUES (1257, 70, '54\'', 70, 244, 'Andreu Barceló');
INSERT INTO `esdeveniment` VALUES (1258, 80, '45\'', 80, NULL, 'Andreu Barceló');
INSERT INTO `esdeveniment` VALUES (1259, 90, '63\'', 90, NULL, 'Daniil Medvedev');
INSERT INTO `esdeveniment` VALUES (1260, 100, '2\'', 100, 221, 'Andreu Barceló');

-- ----------------------------
-- Table structure for esport
-- ----------------------------
DROP TABLE IF EXISTS `esport`;
CREATE TABLE `esport`  (
  `idEsport` int(11) NOT NULL AUTO_INCREMENT,
  `Nom` varchar(255) CHARACTER SET utf8mb4 COLLATE utf8mb4_spanish_ci NOT NULL,
  `Descripcio` varchar(255) CHARACTER SET utf8mb4 COLLATE utf8mb4_spanish_ci NOT NULL,
  PRIMARY KEY (`idEsport`) USING BTREE
) ENGINE = InnoDB AUTO_INCREMENT = 11 CHARACTER SET = utf8mb4 COLLATE = utf8mb4_spanish_ci ROW_FORMAT = Dynamic;

-- ----------------------------
-- Records of esport
-- ----------------------------
INSERT INTO `esport` VALUES (1, 'Futbol', '11x11 gespa');
INSERT INTO `esport` VALUES (2, 'Bàsquet', 'Pista 5x5');
INSERT INTO `esport` VALUES (3, 'Tennis', 'Individual o dobles');
INSERT INTO `esport` VALUES (4, 'Handbol', 'Pista 7x7');
INSERT INTO `esport` VALUES (5, 'Voleibol', 'Pista 6x6');
INSERT INTO `esport` VALUES (6, 'Pàdel', 'Dobles tancat');
INSERT INTO `esport` VALUES (7, 'Futsal', 'Pista 5x5');
INSERT INTO `esport` VALUES (8, 'Rugby', '15x15 gespa');
INSERT INTO `esport` VALUES (9, 'Waterpolo', 'Piscina 7x7');
INSERT INTO `esport` VALUES (10, 'Hoquei', 'Patins 5x5');

-- ----------------------------
-- Table structure for format
-- ----------------------------
DROP TABLE IF EXISTS `format`;
CREATE TABLE `format`  (
  `idFormat` int(11) NOT NULL AUTO_INCREMENT,
  `Nom` varchar(255) CHARACTER SET utf8mb4 COLLATE utf8mb4_spanish_ci NOT NULL,
  `Descripcio` varchar(255) CHARACTER SET utf8mb4 COLLATE utf8mb4_spanish_ci NOT NULL,
  PRIMARY KEY (`idFormat`) USING BTREE
) ENGINE = InnoDB AUTO_INCREMENT = 11 CHARACTER SET = utf8mb4 COLLATE = utf8mb4_spanish_ci ROW_FORMAT = Dynamic;

-- ----------------------------
-- Records of format
-- ----------------------------
INSERT INTO `format` VALUES (1, 'Lliga Regular', 'Tots contra tots');
INSERT INTO `format` VALUES (2, 'Eliminatòries', 'KO directe');
INSERT INTO `format` VALUES (3, 'Fase de Grups', 'Round robin');
INSERT INTO `format` VALUES (4, 'Torneig Ràpid', 'Cap de setmana');
INSERT INTO `format` VALUES (5, 'Final Four', 'Semic i final');
INSERT INTO `format` VALUES (6, 'Lliga Doble Volta', 'Casa i fora');
INSERT INTO `format` VALUES (7, 'Open Cup', 'Obert a tothom');
INSERT INTO `format` VALUES (8, 'Màsters', 'Millors del ranking');
INSERT INTO `format` VALUES (9, 'Triangular', '3 equips');
INSERT INTO `format` VALUES (10, 'Challenge', 'Repte directe');

-- ----------------------------
-- Table structure for jugador
-- ----------------------------
DROP TABLE IF EXISTS `jugador`;
CREATE TABLE `jugador`  (
  `idJugador` int(11) NOT NULL AUTO_INCREMENT,
  `nom` varchar(255) CHARACTER SET utf8mb4 COLLATE utf8mb4_spanish_ci NOT NULL,
  `llinatge1` varchar(255) CHARACTER SET utf8mb4 COLLATE utf8mb4_spanish_ci NOT NULL,
  `llinatge2` varchar(255) CHARACTER SET utf8mb4 COLLATE utf8mb4_spanish_ci NULL DEFAULT NULL,
  `dni` varchar(255) CHARACTER SET utf8mb4 COLLATE utf8mb4_spanish_ci NOT NULL,
  `rol` varchar(255) CHARACTER SET utf8mb4 COLLATE utf8mb4_spanish_ci NOT NULL,
  PRIMARY KEY (`idJugador`) USING BTREE
) ENGINE = InnoDB AUTO_INCREMENT = 228 CHARACTER SET = utf8mb4 COLLATE = utf8mb4_spanish_ci ROW_FORMAT = Dynamic;

-- ----------------------------
-- Records of jugador
-- ----------------------------
INSERT INTO `jugador` VALUES (1, 'Marc', 'Vidal', 'Gomila', '43210001A', 'Davanter');
INSERT INTO `jugador` VALUES (2, 'Joan', 'Pons', 'Serra', '43210002B', 'Porter');
INSERT INTO `jugador` VALUES (3, 'Pere', 'Munar', 'Coll', '43210003C', 'Defensa');
INSERT INTO `jugador` VALUES (4, 'Miquel', 'Sastre', 'Bauzà', '43210004D', 'Migcampista');
INSERT INTO `jugador` VALUES (5, 'Toni', 'Riera', 'Martorell', '43210005E', 'Davanter');
INSERT INTO `jugador` VALUES (6, 'Andreu', 'Barceló', 'Oliver', '43210006F', 'Porter');
INSERT INTO `jugador` VALUES (7, 'Pau', 'Mas', 'Vallespir', '43210007G', 'Defensa');
INSERT INTO `jugador` VALUES (8, 'Bernat', 'Rosselló', 'Vicens', '43210008H', 'Migcampista');
INSERT INTO `jugador` VALUES (9, 'Xavi', 'Font', 'Busquets', '43210009I', 'Davanter');
INSERT INTO `jugador` VALUES (10, 'Lluc', 'Mir', 'Torelló', '43210010J', 'Porter');
INSERT INTO `jugador` VALUES (11, 'Jaume', 'Gelabert', 'Sastre', '43210011K', 'Defensa');
INSERT INTO `jugador` VALUES (12, 'Guillem', 'Bordoy', 'Mayol', '43210012L', 'Migcampista');
INSERT INTO `jugador` VALUES (13, 'Mateu', 'Bestard', 'Crespí', '43210013M', 'Davanter');
INSERT INTO `jugador` VALUES (14, 'Rafel', 'Salom', 'Ferrer', '43210014N', 'Porter');
INSERT INTO `jugador` VALUES (15, 'Sebastià', 'Sureda', 'Ramis', '43210015O', 'Defensa');
INSERT INTO `jugador` VALUES (16, 'Damià', 'Vila', 'Mestre', '43210016P', 'Migcampista');
INSERT INTO `jugador` VALUES (17, 'Jordi', 'Comas', 'Arrom', '43210017Q', 'Davanter');
INSERT INTO `jugador` VALUES (18, 'Albert', 'Garau', 'Esteva', '43210018R', 'Porter');
INSERT INTO `jugador` VALUES (19, 'Sergi', 'Aguiló', 'Frontera', '43210019S', 'Defensa');
INSERT INTO `jugador` VALUES (20, 'Oriol', 'Grau', 'Bosc', '43210020T', 'Migcampista');
INSERT INTO `jugador` VALUES (21, 'Hugo', 'Silva', 'Cunha', '43210021U', 'Davanter');
INSERT INTO `jugador` VALUES (22, 'Ivan', 'Rakitic', 'Soto', '43210022V', 'Porter');
INSERT INTO `jugador` VALUES (23, 'Leo', 'Messi', 'Cuccittini', '43210023W', 'Davanter');
INSERT INTO `jugador` VALUES (24, 'Cristiano', 'Dos Santos', 'Aveiro', '43210024X', 'Davanter');
INSERT INTO `jugador` VALUES (25, 'Luka', 'Modric', 'Vidal', '43210025Y', 'Migcampista');
INSERT INTO `jugador` VALUES (26, 'Kevin', 'De Bruyne', 'Pou', '43210026Z', 'Migcampista');
INSERT INTO `jugador` VALUES (27, 'Kylian', 'Mbappe', 'Lottin', '43210027A', 'Davanter');
INSERT INTO `jugador` VALUES (28, 'Erling', 'Haaland', 'Braut', '43210028B', 'Davanter');
INSERT INTO `jugador` VALUES (29, 'Robert', 'Lewandowski', 'Gómez', '43210029C', 'Davanter');
INSERT INTO `jugador` VALUES (30, 'Neymar', 'Silva', 'Santos', '43210030D', 'Davanter');
INSERT INTO `jugador` VALUES (31, 'Karim', 'Benzema', 'Mustafa', '43210031E', 'Davanter');
INSERT INTO `jugador` VALUES (32, 'Mohamed', 'Salah', 'Hamid', '43210032F', 'Davanter');
INSERT INTO `jugador` VALUES (33, 'Harry', 'Kane', 'English', '43210033G', 'Davanter');
INSERT INTO `jugador` VALUES (34, 'Son', 'Heung', 'Min', '43210034H', 'Davanter');
INSERT INTO `jugador` VALUES (35, 'Jan', 'Oblak', 'Sloven', '43210035I', 'Porter');
INSERT INTO `jugador` VALUES (36, 'Alisson', 'Becker', 'Gomes', '43210036J', 'Porter');
INSERT INTO `jugador` VALUES (37, 'Thibaut', 'Courtois', 'Belg', '43210037K', 'Porter');
INSERT INTO `jugador` VALUES (38, 'Marc-André', 'Ter Stegen', 'Berlin', '43210038L', 'Porter');
INSERT INTO `jugador` VALUES (39, 'Virgil', 'Van Dijk', 'Dutch', '43210039M', 'Defensa');
INSERT INTO `jugador` VALUES (40, 'Sergio', 'Ramos', 'García', '43210040N', 'Defensa');
INSERT INTO `jugador` VALUES (41, 'Gerard', 'Piqué', 'Bernabeu', '43210041O', 'Defensa');
INSERT INTO `jugador` VALUES (42, 'David', 'Alaba', 'Austria', '43210042P', 'Defensa');
INSERT INTO `jugador` VALUES (43, 'Alphonso', 'Davies', 'Canada', '43210043Q', 'Defensa');
INSERT INTO `jugador` VALUES (44, 'Trent', 'Alexander', 'Arnold', '43210044R', 'Defensa');
INSERT INTO `jugador` VALUES (45, 'Joshua', 'Kimmich', 'German', '43210045S', 'Migcampista');
INSERT INTO `jugador` VALUES (46, 'Casemiro', 'Venancio', 'Gomes', '43210046T', 'Migcampista');
INSERT INTO `jugador` VALUES (47, 'Toni', 'Kroos', 'White', '43210047U', 'Migcampista');
INSERT INTO `jugador` VALUES (48, 'Pedri', 'González', 'López', '43210048V', 'Migcampista');
INSERT INTO `jugador` VALUES (49, 'Gavi', 'Páez', 'Gavira', '43210049W', 'Migcampista');
INSERT INTO `jugador` VALUES (50, 'Jude', 'Bellingham', 'Star', '43210050X', 'Migcampista');
INSERT INTO `jugador` VALUES (51, 'Carlos', 'Alcaraz', 'Garfia', '43210051Y', 'Tennis Pro');
INSERT INTO `jugador` VALUES (52, 'Jannik', 'Sinner', 'Fox', '43210052Z', 'Tennis Pro');
INSERT INTO `jugador` VALUES (53, 'Rafael', 'Nadal', 'Parera', '43210053A', 'Tennis Pro');
INSERT INTO `jugador` VALUES (54, 'Novak', 'Djokovic', 'Serb', '43210054B', 'Tennis Pro');
INSERT INTO `jugador` VALUES (55, 'Roger', 'Federer', 'Swiss', '43210055C', 'Tennis Pro');
INSERT INTO `jugador` VALUES (56, 'Stefanos', 'Tsitsipas', 'Greek', '43210056D', 'Tennis Pro');
INSERT INTO `jugador` VALUES (57, 'Daniil', 'Medvedev', 'Bear', '43210057E', 'Tennis Pro');
INSERT INTO `jugador` VALUES (58, 'Holger', 'Rune', 'Dane', '43210058F', 'Tennis Pro');
INSERT INTO `jugador` VALUES (59, 'Casper', 'Ruud', 'Oslo', '43210059G', 'Tennis Pro');
INSERT INTO `jugador` VALUES (60, 'Alexander', 'Zverev', 'Hamburg', '43210060H', 'Tennis Pro');
INSERT INTO `jugador` VALUES (61, 'Iga', 'Swiatek', 'Polska', '43210061I', 'Tennis Pro');
INSERT INTO `jugador` VALUES (62, 'Aryna', 'Sabalenka', 'Minsk', '43210062J', 'Tennis Pro');
INSERT INTO `jugador` VALUES (63, 'Coco', 'Gauff', 'USA', '43210063K', 'Tennis Pro');
INSERT INTO `jugador` VALUES (64, 'Elena', 'Rybakina', 'Kazakh', '43210064L', 'Tennis Pro');
INSERT INTO `jugador` VALUES (65, 'Ons', 'Jabeur', 'Tunis', '43210065M', 'Tennis Pro');
INSERT INTO `jugador` VALUES (66, 'Maria', 'Sakkari', 'Athens', '43210066N', 'Tennis Pro');
INSERT INTO `jugador` VALUES (67, 'Paula', 'Badosa', 'Gibert', '43210067O', 'Tennis Pro');
INSERT INTO `jugador` VALUES (68, 'Venus', 'Williams', 'Legend', '43210068P', 'Tennis Pro');
INSERT INTO `jugador` VALUES (69, 'Caroline', 'Wozniacki', 'Den', '43210069Q', 'Tennis Pro');
INSERT INTO `jugador` VALUES (70, 'Naomi', 'Osaka', 'Japan', '43210070R', 'Tennis Pro');
INSERT INTO `jugador` VALUES (71, 'Pau', 'Gasol', 'Sáez', '43210071S', 'Pivot');
INSERT INTO `jugador` VALUES (72, 'Marc', 'Gasol', 'Sáez', '43210072T', 'Pivot');
INSERT INTO `jugador` VALUES (73, 'Ricky', 'Rubio', 'Vives', '43210073U', 'Base');
INSERT INTO `jugador` VALUES (74, 'Stephen', 'Curry', 'Chef', '43210074V', 'Base');
INSERT INTO `jugador` VALUES (75, 'LeBron', 'James', 'King', '43210075W', 'Aler');
INSERT INTO `jugador` VALUES (76, 'Kevin', 'Durant', 'Slim', '43210076X', 'Aler');
INSERT INTO `jugador` VALUES (77, 'Giannis', 'Antetokounmpo', 'Greek', '43210077Y', 'Pivot');
INSERT INTO `jugador` VALUES (78, 'Nikola', 'Jokic', 'Joker', '43210078Z', 'Pivot');
INSERT INTO `jugador` VALUES (79, 'Joel', 'Embiid', 'Cameroon', '43210079A', 'Pivot');
INSERT INTO `jugador` VALUES (80, 'Luka', 'Doncic', 'Slo', '43210080B', 'Base');
INSERT INTO `jugador` VALUES (81, 'Victor', 'Wembanyama', 'France', '43210081C', 'Pivot');
INSERT INTO `jugador` VALUES (82, 'Jayson', 'Tatum', 'Boston', '43210082D', 'Aler');
INSERT INTO `jugador` VALUES (83, 'Jimmy', 'Butler', 'Bucket', '43210083E', 'Aler');
INSERT INTO `jugador` VALUES (84, 'Shai', 'Gilgeous', 'Alexander', '43210084F', 'Base');
INSERT INTO `jugador` VALUES (85, 'Anthony', 'Davis', 'Unibrow', '43210085G', 'Pivot');
INSERT INTO `jugador` VALUES (86, 'Kawhi', 'Leonard', 'Klaw', '43210086H', 'Aler');
INSERT INTO `jugador` VALUES (87, 'Damian', 'Lillard', 'Dame', '43210087I', 'Base');
INSERT INTO `jugador` VALUES (88, 'Kyrie', 'Irving', 'Uncle', '43210088J', 'Base');
INSERT INTO `jugador` VALUES (89, 'Ja', 'Morant', 'Grizzly', '43210089K', 'Base');
INSERT INTO `jugador` VALUES (90, 'Zion', 'Williamson', 'Dunk', '43210090L', 'Pivot');
INSERT INTO `jugador` VALUES (91, 'Fran', 'Navarro', 'García', '43210091M', 'Davanter');
INSERT INTO `jugador` VALUES (92, 'Borja', 'Iglesias', 'Panda', '43210092N', 'Davanter');
INSERT INTO `jugador` VALUES (93, 'Isco', 'Alarcón', 'Magia', '43210093O', 'Migcampista');
INSERT INTO `jugador` VALUES (94, 'Brais', 'Méndez', 'Vigo', '43210094P', 'Migcampista');
INSERT INTO `jugador` VALUES (95, 'Unai', 'Simón', 'Basque', '43210095Q', 'Porter');
INSERT INTO `jugador` VALUES (96, 'Nico', 'Williams', 'Speed', '43210096R', 'Davanter');
INSERT INTO `jugador` VALUES (97, 'Mikel', 'Oyarzabal', 'Real', '43210097S', 'Davanter');
INSERT INTO `jugador` VALUES (98, 'Robin', 'Le Normand', 'Def', '43210098T', 'Defensa');
INSERT INTO `jugador` VALUES (99, 'Dani', 'Carvajal', 'Leganés', '43210099U', 'Defensa');
INSERT INTO `jugador` VALUES (100, 'Alex', 'Grimaldo', 'Lever', '43210100V', 'Defensa');
INSERT INTO `jugador` VALUES (101, 'Joan', 'Gomila', 'Vicens', '70000001Z', 'Defensa');
INSERT INTO `jugador` VALUES (102, 'Andreu', 'Riera', 'Mayol', '70000002Z', 'Migcampista');
INSERT INTO `jugador` VALUES (103, 'Lluc', 'Munar', 'Ramis', '70000003Z', 'Davanter');
INSERT INTO `jugador` VALUES (104, 'Bernat', 'Barceló', 'Arrom', '70000004Z', 'Porter');
INSERT INTO `jugador` VALUES (105, 'Pere', 'Gomila', 'Vicens', '70000005Z', 'Defensa');
INSERT INTO `jugador` VALUES (106, 'Miquel', 'Riera', 'Mayol', '70000006Z', 'Migcampista');
INSERT INTO `jugador` VALUES (107, 'Pau', 'Munar', 'Ramis', '70000007Z', 'Davanter');
INSERT INTO `jugador` VALUES (108, 'Lluc', 'Gomila', 'Vicens', '70000008Z', 'Porter');
INSERT INTO `jugador` VALUES (109, 'Bernat', 'Riera', 'Mayol', '70000009Z', 'Defensa');
INSERT INTO `jugador` VALUES (110, 'Enric', 'Munar', 'Ramis', '70000010Z', 'Migcampista');
INSERT INTO `jugador` VALUES (111, 'Pau', 'Gomila', 'Vicens', '70000011Z', 'Davanter');
INSERT INTO `jugador` VALUES (112, 'Marc', 'Barceló', 'Mayol', '70000012Z', 'Porter');
INSERT INTO `jugador` VALUES (113, 'Jordi', 'Munar', 'Ramis', '70000013Z', 'Defensa');
INSERT INTO `jugador` VALUES (114, 'Enric', 'Gomila', 'Vicens', '70000014Z', 'Migcampista');
INSERT INTO `jugador` VALUES (115, 'Joan', 'Barceló', 'Mayol', '70000015Z', 'Davanter');
INSERT INTO `jugador` VALUES (116, 'Andreu', 'Munar', 'Ramis', '70000016Z', 'Porter');
INSERT INTO `jugador` VALUES (117, 'Jordi', 'Gomila', 'Vicens', '70000017Z', 'Defensa');
INSERT INTO `jugador` VALUES (118, 'Pere', 'Barceló', 'Mayol', '70000018Z', 'Migcampista');
INSERT INTO `jugador` VALUES (119, 'Miquel', 'Munar', 'Ramis', '70000019Z', 'Davanter');
INSERT INTO `jugador` VALUES (120, 'Andreu', 'Gomila', 'Vicens', '70000020Z', 'Porter');
INSERT INTO `jugador` VALUES (121, 'Lluc', 'Barceló', 'Mayol', '70000021Z', 'Defensa');
INSERT INTO `jugador` VALUES (122, 'Bernat', 'Munar', 'Ramis', '70000022Z', 'Migcampista');
INSERT INTO `jugador` VALUES (123, 'Miquel', 'Gomila', 'Vicens', '70000023Z', 'Davanter');
INSERT INTO `jugador` VALUES (124, 'Pau', 'Barceló', 'Mayol', '70000024Z', 'Porter');
INSERT INTO `jugador` VALUES (125, 'Marc', 'Coll', 'Ramis', '70000025Z', 'Defensa');
INSERT INTO `jugador` VALUES (126, 'Bernat', 'Gomila', 'Vicens', '70000026Z', 'Migcampista');
INSERT INTO `jugador` VALUES (127, 'Enric', 'Barceló', 'Mayol', '70000027Z', 'Davanter');
INSERT INTO `jugador` VALUES (128, 'Joan', 'Coll', 'Ramis', '70000028Z', 'Porter');
INSERT INTO `jugador` VALUES (129, 'Marc', 'Munar', 'Vicens', '70000029Z', 'Defensa');
INSERT INTO `jugador` VALUES (130, 'Jordi', 'Barceló', 'Mayol', '70000030Z', 'Migcampista');
INSERT INTO `jugador` VALUES (131, 'Pere', 'Coll', 'Ramis', '70000031Z', 'Davanter');
INSERT INTO `jugador` VALUES (132, 'Joan', 'Munar', 'Vicens', '70000032Z', 'Porter');
INSERT INTO `jugador` VALUES (133, 'Andreu', 'Barceló', 'Mayol', '70000033Z', 'Defensa');
INSERT INTO `jugador` VALUES (134, 'Lluc', 'Coll', 'Ramis', '70000034Z', 'Migcampista');
INSERT INTO `jugador` VALUES (135, 'Pere', 'Munar', 'Vicens', '70000035Z', 'Davanter');
INSERT INTO `jugador` VALUES (136, 'Miquel', 'Barceló', 'Mayol', '70000036Z', 'Porter');
INSERT INTO `jugador` VALUES (137, 'Pau', 'Coll', 'Ramis', '70000037Z', 'Defensa');
INSERT INTO `jugador` VALUES (138, 'Lluc', 'Munar', 'Vicens', '70000038Z', 'Migcampista');
INSERT INTO `jugador` VALUES (139, 'Bernat', 'Barceló', 'Mayol', '70000039Z', 'Davanter');
INSERT INTO `jugador` VALUES (140, 'Enric', 'Coll', 'Ramis', '70000040Z', 'Porter');
INSERT INTO `jugador` VALUES (141, 'Pau', 'Munar', 'Vicens', '70000041Z', 'Defensa');
INSERT INTO `jugador` VALUES (142, 'Marc', 'Vidal', 'Crespí', '70000042Z', 'Migcampista');
INSERT INTO `jugador` VALUES (143, 'Jordi', 'Coll', 'Ramis', '70000043Z', 'Davanter');
INSERT INTO `jugador` VALUES (144, 'Enric', 'Munar', 'Vicens', '70000044Z', 'Porter');
INSERT INTO `jugador` VALUES (145, 'Joan', 'Vidal', 'Crespí', '70000045Z', 'Defensa');
INSERT INTO `jugador` VALUES (146, 'Andreu', 'Coll', 'Ramis', '70000046Z', 'Migcampista');
INSERT INTO `jugador` VALUES (147, 'Jordi', 'Munar', 'Vicens', '70000047Z', 'Davanter');
INSERT INTO `jugador` VALUES (148, 'Pere', 'Vidal', 'Crespí', '70000048Z', 'Porter');
INSERT INTO `jugador` VALUES (149, 'Miquel', 'Coll', 'Ramis', '70000049Z', 'Defensa');
INSERT INTO `jugador` VALUES (150, 'Andreu', 'Munar', 'Vicens', '70000050Z', 'Migcampista');
INSERT INTO `jugador` VALUES (151, 'Lluc', 'Vidal', 'Crespí', '70000051Z', 'Davanter');
INSERT INTO `jugador` VALUES (152, 'Bernat', 'Coll', 'Ramis', '70000052Z', 'Porter');
INSERT INTO `jugador` VALUES (153, 'Miquel', 'Munar', 'Vicens', '70000053Z', 'Defensa');
INSERT INTO `jugador` VALUES (154, 'Pau', 'Vidal', 'Crespí', '70000054Z', 'Migcampista');
INSERT INTO `jugador` VALUES (155, 'Marc', 'Bauzà', 'Ramis', '70000055Z', 'Davanter');
INSERT INTO `jugador` VALUES (156, 'Bernat', 'Munar', 'Vicens', '70000056Z', 'Porter');
INSERT INTO `jugador` VALUES (157, 'Enric', 'Vidal', 'Crespí', '70000057Z', 'Defensa');
INSERT INTO `jugador` VALUES (158, 'Joan', 'Bauzà', 'Ramis', '70000058Z', 'Migcampista');
INSERT INTO `jugador` VALUES (159, 'Marc', 'Coll', 'Vicens', '70000059Z', 'Davanter');
INSERT INTO `jugador` VALUES (160, 'Jordi', 'Vidal', 'Crespí', '70000060Z', 'Porter');
INSERT INTO `jugador` VALUES (161, 'Pere', 'Bauzà', 'Ramis', '70000061Z', 'Defensa');
INSERT INTO `jugador` VALUES (162, 'Joan', 'Coll', 'Vicens', '70000062Z', 'Migcampista');
INSERT INTO `jugador` VALUES (163, 'Andreu', 'Vidal', 'Crespí', '70000063Z', 'Davanter');
INSERT INTO `jugador` VALUES (164, 'Lluc', 'Bauzà', 'Ramis', '70000064Z', 'Porter');
INSERT INTO `jugador` VALUES (165, 'Pere', 'Coll', 'Vicens', '70000065Z', 'Defensa');
INSERT INTO `jugador` VALUES (166, 'Miquel', 'Vidal', 'Crespí', '70000066Z', 'Migcampista');
INSERT INTO `jugador` VALUES (167, 'Pau', 'Bauzà', 'Ramis', '70000067Z', 'Davanter');
INSERT INTO `jugador` VALUES (168, 'Lluc', 'Coll', 'Vicens', '70000068Z', 'Porter');
INSERT INTO `jugador` VALUES (169, 'Bernat', 'Vidal', 'Crespí', '70000069Z', 'Defensa');
INSERT INTO `jugador` VALUES (170, 'Enric', 'Bauzà', 'Ramis', '70000070Z', 'Migcampista');
INSERT INTO `jugador` VALUES (171, 'Pau', 'Coll', 'Vicens', '70000071Z', 'Davanter');
INSERT INTO `jugador` VALUES (172, 'Marc', 'Pons', 'Crespí', '70000072Z', 'Porter');
INSERT INTO `jugador` VALUES (173, 'Jordi', 'Bauzà', 'Ramis', '70000073Z', 'Defensa');
INSERT INTO `jugador` VALUES (174, 'Enric', 'Coll', 'Vicens', '70000074Z', 'Migcampista');
INSERT INTO `jugador` VALUES (175, 'Joan', 'Pons', 'Crespí', '70000075Z', 'Davanter');
INSERT INTO `jugador` VALUES (176, 'Andreu', 'Bauzà', 'Ramis', '70000076Z', 'Porter');
INSERT INTO `jugador` VALUES (177, 'Marc', 'Vidal', 'Pou', '70000077Z', 'Defensa');
INSERT INTO `jugador` VALUES (178, 'Jordi', 'Coll', 'Vicens', '70000078Z', 'Migcampista');
INSERT INTO `jugador` VALUES (179, 'Pere', 'Pons', 'Crespí', '70000079Z', 'Davanter');
INSERT INTO `jugador` VALUES (180, 'Miquel', 'Bauzà', 'Ramis', '70000080Z', 'Porter');
INSERT INTO `jugador` VALUES (181, 'Joan', 'Vidal', 'Pou', '70000081Z', 'Defensa');
INSERT INTO `jugador` VALUES (182, 'Andreu', 'Coll', 'Vicens', '70000082Z', 'Migcampista');
INSERT INTO `jugador` VALUES (183, 'Lluc', 'Pons', 'Crespí', '70000083Z', 'Davanter');
INSERT INTO `jugador` VALUES (184, 'Bernat', 'Bauzà', 'Ramis', '70000084Z', 'Porter');
INSERT INTO `jugador` VALUES (185, 'Pere', 'Vidal', 'Pou', '70000085Z', 'Defensa');
INSERT INTO `jugador` VALUES (186, 'Miquel', 'Coll', 'Vicens', '70000086Z', 'Migcampista');
INSERT INTO `jugador` VALUES (187, 'Pau', 'Pons', 'Crespí', '70000087Z', 'Davanter');
INSERT INTO `jugador` VALUES (188, 'Marc', 'Sastre', 'Ramis', '70000088Z', 'Porter');
INSERT INTO `jugador` VALUES (189, 'Lluc', 'Vidal', 'Pou', '70000089Z', 'Defensa');
INSERT INTO `jugador` VALUES (190, 'Bernat', 'Coll', 'Vicens', '70000090Z', 'Migcampista');
INSERT INTO `jugador` VALUES (191, 'Enric', 'Pons', 'Crespí', '70000091Z', 'Davanter');
INSERT INTO `jugador` VALUES (192, 'Joan', 'Sastre', 'Ramis', '70000092Z', 'Porter');
INSERT INTO `jugador` VALUES (193, 'Pau', 'Vidal', 'Pou', '70000093Z', 'Defensa');
INSERT INTO `jugador` VALUES (194, 'Marc', 'Bauzà', 'Vicens', '70000094Z', 'Migcampista');
INSERT INTO `jugador` VALUES (195, 'Jordi', 'Pons', 'Crespí', '70000095Z', 'Davanter');
INSERT INTO `jugador` VALUES (196, 'Pere', 'Sastre', 'Ramis', '70000096Z', 'Porter');
INSERT INTO `jugador` VALUES (197, 'Enric', 'Vidal', 'Pou', '70000097Z', 'Defensa');
INSERT INTO `jugador` VALUES (198, 'Joan', 'Bauzà', 'Vicens', '70000098Z', 'Migcampista');
INSERT INTO `jugador` VALUES (199, 'Andreu', 'Pons', 'Crespí', '70000099Z', 'Davanter');
INSERT INTO `jugador` VALUES (200, 'Lluc', 'Sastre', 'Ramis', '70000100Z', 'Porter');

-- ----------------------------
-- Table structure for jugadorEsport
-- ----------------------------
DROP TABLE IF EXISTS `jugadorEsport`;
CREATE TABLE `jugadorEsport`  (
  `idJugador` int(11) NOT NULL,
  `idEsport` int(11) NOT NULL,
  PRIMARY KEY (`idJugador`, `idEsport`) USING BTREE,
  INDEX `idEsport`(`idEsport`) USING BTREE,
  CONSTRAINT `jugadoresport_ibfk_1` FOREIGN KEY (`idJugador`) REFERENCES `jugador` (`idJugador`) ON DELETE RESTRICT ON UPDATE RESTRICT,
  CONSTRAINT `jugadoresport_ibfk_2` FOREIGN KEY (`idEsport`) REFERENCES `esport` (`idEsport`) ON DELETE RESTRICT ON UPDATE RESTRICT
) ENGINE = InnoDB CHARACTER SET = utf8mb4 COLLATE = utf8mb4_spanish_ci ROW_FORMAT = Dynamic;

-- ----------------------------
-- Records of jugadorEsport
-- ----------------------------
INSERT INTO `jugadorEsport` VALUES (1, 1);
INSERT INTO `jugadorEsport` VALUES (2, 1);
INSERT INTO `jugadorEsport` VALUES (3, 1);
INSERT INTO `jugadorEsport` VALUES (4, 1);
INSERT INTO `jugadorEsport` VALUES (5, 1);
INSERT INTO `jugadorEsport` VALUES (6, 1);
INSERT INTO `jugadorEsport` VALUES (7, 1);
INSERT INTO `jugadorEsport` VALUES (8, 1);
INSERT INTO `jugadorEsport` VALUES (9, 1);
INSERT INTO `jugadorEsport` VALUES (10, 1);
INSERT INTO `jugadorEsport` VALUES (11, 1);
INSERT INTO `jugadorEsport` VALUES (12, 1);
INSERT INTO `jugadorEsport` VALUES (13, 1);
INSERT INTO `jugadorEsport` VALUES (14, 1);
INSERT INTO `jugadorEsport` VALUES (15, 1);
INSERT INTO `jugadorEsport` VALUES (16, 1);
INSERT INTO `jugadorEsport` VALUES (17, 1);
INSERT INTO `jugadorEsport` VALUES (18, 1);
INSERT INTO `jugadorEsport` VALUES (19, 1);
INSERT INTO `jugadorEsport` VALUES (20, 1);
INSERT INTO `jugadorEsport` VALUES (21, 1);
INSERT INTO `jugadorEsport` VALUES (22, 1);
INSERT INTO `jugadorEsport` VALUES (23, 1);
INSERT INTO `jugadorEsport` VALUES (24, 1);
INSERT INTO `jugadorEsport` VALUES (25, 1);
INSERT INTO `jugadorEsport` VALUES (26, 1);
INSERT INTO `jugadorEsport` VALUES (27, 1);
INSERT INTO `jugadorEsport` VALUES (28, 1);
INSERT INTO `jugadorEsport` VALUES (29, 1);
INSERT INTO `jugadorEsport` VALUES (30, 1);
INSERT INTO `jugadorEsport` VALUES (31, 1);
INSERT INTO `jugadorEsport` VALUES (32, 1);
INSERT INTO `jugadorEsport` VALUES (33, 1);
INSERT INTO `jugadorEsport` VALUES (34, 1);
INSERT INTO `jugadorEsport` VALUES (35, 1);
INSERT INTO `jugadorEsport` VALUES (36, 1);
INSERT INTO `jugadorEsport` VALUES (37, 1);
INSERT INTO `jugadorEsport` VALUES (38, 1);
INSERT INTO `jugadorEsport` VALUES (39, 1);
INSERT INTO `jugadorEsport` VALUES (40, 1);
INSERT INTO `jugadorEsport` VALUES (41, 1);
INSERT INTO `jugadorEsport` VALUES (42, 1);
INSERT INTO `jugadorEsport` VALUES (43, 1);
INSERT INTO `jugadorEsport` VALUES (44, 1);
INSERT INTO `jugadorEsport` VALUES (45, 1);
INSERT INTO `jugadorEsport` VALUES (46, 1);
INSERT INTO `jugadorEsport` VALUES (47, 1);
INSERT INTO `jugadorEsport` VALUES (48, 1);
INSERT INTO `jugadorEsport` VALUES (49, 1);
INSERT INTO `jugadorEsport` VALUES (50, 1);
INSERT INTO `jugadorEsport` VALUES (51, 3);
INSERT INTO `jugadorEsport` VALUES (52, 3);
INSERT INTO `jugadorEsport` VALUES (53, 3);
INSERT INTO `jugadorEsport` VALUES (54, 3);
INSERT INTO `jugadorEsport` VALUES (55, 3);
INSERT INTO `jugadorEsport` VALUES (56, 3);
INSERT INTO `jugadorEsport` VALUES (57, 3);
INSERT INTO `jugadorEsport` VALUES (58, 3);
INSERT INTO `jugadorEsport` VALUES (59, 3);
INSERT INTO `jugadorEsport` VALUES (60, 3);
INSERT INTO `jugadorEsport` VALUES (61, 3);
INSERT INTO `jugadorEsport` VALUES (62, 3);
INSERT INTO `jugadorEsport` VALUES (63, 3);
INSERT INTO `jugadorEsport` VALUES (64, 3);
INSERT INTO `jugadorEsport` VALUES (65, 3);
INSERT INTO `jugadorEsport` VALUES (66, 3);
INSERT INTO `jugadorEsport` VALUES (67, 3);
INSERT INTO `jugadorEsport` VALUES (68, 3);
INSERT INTO `jugadorEsport` VALUES (69, 3);
INSERT INTO `jugadorEsport` VALUES (70, 3);
INSERT INTO `jugadorEsport` VALUES (71, 2);
INSERT INTO `jugadorEsport` VALUES (72, 2);
INSERT INTO `jugadorEsport` VALUES (73, 2);
INSERT INTO `jugadorEsport` VALUES (74, 2);
INSERT INTO `jugadorEsport` VALUES (75, 2);
INSERT INTO `jugadorEsport` VALUES (76, 2);
INSERT INTO `jugadorEsport` VALUES (77, 2);
INSERT INTO `jugadorEsport` VALUES (78, 2);
INSERT INTO `jugadorEsport` VALUES (79, 2);
INSERT INTO `jugadorEsport` VALUES (80, 2);
INSERT INTO `jugadorEsport` VALUES (81, 2);
INSERT INTO `jugadorEsport` VALUES (82, 2);
INSERT INTO `jugadorEsport` VALUES (83, 2);
INSERT INTO `jugadorEsport` VALUES (84, 2);
INSERT INTO `jugadorEsport` VALUES (85, 2);
INSERT INTO `jugadorEsport` VALUES (86, 2);
INSERT INTO `jugadorEsport` VALUES (87, 2);
INSERT INTO `jugadorEsport` VALUES (88, 2);
INSERT INTO `jugadorEsport` VALUES (89, 2);
INSERT INTO `jugadorEsport` VALUES (90, 2);
INSERT INTO `jugadorEsport` VALUES (91, 2);
INSERT INTO `jugadorEsport` VALUES (92, 2);
INSERT INTO `jugadorEsport` VALUES (93, 2);
INSERT INTO `jugadorEsport` VALUES (94, 2);
INSERT INTO `jugadorEsport` VALUES (95, 2);
INSERT INTO `jugadorEsport` VALUES (96, 2);
INSERT INTO `jugadorEsport` VALUES (97, 2);
INSERT INTO `jugadorEsport` VALUES (98, 2);
INSERT INTO `jugadorEsport` VALUES (99, 2);
INSERT INTO `jugadorEsport` VALUES (100, 2);
INSERT INTO `jugadorEsport` VALUES (101, 4);
INSERT INTO `jugadorEsport` VALUES (102, 5);
INSERT INTO `jugadorEsport` VALUES (103, 6);
INSERT INTO `jugadorEsport` VALUES (104, 7);
INSERT INTO `jugadorEsport` VALUES (105, 8);
INSERT INTO `jugadorEsport` VALUES (106, 9);
INSERT INTO `jugadorEsport` VALUES (107, 10);
INSERT INTO `jugadorEsport` VALUES (108, 1);
INSERT INTO `jugadorEsport` VALUES (109, 2);
INSERT INTO `jugadorEsport` VALUES (110, 3);
INSERT INTO `jugadorEsport` VALUES (111, 4);
INSERT INTO `jugadorEsport` VALUES (112, 5);
INSERT INTO `jugadorEsport` VALUES (113, 6);
INSERT INTO `jugadorEsport` VALUES (114, 3);
INSERT INTO `jugadorEsport` VALUES (115, 4);
INSERT INTO `jugadorEsport` VALUES (116, 5);
INSERT INTO `jugadorEsport` VALUES (117, 6);
INSERT INTO `jugadorEsport` VALUES (118, 7);
INSERT INTO `jugadorEsport` VALUES (119, 8);
INSERT INTO `jugadorEsport` VALUES (120, 9);
INSERT INTO `jugadorEsport` VALUES (121, 10);
INSERT INTO `jugadorEsport` VALUES (122, 1);
INSERT INTO `jugadorEsport` VALUES (123, 2);
INSERT INTO `jugadorEsport` VALUES (124, 3);
INSERT INTO `jugadorEsport` VALUES (125, 4);
INSERT INTO `jugadorEsport` VALUES (126, 5);
INSERT INTO `jugadorEsport` VALUES (127, 6);
INSERT INTO `jugadorEsport` VALUES (128, 3);
INSERT INTO `jugadorEsport` VALUES (129, 4);
INSERT INTO `jugadorEsport` VALUES (130, 5);
INSERT INTO `jugadorEsport` VALUES (131, 6);
INSERT INTO `jugadorEsport` VALUES (132, 7);
INSERT INTO `jugadorEsport` VALUES (133, 8);
INSERT INTO `jugadorEsport` VALUES (134, 9);
INSERT INTO `jugadorEsport` VALUES (135, 10);
INSERT INTO `jugadorEsport` VALUES (136, 1);
INSERT INTO `jugadorEsport` VALUES (137, 2);
INSERT INTO `jugadorEsport` VALUES (138, 3);
INSERT INTO `jugadorEsport` VALUES (139, 4);
INSERT INTO `jugadorEsport` VALUES (140, 5);
INSERT INTO `jugadorEsport` VALUES (141, 6);
INSERT INTO `jugadorEsport` VALUES (142, 3);
INSERT INTO `jugadorEsport` VALUES (143, 4);
INSERT INTO `jugadorEsport` VALUES (144, 5);
INSERT INTO `jugadorEsport` VALUES (145, 6);
INSERT INTO `jugadorEsport` VALUES (146, 7);
INSERT INTO `jugadorEsport` VALUES (147, 8);
INSERT INTO `jugadorEsport` VALUES (148, 9);
INSERT INTO `jugadorEsport` VALUES (149, 10);
INSERT INTO `jugadorEsport` VALUES (150, 1);
INSERT INTO `jugadorEsport` VALUES (151, 2);
INSERT INTO `jugadorEsport` VALUES (152, 3);
INSERT INTO `jugadorEsport` VALUES (153, 4);
INSERT INTO `jugadorEsport` VALUES (154, 5);
INSERT INTO `jugadorEsport` VALUES (155, 6);
INSERT INTO `jugadorEsport` VALUES (156, 3);
INSERT INTO `jugadorEsport` VALUES (157, 4);
INSERT INTO `jugadorEsport` VALUES (158, 5);
INSERT INTO `jugadorEsport` VALUES (159, 6);
INSERT INTO `jugadorEsport` VALUES (160, 7);
INSERT INTO `jugadorEsport` VALUES (161, 8);
INSERT INTO `jugadorEsport` VALUES (162, 9);
INSERT INTO `jugadorEsport` VALUES (163, 10);
INSERT INTO `jugadorEsport` VALUES (164, 1);
INSERT INTO `jugadorEsport` VALUES (165, 2);
INSERT INTO `jugadorEsport` VALUES (166, 3);
INSERT INTO `jugadorEsport` VALUES (167, 4);
INSERT INTO `jugadorEsport` VALUES (168, 5);
INSERT INTO `jugadorEsport` VALUES (169, 6);
INSERT INTO `jugadorEsport` VALUES (170, 3);
INSERT INTO `jugadorEsport` VALUES (171, 1);
INSERT INTO `jugadorEsport` VALUES (172, 5);
INSERT INTO `jugadorEsport` VALUES (173, 4);
INSERT INTO `jugadorEsport` VALUES (174, 2);
INSERT INTO `jugadorEsport` VALUES (175, 1);
INSERT INTO `jugadorEsport` VALUES (176, 3);
INSERT INTO `jugadorEsport` VALUES (177, 6);
INSERT INTO `jugadorEsport` VALUES (178, 8);
INSERT INTO `jugadorEsport` VALUES (179, 10);
INSERT INTO `jugadorEsport` VALUES (180, 7);
INSERT INTO `jugadorEsport` VALUES (181, 1);
INSERT INTO `jugadorEsport` VALUES (182, 5);
INSERT INTO `jugadorEsport` VALUES (183, 4);
INSERT INTO `jugadorEsport` VALUES (184, 2);
INSERT INTO `jugadorEsport` VALUES (185, 1);
INSERT INTO `jugadorEsport` VALUES (186, 3);
INSERT INTO `jugadorEsport` VALUES (187, 6);
INSERT INTO `jugadorEsport` VALUES (188, 8);
INSERT INTO `jugadorEsport` VALUES (189, 10);
INSERT INTO `jugadorEsport` VALUES (190, 7);
INSERT INTO `jugadorEsport` VALUES (191, 1);
INSERT INTO `jugadorEsport` VALUES (192, 5);
INSERT INTO `jugadorEsport` VALUES (193, 4);
INSERT INTO `jugadorEsport` VALUES (194, 2);
INSERT INTO `jugadorEsport` VALUES (195, 1);
INSERT INTO `jugadorEsport` VALUES (196, 3);
INSERT INTO `jugadorEsport` VALUES (197, 6);
INSERT INTO `jugadorEsport` VALUES (198, 8);
INSERT INTO `jugadorEsport` VALUES (199, 10);
INSERT INTO `jugadorEsport` VALUES (200, 7);

-- ----------------------------
-- Table structure for lliga
-- ----------------------------
DROP TABLE IF EXISTS `lliga`;
CREATE TABLE `lliga`  (
  `idLliga` int(11) NOT NULL AUTO_INCREMENT,
  `nom` varchar(255) CHARACTER SET utf8mb4 COLLATE utf8mb4_spanish_ci NOT NULL,
  `idCategoria` int(11) NOT NULL,
  `idEsport` int(11) NOT NULL,
  `idFormat` int(11) NOT NULL,
  `idReglament` int(11) NOT NULL,
  `patrocinador` varchar(255) CHARACTER SET utf8mb4 COLLATE utf8mb4_spanish_ci NOT NULL,
  `nombreParticipants` int(11) NOT NULL,
  `tipusParticipants` varchar(255) CHARACTER SET utf8mb4 COLLATE utf8mb4_spanish_ci NOT NULL,
  PRIMARY KEY (`idLliga`, `nom`, `idCategoria`, `idEsport`) USING BTREE,
  INDEX `idEsport`(`idEsport`) USING BTREE,
  INDEX `idCategoria`(`idCategoria`) USING BTREE,
  INDEX `idFormat`(`idFormat`) USING BTREE,
  INDEX `idReglament`(`idReglament`) USING BTREE,
  INDEX `idLliga`(`idLliga`) USING BTREE,
  CONSTRAINT `lliga_ibfk_1` FOREIGN KEY (`idEsport`) REFERENCES `esport` (`idEsport`) ON DELETE RESTRICT ON UPDATE RESTRICT,
  CONSTRAINT `lliga_ibfk_2` FOREIGN KEY (`idCategoria`) REFERENCES `categoria` (`idCategoria`) ON DELETE RESTRICT ON UPDATE RESTRICT,
  CONSTRAINT `lliga_ibfk_3` FOREIGN KEY (`idFormat`) REFERENCES `format` (`idFormat`) ON DELETE RESTRICT ON UPDATE RESTRICT,
  CONSTRAINT `lliga_ibfk_4` FOREIGN KEY (`idReglament`) REFERENCES `reglament` (`idReglament`) ON DELETE RESTRICT ON UPDATE RESTRICT
) ENGINE = InnoDB AUTO_INCREMENT = 14 CHARACTER SET = utf8mb4 COLLATE = utf8mb4_spanish_ci ROW_FORMAT = Dynamic;

-- ----------------------------
-- Records of lliga
-- ----------------------------
INSERT INTO `lliga` VALUES (1, 'Lliga Balear Elit', 1, 1, 1, 1, 'CaixaBank', 20, 'Equip');
INSERT INTO `lliga` VALUES (2, 'Copa del Rei Tennis', 1, 3, 2, 3, 'Rolex', 32, 'Jugador');
INSERT INTO `lliga` VALUES (3, 'Lliga Insular Bàsquet', 2, 2, 1, 2, 'Endesa', 12, 'Equip');
INSERT INTO `lliga` VALUES (4, 'Lliga Regional de Handbol', 2, 4, 1, 5, 'Melchor Mascaró', 12, 'Equip');
INSERT INTO `lliga` VALUES (5, 'Campionat de Pàdel Dobles', 1, 6, 4, 6, 'Estrella Damm', 16, 'Equip');
INSERT INTO `lliga` VALUES (6, 'Lliga Escolar de Voleibol', 3, 5, 1, 7, 'Consell de Mallorca', 10, 'Equip');
INSERT INTO `lliga` VALUES (7, 'Torneig Futsal Insular', 2, 7, 2, 8, 'Air Europa', 12, 'Equip');
INSERT INTO `lliga` VALUES (8, 'Rugby Sevens Cup', 1, 8, 4, 9, 'Emirates', 8, 'Equip');
INSERT INTO `lliga` VALUES (9, 'Lliga de Hoquei sobre Patins', 2, 10, 1, 10, 'OK Lliga', 10, 'Equip');
INSERT INTO `lliga` VALUES (10, 'WTA Singles Championship', 1, 3, 2, 3, 'Porsche', 16, 'Jugador');
INSERT INTO `lliga` VALUES (11, 'Lliga Juvenil de Futbol', 3, 1, 1, 4, 'Baleària', 14, 'Equip');
INSERT INTO `lliga` VALUES (12, 'Copa Federació de Bàsquet', 2, 2, 2, 2, 'Endesa', 8, 'Equip');
INSERT INTO `lliga` VALUES (13, 'Masters 1000 Palma', 1, 3, 4, 3, 'Meliá Hotels', 32, 'Jugador');

-- ----------------------------
-- Table structure for partit
-- ----------------------------
DROP TABLE IF EXISTS `partit`;
CREATE TABLE `partit`  (
  `idPartit` int(11) NOT NULL AUTO_INCREMENT,
  `data` datetime NOT NULL,
  `durada` varchar(255) CHARACTER SET utf8mb4 COLLATE utf8mb4_spanish_ci NOT NULL,
  `resultat` varchar(255) CHARACTER SET utf8mb4 COLLATE utf8mb4_spanish_ci NOT NULL,
  PRIMARY KEY (`idPartit`) USING BTREE
) ENGINE = InnoDB AUTO_INCREMENT = 1055 CHARACTER SET = utf8mb4 COLLATE = utf8mb4_spanish_ci ROW_FORMAT = Dynamic;

-- ----------------------------
-- Records of partit
-- ----------------------------
INSERT INTO `partit` VALUES (1, '2026-04-23 16:44:09', '180m', '2-1');
INSERT INTO `partit` VALUES (2, '2024-05-01 18:00:00', '90m', '2-1');
INSERT INTO `partit` VALUES (3, '2024-05-01 20:00:00', '40m', '88-92');
INSERT INTO `partit` VALUES (4, '2024-05-02 12:00:00', '120m', '6-4, 7-5');
INSERT INTO `partit` VALUES (5, '2024-05-02 16:00:00', '150m', '2-6, 6-3, 6-4');
INSERT INTO `partit` VALUES (6, '2024-05-03 10:00:00', '90m', '1-0');
INSERT INTO `partit` VALUES (7, '2024-05-03 14:00:00', '90m', '0-3');
INSERT INTO `partit` VALUES (8, '2024-05-04 18:00:00', '90m', '1-1');
INSERT INTO `partit` VALUES (9, '2024-05-04 21:00:00', '48m', '110-105');
INSERT INTO `partit` VALUES (10, '2024-05-05 10:00:00', '100m', '6-2, 6-0');
INSERT INTO `partit` VALUES (11, '2024-05-05 12:00:00', '130m', '7-6, 5-7, 6-3');
INSERT INTO `partit` VALUES (12, '2024-01-01 10:00:00', '90m', '3-2');
INSERT INTO `partit` VALUES (13, '2024-01-01 11:00:00', '90m', '3-0');
INSERT INTO `partit` VALUES (14, '2024-01-01 12:00:00', '90m', '1-4');
INSERT INTO `partit` VALUES (15, '2024-01-01 13:00:00', '90m', '4-2');
INSERT INTO `partit` VALUES (16, '2024-01-01 14:00:00', '90m', '3-1');
INSERT INTO `partit` VALUES (17, '2024-01-01 15:00:00', '90m', '2-0');
INSERT INTO `partit` VALUES (18, '2024-01-01 16:00:00', '90m', '2-4');
INSERT INTO `partit` VALUES (19, '2024-01-01 17:00:00', '90m', '1-3');
INSERT INTO `partit` VALUES (20, '2024-01-01 18:00:00', '90m', '2-2');
INSERT INTO `partit` VALUES (21, '2024-01-01 19:00:00', '90m', '4-4');
INSERT INTO `partit` VALUES (22, '2024-01-01 20:00:00', '90m', '2-1');
INSERT INTO `partit` VALUES (23, '2024-01-01 21:00:00', '90m', '4-2');
INSERT INTO `partit` VALUES (24, '2024-01-01 22:00:00', '90m', '0-3');
INSERT INTO `partit` VALUES (25, '2024-01-01 23:00:00', '90m', '3-0');
INSERT INTO `partit` VALUES (26, '2024-01-02 00:00:00', '90m', '0-0');
INSERT INTO `partit` VALUES (27, '2024-01-02 01:00:00', '90m', '1-1');
INSERT INTO `partit` VALUES (28, '2024-01-02 02:00:00', '90m', '3-2');
INSERT INTO `partit` VALUES (29, '2024-01-02 03:00:00', '90m', '3-0');
INSERT INTO `partit` VALUES (30, '2024-01-02 04:00:00', '90m', '2-2');
INSERT INTO `partit` VALUES (31, '2024-01-02 05:00:00', '90m', '3-3');
INSERT INTO `partit` VALUES (32, '2024-01-02 06:00:00', '90m', '1-3');
INSERT INTO `partit` VALUES (33, '2024-01-02 07:00:00', '90m', '3-2');
INSERT INTO `partit` VALUES (34, '2024-01-02 08:00:00', '90m', '1-0');
INSERT INTO `partit` VALUES (35, '2024-01-02 09:00:00', '90m', '2-3');
INSERT INTO `partit` VALUES (36, '2024-01-02 10:00:00', '90m', '1-2');
INSERT INTO `partit` VALUES (37, '2024-01-02 11:00:00', '90m', '2-0');
INSERT INTO `partit` VALUES (38, '2024-01-02 12:00:00', '90m', '3-1');
INSERT INTO `partit` VALUES (39, '2024-01-02 13:00:00', '90m', '4-0');
INSERT INTO `partit` VALUES (40, '2024-01-02 14:00:00', '90m', '4-1');
INSERT INTO `partit` VALUES (41, '2024-01-02 15:00:00', '90m', '2-2');
INSERT INTO `partit` VALUES (42, '2024-01-02 16:00:00', '90m', '1-1');
INSERT INTO `partit` VALUES (43, '2024-01-02 17:00:00', '90m', '1-2');
INSERT INTO `partit` VALUES (44, '2024-01-02 18:00:00', '90m', '1-2');
INSERT INTO `partit` VALUES (45, '2024-01-02 19:00:00', '90m', '1-4');
INSERT INTO `partit` VALUES (46, '2024-01-02 20:00:00', '90m', '3-2');
INSERT INTO `partit` VALUES (47, '2024-01-02 21:00:00', '90m', '4-2');
INSERT INTO `partit` VALUES (48, '2024-01-02 22:00:00', '90m', '0-0');
INSERT INTO `partit` VALUES (49, '2024-01-02 23:00:00', '90m', '3-3');
INSERT INTO `partit` VALUES (50, '2024-01-03 00:00:00', '90m', '4-3');
INSERT INTO `partit` VALUES (51, '2024-01-03 01:00:00', '90m', '2-2');
INSERT INTO `partit` VALUES (52, '2024-01-03 02:00:00', '90m', '0-4');
INSERT INTO `partit` VALUES (53, '2024-01-03 03:00:00', '90m', '1-0');
INSERT INTO `partit` VALUES (54, '2024-01-03 04:00:00', '90m', '3-3');
INSERT INTO `partit` VALUES (55, '2024-01-03 05:00:00', '90m', '0-0');
INSERT INTO `partit` VALUES (56, '2024-01-03 06:00:00', '90m', '4-4');
INSERT INTO `partit` VALUES (57, '2024-01-03 07:00:00', '90m', '4-0');
INSERT INTO `partit` VALUES (58, '2024-01-03 08:00:00', '90m', '3-0');
INSERT INTO `partit` VALUES (59, '2024-01-03 09:00:00', '90m', '2-0');
INSERT INTO `partit` VALUES (60, '2024-01-03 10:00:00', '90m', '4-4');
INSERT INTO `partit` VALUES (61, '2024-01-03 11:00:00', '90m', '1-3');
INSERT INTO `partit` VALUES (62, '2024-01-03 12:00:00', '90m', '4-0');
INSERT INTO `partit` VALUES (63, '2024-01-03 13:00:00', '90m', '3-2');
INSERT INTO `partit` VALUES (64, '2024-01-03 14:00:00', '90m', '0-0');
INSERT INTO `partit` VALUES (65, '2024-01-03 15:00:00', '90m', '3-2');
INSERT INTO `partit` VALUES (66, '2024-01-03 16:00:00', '90m', '2-2');
INSERT INTO `partit` VALUES (67, '2024-01-03 17:00:00', '90m', '3-1');
INSERT INTO `partit` VALUES (68, '2024-01-03 18:00:00', '90m', '4-0');
INSERT INTO `partit` VALUES (69, '2024-01-03 19:00:00', '90m', '2-4');
INSERT INTO `partit` VALUES (70, '2024-01-03 20:00:00', '90m', '0-1');
INSERT INTO `partit` VALUES (71, '2024-01-03 21:00:00', '90m', '2-1');
INSERT INTO `partit` VALUES (72, '2024-01-03 22:00:00', '90m', '4-0');
INSERT INTO `partit` VALUES (73, '2024-01-03 23:00:00', '90m', '1-3');
INSERT INTO `partit` VALUES (74, '2024-01-04 00:00:00', '90m', '3-3');
INSERT INTO `partit` VALUES (75, '2024-01-04 01:00:00', '90m', '4-3');
INSERT INTO `partit` VALUES (76, '2024-01-04 02:00:00', '90m', '1-0');
INSERT INTO `partit` VALUES (77, '2024-01-04 03:00:00', '90m', '0-4');
INSERT INTO `partit` VALUES (78, '2024-01-04 04:00:00', '90m', '3-3');
INSERT INTO `partit` VALUES (79, '2024-01-04 05:00:00', '90m', '0-3');
INSERT INTO `partit` VALUES (80, '2024-01-04 06:00:00', '90m', '2-1');
INSERT INTO `partit` VALUES (81, '2024-01-04 07:00:00', '90m', '2-4');
INSERT INTO `partit` VALUES (82, '2024-01-04 08:00:00', '90m', '4-2');
INSERT INTO `partit` VALUES (83, '2024-01-04 09:00:00', '90m', '2-2');
INSERT INTO `partit` VALUES (84, '2024-01-04 10:00:00', '90m', '1-2');
INSERT INTO `partit` VALUES (85, '2024-01-04 11:00:00', '90m', '4-0');
INSERT INTO `partit` VALUES (86, '2024-01-04 12:00:00', '90m', '4-0');
INSERT INTO `partit` VALUES (87, '2024-01-04 13:00:00', '90m', '4-4');
INSERT INTO `partit` VALUES (88, '2024-01-04 14:00:00', '90m', '0-4');
INSERT INTO `partit` VALUES (89, '2024-01-04 15:00:00', '90m', '4-3');
INSERT INTO `partit` VALUES (90, '2024-01-04 16:00:00', '90m', '4-4');
INSERT INTO `partit` VALUES (91, '2024-01-04 17:00:00', '90m', '0-4');
INSERT INTO `partit` VALUES (92, '2024-01-04 18:00:00', '90m', '1-2');
INSERT INTO `partit` VALUES (93, '2024-01-04 19:00:00', '90m', '3-4');
INSERT INTO `partit` VALUES (94, '2024-01-04 20:00:00', '90m', '1-4');
INSERT INTO `partit` VALUES (95, '2024-01-04 21:00:00', '90m', '2-4');
INSERT INTO `partit` VALUES (96, '2024-01-04 22:00:00', '90m', '3-1');
INSERT INTO `partit` VALUES (97, '2024-01-04 23:00:00', '90m', '3-1');
INSERT INTO `partit` VALUES (98, '2024-01-05 00:00:00', '90m', '1-1');
INSERT INTO `partit` VALUES (99, '2024-01-05 01:00:00', '90m', '3-0');
INSERT INTO `partit` VALUES (100, '2024-01-05 02:00:00', '90m', '3-1');
INSERT INTO `partit` VALUES (101, '2024-01-05 03:00:00', '90m', '2-0');
INSERT INTO `partit` VALUES (102, '2024-01-05 04:00:00', '90m', '3-4');
INSERT INTO `partit` VALUES (103, '2024-01-05 05:00:00', '90m', '3-2');
INSERT INTO `partit` VALUES (104, '2024-01-05 06:00:00', '90m', '1-0');
INSERT INTO `partit` VALUES (105, '2024-01-05 07:00:00', '90m', '1-0');
INSERT INTO `partit` VALUES (106, '2024-01-05 08:00:00', '90m', '4-1');
INSERT INTO `partit` VALUES (107, '2024-01-05 09:00:00', '90m', '2-0');
INSERT INTO `partit` VALUES (108, '2024-01-05 10:00:00', '90m', '1-4');
INSERT INTO `partit` VALUES (109, '2024-01-05 11:00:00', '90m', '4-2');
INSERT INTO `partit` VALUES (110, '2024-01-05 12:00:00', '90m', '2-0');
INSERT INTO `partit` VALUES (111, '2024-01-05 13:00:00', '90m', '3-3');
INSERT INTO `partit` VALUES (112, '2024-01-05 14:00:00', '90m', '4-1');
INSERT INTO `partit` VALUES (113, '2024-01-05 15:00:00', '90m', '3-2');
INSERT INTO `partit` VALUES (114, '2024-01-05 16:00:00', '90m', '2-2');
INSERT INTO `partit` VALUES (115, '2024-01-05 17:00:00', '90m', '3-4');
INSERT INTO `partit` VALUES (116, '2024-01-05 18:00:00', '90m', '3-3');
INSERT INTO `partit` VALUES (117, '2024-01-05 19:00:00', '90m', '1-2');
INSERT INTO `partit` VALUES (118, '2024-01-05 20:00:00', '90m', '2-3');
INSERT INTO `partit` VALUES (119, '2024-01-05 21:00:00', '90m', '3-3');
INSERT INTO `partit` VALUES (120, '2024-01-05 22:00:00', '90m', '3-2');
INSERT INTO `partit` VALUES (121, '2024-01-05 23:00:00', '90m', '1-3');
INSERT INTO `partit` VALUES (122, '2024-01-06 00:00:00', '90m', '0-4');
INSERT INTO `partit` VALUES (123, '2024-01-06 01:00:00', '90m', '1-3');
INSERT INTO `partit` VALUES (124, '2024-01-06 02:00:00', '90m', '2-3');
INSERT INTO `partit` VALUES (125, '2024-01-06 03:00:00', '90m', '0-0');
INSERT INTO `partit` VALUES (126, '2024-01-06 04:00:00', '90m', '3-3');
INSERT INTO `partit` VALUES (127, '2024-01-06 05:00:00', '90m', '1-2');
INSERT INTO `partit` VALUES (128, '2024-01-06 06:00:00', '90m', '4-3');
INSERT INTO `partit` VALUES (129, '2024-01-06 07:00:00', '90m', '4-3');
INSERT INTO `partit` VALUES (130, '2024-01-06 08:00:00', '90m', '0-0');
INSERT INTO `partit` VALUES (131, '2024-01-06 09:00:00', '90m', '4-2');
INSERT INTO `partit` VALUES (132, '2024-01-06 10:00:00', '90m', '3-3');
INSERT INTO `partit` VALUES (133, '2024-01-06 11:00:00', '90m', '3-3');
INSERT INTO `partit` VALUES (134, '2024-01-06 12:00:00', '90m', '3-4');
INSERT INTO `partit` VALUES (135, '2024-01-06 13:00:00', '90m', '1-2');
INSERT INTO `partit` VALUES (136, '2024-01-06 14:00:00', '90m', '3-1');
INSERT INTO `partit` VALUES (137, '2024-01-06 15:00:00', '90m', '0-4');
INSERT INTO `partit` VALUES (138, '2024-01-06 16:00:00', '90m', '4-3');
INSERT INTO `partit` VALUES (139, '2024-01-06 17:00:00', '90m', '0-2');
INSERT INTO `partit` VALUES (140, '2024-01-06 18:00:00', '90m', '3-2');
INSERT INTO `partit` VALUES (141, '2024-01-06 19:00:00', '90m', '1-1');
INSERT INTO `partit` VALUES (142, '2024-01-06 20:00:00', '90m', '2-3');
INSERT INTO `partit` VALUES (143, '2024-01-06 21:00:00', '90m', '0-2');
INSERT INTO `partit` VALUES (144, '2024-01-06 22:00:00', '90m', '1-4');
INSERT INTO `partit` VALUES (145, '2024-01-06 23:00:00', '90m', '4-2');
INSERT INTO `partit` VALUES (146, '2024-01-07 00:00:00', '90m', '2-4');
INSERT INTO `partit` VALUES (147, '2024-01-07 01:00:00', '90m', '3-1');
INSERT INTO `partit` VALUES (148, '2024-01-07 02:00:00', '90m', '1-3');
INSERT INTO `partit` VALUES (149, '2024-01-07 03:00:00', '90m', '2-0');
INSERT INTO `partit` VALUES (150, '2024-01-07 04:00:00', '90m', '2-4');
INSERT INTO `partit` VALUES (151, '2024-01-07 05:00:00', '90m', '4-3');
INSERT INTO `partit` VALUES (152, '2024-01-07 06:00:00', '90m', '1-0');
INSERT INTO `partit` VALUES (153, '2024-01-07 07:00:00', '90m', '4-1');
INSERT INTO `partit` VALUES (154, '2024-01-07 08:00:00', '90m', '1-3');
INSERT INTO `partit` VALUES (155, '2024-01-07 09:00:00', '90m', '2-0');
INSERT INTO `partit` VALUES (156, '2024-01-07 10:00:00', '90m', '2-3');
INSERT INTO `partit` VALUES (157, '2024-01-07 11:00:00', '90m', '2-2');
INSERT INTO `partit` VALUES (158, '2024-01-07 12:00:00', '90m', '0-2');
INSERT INTO `partit` VALUES (159, '2024-01-07 13:00:00', '90m', '0-4');
INSERT INTO `partit` VALUES (160, '2024-01-07 14:00:00', '90m', '0-4');
INSERT INTO `partit` VALUES (161, '2024-01-07 15:00:00', '90m', '1-4');
INSERT INTO `partit` VALUES (162, '2024-01-07 16:00:00', '90m', '1-3');
INSERT INTO `partit` VALUES (163, '2024-01-07 17:00:00', '90m', '3-3');
INSERT INTO `partit` VALUES (164, '2024-01-07 18:00:00', '90m', '2-4');
INSERT INTO `partit` VALUES (165, '2024-01-07 19:00:00', '90m', '0-4');
INSERT INTO `partit` VALUES (166, '2024-01-07 20:00:00', '90m', '1-1');
INSERT INTO `partit` VALUES (167, '2024-01-07 21:00:00', '90m', '4-2');
INSERT INTO `partit` VALUES (168, '2024-01-07 22:00:00', '90m', '2-2');
INSERT INTO `partit` VALUES (169, '2024-01-07 23:00:00', '90m', '0-4');
INSERT INTO `partit` VALUES (170, '2024-01-08 00:00:00', '90m', '2-1');
INSERT INTO `partit` VALUES (171, '2024-01-08 01:00:00', '90m', '0-2');
INSERT INTO `partit` VALUES (172, '2024-01-08 02:00:00', '90m', '0-3');
INSERT INTO `partit` VALUES (173, '2024-01-08 03:00:00', '90m', '4-4');
INSERT INTO `partit` VALUES (174, '2024-01-08 04:00:00', '90m', '0-4');
INSERT INTO `partit` VALUES (175, '2024-01-08 05:00:00', '90m', '4-0');
INSERT INTO `partit` VALUES (176, '2024-01-08 06:00:00', '90m', '0-3');
INSERT INTO `partit` VALUES (177, '2024-01-08 07:00:00', '90m', '1-0');
INSERT INTO `partit` VALUES (178, '2024-01-08 08:00:00', '90m', '2-2');
INSERT INTO `partit` VALUES (179, '2024-01-08 09:00:00', '90m', '3-2');
INSERT INTO `partit` VALUES (180, '2024-01-08 10:00:00', '90m', '0-4');
INSERT INTO `partit` VALUES (181, '2024-01-08 11:00:00', '90m', '2-1');
INSERT INTO `partit` VALUES (182, '2024-01-08 12:00:00', '90m', '2-2');
INSERT INTO `partit` VALUES (183, '2024-01-08 13:00:00', '90m', '3-1');
INSERT INTO `partit` VALUES (184, '2024-01-08 14:00:00', '90m', '4-4');
INSERT INTO `partit` VALUES (185, '2024-01-08 15:00:00', '90m', '0-2');
INSERT INTO `partit` VALUES (186, '2024-01-08 16:00:00', '90m', '2-2');
INSERT INTO `partit` VALUES (187, '2024-01-08 17:00:00', '90m', '1-1');
INSERT INTO `partit` VALUES (188, '2024-01-08 18:00:00', '90m', '0-0');
INSERT INTO `partit` VALUES (189, '2024-01-08 19:00:00', '90m', '1-1');
INSERT INTO `partit` VALUES (190, '2024-01-08 20:00:00', '90m', '1-3');
INSERT INTO `partit` VALUES (191, '2024-01-08 21:00:00', '90m', '3-4');
INSERT INTO `partit` VALUES (192, '2024-01-08 22:00:00', '90m', '0-2');
INSERT INTO `partit` VALUES (193, '2024-01-08 23:00:00', '90m', '1-1');
INSERT INTO `partit` VALUES (194, '2024-01-09 00:00:00', '90m', '0-0');
INSERT INTO `partit` VALUES (195, '2024-01-09 01:00:00', '90m', '3-1');
INSERT INTO `partit` VALUES (196, '2024-01-09 02:00:00', '90m', '2-2');
INSERT INTO `partit` VALUES (197, '2024-01-09 03:00:00', '90m', '3-0');
INSERT INTO `partit` VALUES (198, '2024-01-09 04:00:00', '90m', '3-4');
INSERT INTO `partit` VALUES (199, '2024-01-09 05:00:00', '90m', '1-0');
INSERT INTO `partit` VALUES (200, '2024-01-09 06:00:00', '90m', '0-2');
INSERT INTO `partit` VALUES (201, '2024-01-09 07:00:00', '90m', '1-1');
INSERT INTO `partit` VALUES (202, '2024-01-09 08:00:00', '90m', '2-1');
INSERT INTO `partit` VALUES (203, '2024-01-09 09:00:00', '90m', '0-2');
INSERT INTO `partit` VALUES (204, '2024-01-09 10:00:00', '90m', '2-3');
INSERT INTO `partit` VALUES (205, '2024-01-09 11:00:00', '90m', '0-2');
INSERT INTO `partit` VALUES (206, '2024-01-09 12:00:00', '90m', '0-0');
INSERT INTO `partit` VALUES (207, '2024-01-09 13:00:00', '90m', '1-1');
INSERT INTO `partit` VALUES (208, '2024-01-09 14:00:00', '90m', '0-0');
INSERT INTO `partit` VALUES (209, '2024-01-09 15:00:00', '90m', '4-1');
INSERT INTO `partit` VALUES (210, '2024-01-09 16:00:00', '90m', '4-4');
INSERT INTO `partit` VALUES (211, '2024-01-09 17:00:00', '90m', '3-2');
INSERT INTO `partit` VALUES (212, '2024-01-09 18:00:00', '90m', '2-1');
INSERT INTO `partit` VALUES (213, '2024-01-09 19:00:00', '90m', '0-4');
INSERT INTO `partit` VALUES (214, '2024-01-09 20:00:00', '90m', '4-1');
INSERT INTO `partit` VALUES (215, '2024-01-09 21:00:00', '90m', '1-0');
INSERT INTO `partit` VALUES (216, '2024-01-09 22:00:00', '90m', '0-0');
INSERT INTO `partit` VALUES (217, '2024-01-09 23:00:00', '90m', '0-1');
INSERT INTO `partit` VALUES (218, '2024-01-10 00:00:00', '90m', '1-1');
INSERT INTO `partit` VALUES (219, '2024-01-10 01:00:00', '90m', '1-0');
INSERT INTO `partit` VALUES (220, '2024-01-10 02:00:00', '90m', '0-1');
INSERT INTO `partit` VALUES (221, '2024-01-10 03:00:00', '90m', '0-4');
INSERT INTO `partit` VALUES (222, '2024-01-10 04:00:00', '90m', '2-2');
INSERT INTO `partit` VALUES (223, '2024-01-10 05:00:00', '90m', '0-4');
INSERT INTO `partit` VALUES (224, '2024-01-10 06:00:00', '90m', '0-0');
INSERT INTO `partit` VALUES (225, '2024-01-10 07:00:00', '90m', '4-0');
INSERT INTO `partit` VALUES (226, '2024-01-10 08:00:00', '90m', '0-1');
INSERT INTO `partit` VALUES (227, '2024-01-10 09:00:00', '90m', '4-2');
INSERT INTO `partit` VALUES (228, '2024-01-10 10:00:00', '90m', '0-4');
INSERT INTO `partit` VALUES (229, '2024-01-10 11:00:00', '90m', '0-1');
INSERT INTO `partit` VALUES (230, '2024-01-10 12:00:00', '90m', '3-2');
INSERT INTO `partit` VALUES (231, '2024-01-10 13:00:00', '90m', '2-4');
INSERT INTO `partit` VALUES (232, '2024-01-10 14:00:00', '90m', '0-4');
INSERT INTO `partit` VALUES (233, '2024-01-10 15:00:00', '90m', '0-2');
INSERT INTO `partit` VALUES (234, '2024-01-10 16:00:00', '90m', '3-0');
INSERT INTO `partit` VALUES (235, '2024-01-10 17:00:00', '90m', '0-0');
INSERT INTO `partit` VALUES (236, '2024-01-10 18:00:00', '90m', '1-0');
INSERT INTO `partit` VALUES (237, '2024-01-10 19:00:00', '90m', '1-4');
INSERT INTO `partit` VALUES (238, '2024-01-10 20:00:00', '90m', '4-2');
INSERT INTO `partit` VALUES (239, '2024-01-10 21:00:00', '90m', '2-3');
INSERT INTO `partit` VALUES (240, '2024-01-10 22:00:00', '90m', '0-2');
INSERT INTO `partit` VALUES (241, '2024-01-10 23:00:00', '90m', '2-3');
INSERT INTO `partit` VALUES (242, '2024-01-11 00:00:00', '90m', '0-3');
INSERT INTO `partit` VALUES (243, '2024-01-11 01:00:00', '90m', '0-0');
INSERT INTO `partit` VALUES (244, '2024-01-11 02:00:00', '90m', '2-4');
INSERT INTO `partit` VALUES (245, '2024-01-11 03:00:00', '90m', '4-3');
INSERT INTO `partit` VALUES (246, '2024-01-11 04:00:00', '90m', '4-3');
INSERT INTO `partit` VALUES (247, '2024-01-11 05:00:00', '90m', '3-0');
INSERT INTO `partit` VALUES (248, '2024-01-11 06:00:00', '90m', '1-2');
INSERT INTO `partit` VALUES (249, '2024-01-11 07:00:00', '90m', '0-2');
INSERT INTO `partit` VALUES (250, '2024-01-11 08:00:00', '90m', '4-0');
INSERT INTO `partit` VALUES (251, '2024-01-11 09:00:00', '90m', '3-0');
INSERT INTO `partit` VALUES (252, '2024-01-11 10:00:00', '90m', '3-1');
INSERT INTO `partit` VALUES (253, '2024-01-11 11:00:00', '90m', '4-1');
INSERT INTO `partit` VALUES (254, '2024-01-11 12:00:00', '90m', '0-1');
INSERT INTO `partit` VALUES (255, '2024-01-11 13:00:00', '90m', '2-0');
INSERT INTO `partit` VALUES (256, '2024-01-11 14:00:00', '90m', '0-2');
INSERT INTO `partit` VALUES (257, '2024-01-11 15:00:00', '90m', '3-3');
INSERT INTO `partit` VALUES (258, '2024-01-11 16:00:00', '90m', '0-3');
INSERT INTO `partit` VALUES (259, '2024-01-11 17:00:00', '90m', '3-4');
INSERT INTO `partit` VALUES (260, '2024-01-11 18:00:00', '90m', '4-4');
INSERT INTO `partit` VALUES (261, '2024-01-11 19:00:00', '90m', '3-2');
INSERT INTO `partit` VALUES (262, '2024-01-11 20:00:00', '90m', '1-0');
INSERT INTO `partit` VALUES (263, '2024-01-11 21:00:00', '90m', '0-4');
INSERT INTO `partit` VALUES (264, '2024-01-11 22:00:00', '90m', '4-4');
INSERT INTO `partit` VALUES (265, '2024-01-11 23:00:00', '90m', '0-1');
INSERT INTO `partit` VALUES (266, '2024-01-12 00:00:00', '90m', '4-0');
INSERT INTO `partit` VALUES (267, '2024-01-12 01:00:00', '90m', '3-0');
INSERT INTO `partit` VALUES (268, '2024-01-12 02:00:00', '90m', '2-1');
INSERT INTO `partit` VALUES (269, '2024-01-12 03:00:00', '90m', '0-4');
INSERT INTO `partit` VALUES (270, '2024-01-12 04:00:00', '90m', '0-2');
INSERT INTO `partit` VALUES (271, '2024-01-12 05:00:00', '90m', '0-4');
INSERT INTO `partit` VALUES (272, '2024-01-12 06:00:00', '90m', '1-2');
INSERT INTO `partit` VALUES (273, '2024-01-12 07:00:00', '90m', '4-2');
INSERT INTO `partit` VALUES (274, '2024-01-12 08:00:00', '90m', '2-3');
INSERT INTO `partit` VALUES (275, '2024-01-12 09:00:00', '90m', '1-0');
INSERT INTO `partit` VALUES (276, '2024-01-12 10:00:00', '90m', '1-1');
INSERT INTO `partit` VALUES (277, '2024-01-12 11:00:00', '90m', '4-0');
INSERT INTO `partit` VALUES (278, '2024-01-12 12:00:00', '90m', '4-0');
INSERT INTO `partit` VALUES (279, '2024-01-12 13:00:00', '90m', '3-2');
INSERT INTO `partit` VALUES (280, '2024-01-12 14:00:00', '90m', '2-4');
INSERT INTO `partit` VALUES (281, '2024-01-12 15:00:00', '90m', '4-4');
INSERT INTO `partit` VALUES (282, '2024-01-12 16:00:00', '90m', '4-0');
INSERT INTO `partit` VALUES (283, '2024-01-12 17:00:00', '90m', '0-3');
INSERT INTO `partit` VALUES (284, '2024-01-12 18:00:00', '90m', '2-0');
INSERT INTO `partit` VALUES (285, '2024-01-12 19:00:00', '90m', '3-1');
INSERT INTO `partit` VALUES (286, '2024-01-12 20:00:00', '90m', '3-3');
INSERT INTO `partit` VALUES (287, '2024-01-12 21:00:00', '90m', '0-3');
INSERT INTO `partit` VALUES (288, '2024-01-12 22:00:00', '90m', '0-2');
INSERT INTO `partit` VALUES (289, '2024-01-12 23:00:00', '90m', '1-4');
INSERT INTO `partit` VALUES (290, '2024-01-13 00:00:00', '90m', '1-4');
INSERT INTO `partit` VALUES (291, '2024-01-13 01:00:00', '90m', '2-4');
INSERT INTO `partit` VALUES (292, '2024-01-13 02:00:00', '90m', '1-3');
INSERT INTO `partit` VALUES (293, '2024-01-13 03:00:00', '90m', '1-4');
INSERT INTO `partit` VALUES (294, '2024-01-13 04:00:00', '90m', '3-1');
INSERT INTO `partit` VALUES (295, '2024-01-13 05:00:00', '90m', '4-1');
INSERT INTO `partit` VALUES (296, '2024-01-13 06:00:00', '90m', '4-3');
INSERT INTO `partit` VALUES (297, '2024-01-13 07:00:00', '90m', '1-0');
INSERT INTO `partit` VALUES (298, '2024-01-13 08:00:00', '90m', '0-1');
INSERT INTO `partit` VALUES (299, '2024-01-13 09:00:00', '90m', '0-2');
INSERT INTO `partit` VALUES (300, '2024-01-13 10:00:00', '90m', '3-2');
INSERT INTO `partit` VALUES (301, '2024-01-13 11:00:00', '90m', '1-0');
INSERT INTO `partit` VALUES (302, '2024-01-13 12:00:00', '90m', '0-3');
INSERT INTO `partit` VALUES (303, '2024-01-13 13:00:00', '90m', '0-2');
INSERT INTO `partit` VALUES (304, '2024-01-13 14:00:00', '90m', '2-2');
INSERT INTO `partit` VALUES (305, '2024-01-13 15:00:00', '90m', '2-2');
INSERT INTO `partit` VALUES (306, '2024-01-13 16:00:00', '90m', '4-0');
INSERT INTO `partit` VALUES (307, '2024-01-13 17:00:00', '90m', '0-0');
INSERT INTO `partit` VALUES (308, '2024-01-13 18:00:00', '90m', '2-3');
INSERT INTO `partit` VALUES (309, '2024-01-13 19:00:00', '90m', '2-1');
INSERT INTO `partit` VALUES (310, '2024-01-13 20:00:00', '90m', '0-3');
INSERT INTO `partit` VALUES (311, '2024-01-13 21:00:00', '90m', '0-0');
INSERT INTO `partit` VALUES (312, '2024-01-13 22:00:00', '90m', '0-4');
INSERT INTO `partit` VALUES (313, '2024-01-13 23:00:00', '90m', '4-2');
INSERT INTO `partit` VALUES (314, '2024-01-14 00:00:00', '90m', '2-3');
INSERT INTO `partit` VALUES (315, '2024-01-14 01:00:00', '90m', '2-1');
INSERT INTO `partit` VALUES (316, '2024-01-14 02:00:00', '90m', '3-0');
INSERT INTO `partit` VALUES (317, '2024-01-14 03:00:00', '90m', '2-0');
INSERT INTO `partit` VALUES (318, '2024-01-14 04:00:00', '90m', '1-1');
INSERT INTO `partit` VALUES (319, '2024-01-14 05:00:00', '90m', '2-1');
INSERT INTO `partit` VALUES (320, '2024-01-14 06:00:00', '90m', '1-0');
INSERT INTO `partit` VALUES (321, '2024-01-14 07:00:00', '90m', '0-4');
INSERT INTO `partit` VALUES (322, '2024-01-14 08:00:00', '90m', '2-1');
INSERT INTO `partit` VALUES (323, '2024-01-14 09:00:00', '90m', '3-0');
INSERT INTO `partit` VALUES (324, '2024-01-14 10:00:00', '90m', '4-2');
INSERT INTO `partit` VALUES (325, '2024-01-14 11:00:00', '90m', '0-2');
INSERT INTO `partit` VALUES (326, '2024-01-14 12:00:00', '90m', '2-0');
INSERT INTO `partit` VALUES (327, '2024-01-14 13:00:00', '90m', '2-4');
INSERT INTO `partit` VALUES (328, '2024-01-14 14:00:00', '90m', '2-0');
INSERT INTO `partit` VALUES (329, '2024-01-14 15:00:00', '90m', '1-0');
INSERT INTO `partit` VALUES (330, '2024-01-14 16:00:00', '90m', '4-3');
INSERT INTO `partit` VALUES (331, '2024-01-14 17:00:00', '90m', '0-0');
INSERT INTO `partit` VALUES (332, '2024-01-14 18:00:00', '90m', '3-1');
INSERT INTO `partit` VALUES (333, '2024-01-14 19:00:00', '90m', '2-0');
INSERT INTO `partit` VALUES (334, '2024-01-14 20:00:00', '90m', '4-0');
INSERT INTO `partit` VALUES (335, '2024-01-14 21:00:00', '90m', '4-0');
INSERT INTO `partit` VALUES (336, '2024-01-14 22:00:00', '90m', '0-0');
INSERT INTO `partit` VALUES (337, '2024-01-14 23:00:00', '90m', '1-0');
INSERT INTO `partit` VALUES (338, '2024-01-15 00:00:00', '90m', '1-2');
INSERT INTO `partit` VALUES (339, '2024-01-15 01:00:00', '90m', '2-1');
INSERT INTO `partit` VALUES (340, '2024-01-15 02:00:00', '90m', '4-4');
INSERT INTO `partit` VALUES (341, '2024-01-15 03:00:00', '90m', '4-1');
INSERT INTO `partit` VALUES (342, '2024-01-15 04:00:00', '90m', '3-2');
INSERT INTO `partit` VALUES (343, '2024-01-15 05:00:00', '90m', '1-2');
INSERT INTO `partit` VALUES (344, '2024-01-15 06:00:00', '90m', '0-1');
INSERT INTO `partit` VALUES (345, '2024-01-15 07:00:00', '90m', '4-4');
INSERT INTO `partit` VALUES (346, '2024-01-15 08:00:00', '90m', '3-0');
INSERT INTO `partit` VALUES (347, '2024-01-15 09:00:00', '90m', '0-2');
INSERT INTO `partit` VALUES (348, '2024-01-15 10:00:00', '90m', '0-1');
INSERT INTO `partit` VALUES (349, '2024-01-15 11:00:00', '90m', '0-4');
INSERT INTO `partit` VALUES (350, '2024-01-15 12:00:00', '90m', '0-1');
INSERT INTO `partit` VALUES (351, '2024-01-15 13:00:00', '90m', '2-2');
INSERT INTO `partit` VALUES (352, '2024-01-15 14:00:00', '90m', '2-2');
INSERT INTO `partit` VALUES (353, '2024-01-15 15:00:00', '90m', '4-0');
INSERT INTO `partit` VALUES (354, '2024-01-15 16:00:00', '90m', '0-1');
INSERT INTO `partit` VALUES (355, '2024-01-15 17:00:00', '90m', '0-4');
INSERT INTO `partit` VALUES (356, '2024-01-15 18:00:00', '90m', '4-0');
INSERT INTO `partit` VALUES (357, '2024-01-15 19:00:00', '90m', '1-3');
INSERT INTO `partit` VALUES (358, '2024-01-15 20:00:00', '90m', '3-2');
INSERT INTO `partit` VALUES (359, '2024-01-15 21:00:00', '90m', '2-1');
INSERT INTO `partit` VALUES (360, '2024-01-15 22:00:00', '90m', '2-4');
INSERT INTO `partit` VALUES (361, '2024-01-15 23:00:00', '90m', '3-3');
INSERT INTO `partit` VALUES (362, '2024-01-16 00:00:00', '90m', '2-1');
INSERT INTO `partit` VALUES (363, '2024-01-16 01:00:00', '90m', '4-3');
INSERT INTO `partit` VALUES (364, '2024-01-16 02:00:00', '90m', '3-0');
INSERT INTO `partit` VALUES (365, '2024-01-16 03:00:00', '90m', '3-1');
INSERT INTO `partit` VALUES (366, '2024-01-16 04:00:00', '90m', '4-4');
INSERT INTO `partit` VALUES (367, '2024-01-16 05:00:00', '90m', '4-4');
INSERT INTO `partit` VALUES (368, '2024-01-16 06:00:00', '90m', '3-0');
INSERT INTO `partit` VALUES (369, '2024-01-16 07:00:00', '90m', '2-1');
INSERT INTO `partit` VALUES (370, '2024-01-16 08:00:00', '90m', '3-2');
INSERT INTO `partit` VALUES (371, '2024-01-16 09:00:00', '90m', '0-1');
INSERT INTO `partit` VALUES (372, '2024-01-16 10:00:00', '90m', '1-2');
INSERT INTO `partit` VALUES (373, '2024-01-16 11:00:00', '90m', '3-2');
INSERT INTO `partit` VALUES (374, '2024-01-16 12:00:00', '90m', '4-3');
INSERT INTO `partit` VALUES (375, '2024-01-16 13:00:00', '90m', '1-1');
INSERT INTO `partit` VALUES (376, '2024-01-16 14:00:00', '90m', '0-1');
INSERT INTO `partit` VALUES (377, '2024-01-16 15:00:00', '90m', '3-0');
INSERT INTO `partit` VALUES (378, '2024-01-16 16:00:00', '90m', '0-1');
INSERT INTO `partit` VALUES (379, '2024-01-16 17:00:00', '90m', '4-0');
INSERT INTO `partit` VALUES (380, '2024-01-16 18:00:00', '90m', '1-3');
INSERT INTO `partit` VALUES (381, '2024-01-16 19:00:00', '90m', '2-2');
INSERT INTO `partit` VALUES (382, '2024-01-16 20:00:00', '90m', '3-1');
INSERT INTO `partit` VALUES (383, '2024-01-16 21:00:00', '90m', '1-4');
INSERT INTO `partit` VALUES (384, '2024-01-16 22:00:00', '90m', '3-2');
INSERT INTO `partit` VALUES (385, '2024-01-16 23:00:00', '90m', '1-4');
INSERT INTO `partit` VALUES (386, '2024-01-17 00:00:00', '90m', '0-3');
INSERT INTO `partit` VALUES (387, '2024-01-17 01:00:00', '90m', '4-1');
INSERT INTO `partit` VALUES (388, '2024-01-17 02:00:00', '90m', '1-2');
INSERT INTO `partit` VALUES (389, '2024-01-17 03:00:00', '90m', '3-4');
INSERT INTO `partit` VALUES (390, '2024-01-17 04:00:00', '90m', '3-2');
INSERT INTO `partit` VALUES (391, '2024-01-17 05:00:00', '90m', '0-2');
INSERT INTO `partit` VALUES (392, '2024-01-17 06:00:00', '90m', '2-1');
INSERT INTO `partit` VALUES (393, '2024-01-17 07:00:00', '90m', '2-1');
INSERT INTO `partit` VALUES (394, '2024-01-17 08:00:00', '90m', '0-1');
INSERT INTO `partit` VALUES (395, '2024-01-17 09:00:00', '90m', '0-4');
INSERT INTO `partit` VALUES (396, '2024-01-17 10:00:00', '90m', '1-4');
INSERT INTO `partit` VALUES (397, '2024-01-17 11:00:00', '90m', '4-1');
INSERT INTO `partit` VALUES (398, '2024-01-17 12:00:00', '90m', '4-4');
INSERT INTO `partit` VALUES (399, '2024-01-17 13:00:00', '90m', '3-2');
INSERT INTO `partit` VALUES (400, '2024-01-17 14:00:00', '90m', '3-2');
INSERT INTO `partit` VALUES (401, '2024-01-17 15:00:00', '90m', '3-0');
INSERT INTO `partit` VALUES (402, '2024-01-17 16:00:00', '90m', '2-1');
INSERT INTO `partit` VALUES (403, '2024-01-17 17:00:00', '90m', '3-4');
INSERT INTO `partit` VALUES (404, '2024-01-17 18:00:00', '90m', '4-4');
INSERT INTO `partit` VALUES (405, '2024-01-17 19:00:00', '90m', '4-4');
INSERT INTO `partit` VALUES (406, '2024-01-17 20:00:00', '90m', '0-1');
INSERT INTO `partit` VALUES (407, '2024-01-17 21:00:00', '90m', '3-0');
INSERT INTO `partit` VALUES (408, '2024-01-17 22:00:00', '90m', '2-2');
INSERT INTO `partit` VALUES (409, '2024-01-17 23:00:00', '90m', '0-2');
INSERT INTO `partit` VALUES (410, '2024-01-18 00:00:00', '90m', '1-2');
INSERT INTO `partit` VALUES (411, '2024-01-18 01:00:00', '90m', '1-1');
INSERT INTO `partit` VALUES (412, '2024-01-18 02:00:00', '90m', '1-4');
INSERT INTO `partit` VALUES (413, '2024-01-18 03:00:00', '90m', '1-0');
INSERT INTO `partit` VALUES (414, '2024-01-18 04:00:00', '90m', '2-0');
INSERT INTO `partit` VALUES (415, '2024-01-18 05:00:00', '90m', '2-2');
INSERT INTO `partit` VALUES (416, '2024-01-18 06:00:00', '90m', '2-0');
INSERT INTO `partit` VALUES (417, '2024-01-18 07:00:00', '90m', '1-2');
INSERT INTO `partit` VALUES (418, '2024-01-18 08:00:00', '90m', '4-4');
INSERT INTO `partit` VALUES (419, '2024-01-18 09:00:00', '90m', '4-2');
INSERT INTO `partit` VALUES (420, '2024-01-18 10:00:00', '90m', '1-1');
INSERT INTO `partit` VALUES (421, '2024-01-18 11:00:00', '90m', '4-2');
INSERT INTO `partit` VALUES (422, '2024-01-18 12:00:00', '90m', '4-2');
INSERT INTO `partit` VALUES (423, '2024-01-18 13:00:00', '90m', '1-4');
INSERT INTO `partit` VALUES (424, '2024-01-18 14:00:00', '90m', '3-4');
INSERT INTO `partit` VALUES (425, '2024-01-18 15:00:00', '90m', '0-1');
INSERT INTO `partit` VALUES (426, '2024-01-18 16:00:00', '90m', '1-2');
INSERT INTO `partit` VALUES (427, '2024-01-18 17:00:00', '90m', '3-0');
INSERT INTO `partit` VALUES (428, '2024-01-18 18:00:00', '90m', '4-2');
INSERT INTO `partit` VALUES (429, '2024-01-18 19:00:00', '90m', '0-1');
INSERT INTO `partit` VALUES (430, '2024-01-18 20:00:00', '90m', '3-2');
INSERT INTO `partit` VALUES (431, '2024-01-18 21:00:00', '90m', '2-4');
INSERT INTO `partit` VALUES (432, '2024-01-18 22:00:00', '90m', '1-4');
INSERT INTO `partit` VALUES (433, '2024-01-18 23:00:00', '90m', '0-2');
INSERT INTO `partit` VALUES (434, '2024-01-19 00:00:00', '90m', '4-3');
INSERT INTO `partit` VALUES (435, '2024-01-19 01:00:00', '90m', '1-3');
INSERT INTO `partit` VALUES (436, '2024-01-19 02:00:00', '90m', '4-0');
INSERT INTO `partit` VALUES (437, '2024-01-19 03:00:00', '90m', '2-2');
INSERT INTO `partit` VALUES (438, '2024-01-19 04:00:00', '90m', '0-4');
INSERT INTO `partit` VALUES (439, '2024-01-19 05:00:00', '90m', '2-3');
INSERT INTO `partit` VALUES (440, '2024-01-19 06:00:00', '90m', '1-1');
INSERT INTO `partit` VALUES (441, '2024-01-19 07:00:00', '90m', '2-4');
INSERT INTO `partit` VALUES (442, '2024-01-19 08:00:00', '90m', '0-0');
INSERT INTO `partit` VALUES (443, '2024-01-19 09:00:00', '90m', '2-0');
INSERT INTO `partit` VALUES (444, '2024-01-19 10:00:00', '90m', '3-3');
INSERT INTO `partit` VALUES (445, '2024-01-19 11:00:00', '90m', '1-3');
INSERT INTO `partit` VALUES (446, '2024-01-19 12:00:00', '90m', '1-2');
INSERT INTO `partit` VALUES (447, '2024-01-19 13:00:00', '90m', '3-1');
INSERT INTO `partit` VALUES (448, '2024-01-19 14:00:00', '90m', '1-4');
INSERT INTO `partit` VALUES (449, '2024-01-19 15:00:00', '90m', '1-0');
INSERT INTO `partit` VALUES (450, '2024-01-19 16:00:00', '90m', '1-1');
INSERT INTO `partit` VALUES (451, '2024-01-19 17:00:00', '90m', '1-4');
INSERT INTO `partit` VALUES (452, '2024-01-19 18:00:00', '90m', '3-0');
INSERT INTO `partit` VALUES (453, '2024-01-19 19:00:00', '90m', '0-0');
INSERT INTO `partit` VALUES (454, '2024-01-19 20:00:00', '90m', '1-1');
INSERT INTO `partit` VALUES (455, '2024-01-19 21:00:00', '90m', '1-1');
INSERT INTO `partit` VALUES (456, '2024-01-19 22:00:00', '90m', '0-2');
INSERT INTO `partit` VALUES (457, '2024-01-19 23:00:00', '90m', '0-2');
INSERT INTO `partit` VALUES (458, '2024-01-20 00:00:00', '90m', '2-2');
INSERT INTO `partit` VALUES (459, '2024-01-20 01:00:00', '90m', '3-4');
INSERT INTO `partit` VALUES (460, '2024-01-20 02:00:00', '90m', '1-1');
INSERT INTO `partit` VALUES (461, '2024-01-20 03:00:00', '90m', '0-4');
INSERT INTO `partit` VALUES (462, '2024-01-20 04:00:00', '90m', '0-2');
INSERT INTO `partit` VALUES (463, '2024-01-20 05:00:00', '90m', '0-0');
INSERT INTO `partit` VALUES (464, '2024-01-20 06:00:00', '90m', '1-0');
INSERT INTO `partit` VALUES (465, '2024-01-20 07:00:00', '90m', '1-3');
INSERT INTO `partit` VALUES (466, '2024-01-20 08:00:00', '90m', '2-1');
INSERT INTO `partit` VALUES (467, '2024-01-20 09:00:00', '90m', '4-4');
INSERT INTO `partit` VALUES (468, '2024-01-20 10:00:00', '90m', '4-1');
INSERT INTO `partit` VALUES (469, '2024-01-20 11:00:00', '90m', '3-1');
INSERT INTO `partit` VALUES (470, '2024-01-20 12:00:00', '90m', '3-3');
INSERT INTO `partit` VALUES (471, '2024-01-20 13:00:00', '90m', '3-0');
INSERT INTO `partit` VALUES (472, '2024-01-20 14:00:00', '90m', '1-2');
INSERT INTO `partit` VALUES (473, '2024-01-20 15:00:00', '90m', '0-1');
INSERT INTO `partit` VALUES (474, '2024-01-20 16:00:00', '90m', '4-2');
INSERT INTO `partit` VALUES (475, '2024-01-20 17:00:00', '90m', '2-1');
INSERT INTO `partit` VALUES (476, '2024-01-20 18:00:00', '90m', '0-2');
INSERT INTO `partit` VALUES (477, '2024-01-20 19:00:00', '90m', '3-4');
INSERT INTO `partit` VALUES (478, '2024-01-20 20:00:00', '90m', '4-0');
INSERT INTO `partit` VALUES (479, '2024-01-20 21:00:00', '90m', '4-4');
INSERT INTO `partit` VALUES (480, '2024-01-20 22:00:00', '90m', '3-3');
INSERT INTO `partit` VALUES (481, '2024-01-20 23:00:00', '90m', '3-1');
INSERT INTO `partit` VALUES (482, '2024-01-21 00:00:00', '90m', '2-4');
INSERT INTO `partit` VALUES (483, '2024-01-21 01:00:00', '90m', '4-4');
INSERT INTO `partit` VALUES (484, '2024-01-21 02:00:00', '90m', '2-2');
INSERT INTO `partit` VALUES (485, '2024-01-21 03:00:00', '90m', '2-3');
INSERT INTO `partit` VALUES (486, '2024-01-21 04:00:00', '90m', '4-3');
INSERT INTO `partit` VALUES (487, '2024-01-21 05:00:00', '90m', '2-4');
INSERT INTO `partit` VALUES (488, '2024-01-21 06:00:00', '90m', '4-0');
INSERT INTO `partit` VALUES (489, '2024-01-21 07:00:00', '90m', '2-2');
INSERT INTO `partit` VALUES (490, '2024-01-21 08:00:00', '90m', '0-3');
INSERT INTO `partit` VALUES (491, '2024-01-21 09:00:00', '90m', '2-0');
INSERT INTO `partit` VALUES (492, '2024-01-21 10:00:00', '90m', '1-1');
INSERT INTO `partit` VALUES (493, '2024-01-21 11:00:00', '90m', '1-0');
INSERT INTO `partit` VALUES (494, '2024-01-21 12:00:00', '90m', '1-0');
INSERT INTO `partit` VALUES (495, '2024-01-21 13:00:00', '90m', '3-2');
INSERT INTO `partit` VALUES (496, '2024-01-21 14:00:00', '90m', '4-3');
INSERT INTO `partit` VALUES (497, '2024-01-21 15:00:00', '90m', '2-0');
INSERT INTO `partit` VALUES (498, '2024-01-21 16:00:00', '90m', '1-3');
INSERT INTO `partit` VALUES (499, '2024-01-21 17:00:00', '90m', '0-0');
INSERT INTO `partit` VALUES (500, '2024-01-21 18:00:00', '90m', '0-0');
INSERT INTO `partit` VALUES (501, '2024-01-21 19:00:00', '90m', '1-2');
INSERT INTO `partit` VALUES (502, '2024-01-21 20:00:00', '90m', '2-3');
INSERT INTO `partit` VALUES (503, '2024-01-21 21:00:00', '90m', '0-3');
INSERT INTO `partit` VALUES (504, '2024-01-21 22:00:00', '90m', '4-2');
INSERT INTO `partit` VALUES (505, '2024-01-21 23:00:00', '90m', '2-4');
INSERT INTO `partit` VALUES (506, '2024-01-22 00:00:00', '90m', '0-3');
INSERT INTO `partit` VALUES (507, '2024-01-22 01:00:00', '90m', '2-0');
INSERT INTO `partit` VALUES (508, '2024-01-22 02:00:00', '90m', '0-1');
INSERT INTO `partit` VALUES (509, '2024-01-22 03:00:00', '90m', '1-1');
INSERT INTO `partit` VALUES (510, '2024-01-22 04:00:00', '90m', '0-1');
INSERT INTO `partit` VALUES (511, '2024-01-22 05:00:00', '90m', '2-0');
INSERT INTO `partit` VALUES (512, '2024-01-22 06:00:00', '90m', '2-1');
INSERT INTO `partit` VALUES (513, '2024-01-22 07:00:00', '90m', '1-1');
INSERT INTO `partit` VALUES (514, '2024-01-22 08:00:00', '90m', '1-1');
INSERT INTO `partit` VALUES (515, '2024-01-22 09:00:00', '90m', '4-2');
INSERT INTO `partit` VALUES (516, '2024-01-22 10:00:00', '90m', '2-3');
INSERT INTO `partit` VALUES (517, '2024-01-22 11:00:00', '90m', '1-0');
INSERT INTO `partit` VALUES (518, '2024-01-22 12:00:00', '90m', '1-3');
INSERT INTO `partit` VALUES (519, '2024-01-22 13:00:00', '90m', '1-1');
INSERT INTO `partit` VALUES (520, '2024-01-22 14:00:00', '90m', '2-2');
INSERT INTO `partit` VALUES (521, '2024-01-22 15:00:00', '90m', '1-1');
INSERT INTO `partit` VALUES (522, '2024-01-22 16:00:00', '90m', '0-4');
INSERT INTO `partit` VALUES (523, '2024-01-22 17:00:00', '90m', '0-3');
INSERT INTO `partit` VALUES (1035, '2024-06-10 10:00:00', '145m', '6-4, 6-3');
INSERT INTO `partit` VALUES (1036, '2024-06-10 12:30:00', '180m', '7-6, 5-7, 6-4');
INSERT INTO `partit` VALUES (1037, '2024-06-11 10:00:00', '90m', '6-0, 6-1');
INSERT INTO `partit` VALUES (1038, '2024-06-11 12:30:00', '120m', '6-2, 7-5');
INSERT INTO `partit` VALUES (1039, '2024-06-12 10:00:00', '210m', '4-6, 7-6, 7-6');
INSERT INTO `partit` VALUES (1040, '2024-06-12 12:30:00', '95m', '6-3, 6-4');
INSERT INTO `partit` VALUES (1041, '2024-06-13 10:00:00', '110m', '6-1, 6-4');
INSERT INTO `partit` VALUES (1042, '2024-06-13 12:30:00', '130m', '7-5, 6-4');
INSERT INTO `partit` VALUES (1043, '2024-06-14 10:00:00', '150m', '6-4, 3-6, 6-2');
INSERT INTO `partit` VALUES (1044, '2024-06-14 12:30:00', '100m', '6-0, 6-4');
INSERT INTO `partit` VALUES (1045, '2024-06-15 10:00:00', '140m', '6-2, 6-2');
INSERT INTO `partit` VALUES (1046, '2024-06-15 12:30:00', '160m', '7-6, 6-4');
INSERT INTO `partit` VALUES (1047, '2024-06-16 10:00:00', '190m', '3-6, 6-3, 7-5');
INSERT INTO `partit` VALUES (1048, '2024-06-16 12:30:00', '80m', '6-1, 6-2');
INSERT INTO `partit` VALUES (1049, '2024-06-17 17:00:00', '200m', '6-4, 4-6, 7-6');
INSERT INTO `partit` VALUES (1050, '2026-05-01 10:00:00', '60m', '5-5');
INSERT INTO `partit` VALUES (1051, '2026-05-01 12:00:00', '90m', '1-2');
INSERT INTO `partit` VALUES (1052, '2026-05-02 18:00:00', '48m', '102-98');
INSERT INTO `partit` VALUES (1053, '2026-05-02 20:00:00', '120m', '6-4, 6-2');
INSERT INTO `partit` VALUES (1054, '2026-05-03 11:00:00', '90m', '0-0');

-- ----------------------------
-- Table structure for partitAlineacio
-- ----------------------------
DROP TABLE IF EXISTS `partitAlineacio`;
CREATE TABLE `partitAlineacio`  (
  `idPartit` int(11) NOT NULL,
  `idAlineacio` int(11) NOT NULL,
  PRIMARY KEY (`idPartit`, `idAlineacio`) USING BTREE,
  INDEX `idAlineacio`(`idAlineacio`) USING BTREE,
  CONSTRAINT `partitalineacio_ibfk_1` FOREIGN KEY (`idPartit`) REFERENCES `partit` (`idPartit`) ON DELETE RESTRICT ON UPDATE RESTRICT,
  CONSTRAINT `partitalineacio_ibfk_2` FOREIGN KEY (`idAlineacio`) REFERENCES `alineacio` (`idAlineacio`) ON DELETE RESTRICT ON UPDATE RESTRICT
) ENGINE = InnoDB CHARACTER SET = utf8mb4 COLLATE = utf8mb4_spanish_ci ROW_FORMAT = Dynamic;

-- ----------------------------
-- Records of partitAlineacio
-- ----------------------------
INSERT INTO `partitAlineacio` VALUES (1, 1);
INSERT INTO `partitAlineacio` VALUES (1, 2);
INSERT INTO `partitAlineacio` VALUES (2, 3);
INSERT INTO `partitAlineacio` VALUES (2, 4);
INSERT INTO `partitAlineacio` VALUES (3, 5);
INSERT INTO `partitAlineacio` VALUES (3, 6);
INSERT INTO `partitAlineacio` VALUES (4, 7);
INSERT INTO `partitAlineacio` VALUES (4, 8);
INSERT INTO `partitAlineacio` VALUES (5, 9);
INSERT INTO `partitAlineacio` VALUES (5, 10);
INSERT INTO `partitAlineacio` VALUES (6, 11);
INSERT INTO `partitAlineacio` VALUES (6, 12);
INSERT INTO `partitAlineacio` VALUES (7, 13);
INSERT INTO `partitAlineacio` VALUES (7, 14);
INSERT INTO `partitAlineacio` VALUES (8, 15);
INSERT INTO `partitAlineacio` VALUES (8, 16);
INSERT INTO `partitAlineacio` VALUES (9, 17);
INSERT INTO `partitAlineacio` VALUES (9, 18);
INSERT INTO `partitAlineacio` VALUES (10, 19);
INSERT INTO `partitAlineacio` VALUES (10, 20);
INSERT INTO `partitAlineacio` VALUES (11, 21);
INSERT INTO `partitAlineacio` VALUES (11, 22);
INSERT INTO `partitAlineacio` VALUES (12, 23);
INSERT INTO `partitAlineacio` VALUES (12, 24);
INSERT INTO `partitAlineacio` VALUES (13, 25);
INSERT INTO `partitAlineacio` VALUES (13, 26);
INSERT INTO `partitAlineacio` VALUES (14, 27);
INSERT INTO `partitAlineacio` VALUES (14, 28);
INSERT INTO `partitAlineacio` VALUES (15, 29);
INSERT INTO `partitAlineacio` VALUES (15, 30);
INSERT INTO `partitAlineacio` VALUES (16, 31);
INSERT INTO `partitAlineacio` VALUES (16, 32);
INSERT INTO `partitAlineacio` VALUES (17, 33);
INSERT INTO `partitAlineacio` VALUES (17, 34);
INSERT INTO `partitAlineacio` VALUES (18, 35);
INSERT INTO `partitAlineacio` VALUES (18, 36);
INSERT INTO `partitAlineacio` VALUES (19, 37);
INSERT INTO `partitAlineacio` VALUES (19, 38);
INSERT INTO `partitAlineacio` VALUES (20, 39);
INSERT INTO `partitAlineacio` VALUES (20, 40);
INSERT INTO `partitAlineacio` VALUES (21, 41);
INSERT INTO `partitAlineacio` VALUES (21, 42);
INSERT INTO `partitAlineacio` VALUES (22, 43);
INSERT INTO `partitAlineacio` VALUES (22, 44);
INSERT INTO `partitAlineacio` VALUES (23, 45);
INSERT INTO `partitAlineacio` VALUES (23, 46);
INSERT INTO `partitAlineacio` VALUES (24, 47);
INSERT INTO `partitAlineacio` VALUES (24, 48);
INSERT INTO `partitAlineacio` VALUES (25, 49);
INSERT INTO `partitAlineacio` VALUES (25, 50);
INSERT INTO `partitAlineacio` VALUES (26, 51);
INSERT INTO `partitAlineacio` VALUES (26, 52);
INSERT INTO `partitAlineacio` VALUES (27, 53);
INSERT INTO `partitAlineacio` VALUES (27, 54);
INSERT INTO `partitAlineacio` VALUES (28, 55);
INSERT INTO `partitAlineacio` VALUES (28, 56);
INSERT INTO `partitAlineacio` VALUES (29, 57);
INSERT INTO `partitAlineacio` VALUES (29, 58);
INSERT INTO `partitAlineacio` VALUES (30, 59);
INSERT INTO `partitAlineacio` VALUES (30, 60);
INSERT INTO `partitAlineacio` VALUES (31, 61);
INSERT INTO `partitAlineacio` VALUES (31, 62);
INSERT INTO `partitAlineacio` VALUES (32, 63);
INSERT INTO `partitAlineacio` VALUES (32, 64);
INSERT INTO `partitAlineacio` VALUES (33, 65);
INSERT INTO `partitAlineacio` VALUES (33, 66);
INSERT INTO `partitAlineacio` VALUES (34, 67);
INSERT INTO `partitAlineacio` VALUES (34, 68);
INSERT INTO `partitAlineacio` VALUES (35, 69);
INSERT INTO `partitAlineacio` VALUES (35, 70);
INSERT INTO `partitAlineacio` VALUES (36, 71);
INSERT INTO `partitAlineacio` VALUES (36, 72);
INSERT INTO `partitAlineacio` VALUES (37, 73);
INSERT INTO `partitAlineacio` VALUES (37, 74);
INSERT INTO `partitAlineacio` VALUES (38, 75);
INSERT INTO `partitAlineacio` VALUES (38, 76);
INSERT INTO `partitAlineacio` VALUES (39, 77);
INSERT INTO `partitAlineacio` VALUES (39, 78);
INSERT INTO `partitAlineacio` VALUES (40, 79);
INSERT INTO `partitAlineacio` VALUES (40, 80);
INSERT INTO `partitAlineacio` VALUES (41, 81);
INSERT INTO `partitAlineacio` VALUES (41, 82);
INSERT INTO `partitAlineacio` VALUES (42, 83);
INSERT INTO `partitAlineacio` VALUES (42, 84);
INSERT INTO `partitAlineacio` VALUES (43, 85);
INSERT INTO `partitAlineacio` VALUES (43, 86);
INSERT INTO `partitAlineacio` VALUES (44, 87);
INSERT INTO `partitAlineacio` VALUES (44, 88);
INSERT INTO `partitAlineacio` VALUES (45, 89);
INSERT INTO `partitAlineacio` VALUES (45, 90);
INSERT INTO `partitAlineacio` VALUES (46, 91);
INSERT INTO `partitAlineacio` VALUES (46, 92);
INSERT INTO `partitAlineacio` VALUES (47, 93);
INSERT INTO `partitAlineacio` VALUES (47, 94);
INSERT INTO `partitAlineacio` VALUES (48, 95);
INSERT INTO `partitAlineacio` VALUES (48, 96);
INSERT INTO `partitAlineacio` VALUES (49, 97);
INSERT INTO `partitAlineacio` VALUES (49, 98);
INSERT INTO `partitAlineacio` VALUES (50, 99);
INSERT INTO `partitAlineacio` VALUES (50, 100);
INSERT INTO `partitAlineacio` VALUES (51, 101);
INSERT INTO `partitAlineacio` VALUES (51, 102);
INSERT INTO `partitAlineacio` VALUES (52, 103);
INSERT INTO `partitAlineacio` VALUES (52, 104);
INSERT INTO `partitAlineacio` VALUES (53, 105);
INSERT INTO `partitAlineacio` VALUES (53, 106);
INSERT INTO `partitAlineacio` VALUES (54, 107);
INSERT INTO `partitAlineacio` VALUES (54, 108);
INSERT INTO `partitAlineacio` VALUES (55, 109);
INSERT INTO `partitAlineacio` VALUES (55, 110);
INSERT INTO `partitAlineacio` VALUES (56, 111);
INSERT INTO `partitAlineacio` VALUES (56, 112);
INSERT INTO `partitAlineacio` VALUES (57, 113);
INSERT INTO `partitAlineacio` VALUES (57, 114);
INSERT INTO `partitAlineacio` VALUES (58, 115);
INSERT INTO `partitAlineacio` VALUES (58, 116);
INSERT INTO `partitAlineacio` VALUES (59, 117);
INSERT INTO `partitAlineacio` VALUES (59, 118);
INSERT INTO `partitAlineacio` VALUES (60, 119);
INSERT INTO `partitAlineacio` VALUES (60, 120);
INSERT INTO `partitAlineacio` VALUES (61, 121);
INSERT INTO `partitAlineacio` VALUES (61, 122);
INSERT INTO `partitAlineacio` VALUES (62, 123);
INSERT INTO `partitAlineacio` VALUES (62, 124);
INSERT INTO `partitAlineacio` VALUES (63, 125);
INSERT INTO `partitAlineacio` VALUES (63, 126);
INSERT INTO `partitAlineacio` VALUES (64, 127);
INSERT INTO `partitAlineacio` VALUES (64, 128);
INSERT INTO `partitAlineacio` VALUES (65, 129);
INSERT INTO `partitAlineacio` VALUES (65, 130);
INSERT INTO `partitAlineacio` VALUES (66, 131);
INSERT INTO `partitAlineacio` VALUES (66, 132);
INSERT INTO `partitAlineacio` VALUES (67, 133);
INSERT INTO `partitAlineacio` VALUES (67, 134);
INSERT INTO `partitAlineacio` VALUES (68, 135);
INSERT INTO `partitAlineacio` VALUES (68, 136);
INSERT INTO `partitAlineacio` VALUES (69, 137);
INSERT INTO `partitAlineacio` VALUES (69, 138);
INSERT INTO `partitAlineacio` VALUES (70, 139);
INSERT INTO `partitAlineacio` VALUES (70, 140);
INSERT INTO `partitAlineacio` VALUES (71, 141);
INSERT INTO `partitAlineacio` VALUES (71, 142);
INSERT INTO `partitAlineacio` VALUES (72, 143);
INSERT INTO `partitAlineacio` VALUES (72, 144);
INSERT INTO `partitAlineacio` VALUES (73, 145);
INSERT INTO `partitAlineacio` VALUES (73, 146);
INSERT INTO `partitAlineacio` VALUES (74, 147);
INSERT INTO `partitAlineacio` VALUES (74, 148);
INSERT INTO `partitAlineacio` VALUES (75, 149);
INSERT INTO `partitAlineacio` VALUES (75, 150);
INSERT INTO `partitAlineacio` VALUES (76, 151);
INSERT INTO `partitAlineacio` VALUES (76, 152);
INSERT INTO `partitAlineacio` VALUES (77, 153);
INSERT INTO `partitAlineacio` VALUES (77, 154);
INSERT INTO `partitAlineacio` VALUES (78, 155);
INSERT INTO `partitAlineacio` VALUES (78, 156);
INSERT INTO `partitAlineacio` VALUES (79, 157);
INSERT INTO `partitAlineacio` VALUES (79, 158);
INSERT INTO `partitAlineacio` VALUES (80, 159);
INSERT INTO `partitAlineacio` VALUES (80, 160);
INSERT INTO `partitAlineacio` VALUES (81, 161);
INSERT INTO `partitAlineacio` VALUES (81, 162);
INSERT INTO `partitAlineacio` VALUES (82, 163);
INSERT INTO `partitAlineacio` VALUES (82, 164);
INSERT INTO `partitAlineacio` VALUES (83, 165);
INSERT INTO `partitAlineacio` VALUES (83, 166);
INSERT INTO `partitAlineacio` VALUES (84, 167);
INSERT INTO `partitAlineacio` VALUES (84, 168);
INSERT INTO `partitAlineacio` VALUES (85, 169);
INSERT INTO `partitAlineacio` VALUES (85, 170);
INSERT INTO `partitAlineacio` VALUES (86, 171);
INSERT INTO `partitAlineacio` VALUES (86, 172);
INSERT INTO `partitAlineacio` VALUES (87, 173);
INSERT INTO `partitAlineacio` VALUES (87, 174);
INSERT INTO `partitAlineacio` VALUES (88, 175);
INSERT INTO `partitAlineacio` VALUES (88, 176);
INSERT INTO `partitAlineacio` VALUES (89, 177);
INSERT INTO `partitAlineacio` VALUES (89, 178);
INSERT INTO `partitAlineacio` VALUES (90, 179);
INSERT INTO `partitAlineacio` VALUES (90, 180);
INSERT INTO `partitAlineacio` VALUES (91, 181);
INSERT INTO `partitAlineacio` VALUES (91, 182);
INSERT INTO `partitAlineacio` VALUES (92, 183);
INSERT INTO `partitAlineacio` VALUES (92, 184);
INSERT INTO `partitAlineacio` VALUES (93, 185);
INSERT INTO `partitAlineacio` VALUES (93, 186);
INSERT INTO `partitAlineacio` VALUES (94, 187);
INSERT INTO `partitAlineacio` VALUES (94, 188);
INSERT INTO `partitAlineacio` VALUES (95, 189);
INSERT INTO `partitAlineacio` VALUES (95, 190);
INSERT INTO `partitAlineacio` VALUES (96, 191);
INSERT INTO `partitAlineacio` VALUES (96, 192);
INSERT INTO `partitAlineacio` VALUES (97, 193);
INSERT INTO `partitAlineacio` VALUES (97, 194);
INSERT INTO `partitAlineacio` VALUES (98, 195);
INSERT INTO `partitAlineacio` VALUES (98, 196);
INSERT INTO `partitAlineacio` VALUES (99, 197);
INSERT INTO `partitAlineacio` VALUES (99, 198);
INSERT INTO `partitAlineacio` VALUES (100, 199);
INSERT INTO `partitAlineacio` VALUES (100, 200);

-- ----------------------------
-- Table structure for partitEquip
-- ----------------------------
DROP TABLE IF EXISTS `partitEquip`;
CREATE TABLE `partitEquip`  (
  `idPartit` int(11) NOT NULL,
  `idEquip` int(11) NOT NULL,
  PRIMARY KEY (`idPartit`, `idEquip`) USING BTREE,
  INDEX `idEquip`(`idEquip`) USING BTREE,
  CONSTRAINT `partitequip_ibfk_1` FOREIGN KEY (`idPartit`) REFERENCES `partit` (`idPartit`) ON DELETE RESTRICT ON UPDATE RESTRICT,
  CONSTRAINT `partitequip_ibfk_2` FOREIGN KEY (`idEquip`) REFERENCES `equip` (`idEquip`) ON DELETE RESTRICT ON UPDATE RESTRICT
) ENGINE = InnoDB CHARACTER SET = utf8mb4 COLLATE = utf8mb4_spanish_ci ROW_FORMAT = Dynamic;

-- ----------------------------
-- Records of partitEquip
-- ----------------------------
INSERT INTO `partitEquip` VALUES (11, 12);
INSERT INTO `partitEquip` VALUES (11, 17);
INSERT INTO `partitEquip` VALUES (12, 13);
INSERT INTO `partitEquip` VALUES (12, 18);
INSERT INTO `partitEquip` VALUES (13, 14);
INSERT INTO `partitEquip` VALUES (13, 19);
INSERT INTO `partitEquip` VALUES (14, 15);
INSERT INTO `partitEquip` VALUES (14, 20);
INSERT INTO `partitEquip` VALUES (15, 16);
INSERT INTO `partitEquip` VALUES (15, 21);
INSERT INTO `partitEquip` VALUES (16, 17);
INSERT INTO `partitEquip` VALUES (16, 22);
INSERT INTO `partitEquip` VALUES (17, 18);
INSERT INTO `partitEquip` VALUES (17, 23);
INSERT INTO `partitEquip` VALUES (18, 19);
INSERT INTO `partitEquip` VALUES (18, 24);
INSERT INTO `partitEquip` VALUES (19, 20);
INSERT INTO `partitEquip` VALUES (19, 25);
INSERT INTO `partitEquip` VALUES (20, 21);
INSERT INTO `partitEquip` VALUES (20, 26);
INSERT INTO `partitEquip` VALUES (21, 22);
INSERT INTO `partitEquip` VALUES (21, 27);
INSERT INTO `partitEquip` VALUES (22, 23);
INSERT INTO `partitEquip` VALUES (22, 28);
INSERT INTO `partitEquip` VALUES (23, 24);
INSERT INTO `partitEquip` VALUES (23, 29);
INSERT INTO `partitEquip` VALUES (24, 25);
INSERT INTO `partitEquip` VALUES (24, 30);
INSERT INTO `partitEquip` VALUES (25, 1);
INSERT INTO `partitEquip` VALUES (25, 26);
INSERT INTO `partitEquip` VALUES (26, 2);
INSERT INTO `partitEquip` VALUES (26, 27);
INSERT INTO `partitEquip` VALUES (27, 3);
INSERT INTO `partitEquip` VALUES (27, 28);
INSERT INTO `partitEquip` VALUES (28, 4);
INSERT INTO `partitEquip` VALUES (28, 29);
INSERT INTO `partitEquip` VALUES (29, 5);
INSERT INTO `partitEquip` VALUES (29, 30);
INSERT INTO `partitEquip` VALUES (30, 1);
INSERT INTO `partitEquip` VALUES (30, 6);
INSERT INTO `partitEquip` VALUES (31, 2);
INSERT INTO `partitEquip` VALUES (31, 7);
INSERT INTO `partitEquip` VALUES (32, 3);
INSERT INTO `partitEquip` VALUES (32, 8);
INSERT INTO `partitEquip` VALUES (33, 4);
INSERT INTO `partitEquip` VALUES (33, 9);
INSERT INTO `partitEquip` VALUES (34, 5);
INSERT INTO `partitEquip` VALUES (34, 10);
INSERT INTO `partitEquip` VALUES (35, 6);
INSERT INTO `partitEquip` VALUES (35, 11);
INSERT INTO `partitEquip` VALUES (36, 7);
INSERT INTO `partitEquip` VALUES (36, 12);
INSERT INTO `partitEquip` VALUES (37, 8);
INSERT INTO `partitEquip` VALUES (37, 13);
INSERT INTO `partitEquip` VALUES (38, 9);
INSERT INTO `partitEquip` VALUES (38, 14);
INSERT INTO `partitEquip` VALUES (39, 10);
INSERT INTO `partitEquip` VALUES (39, 15);
INSERT INTO `partitEquip` VALUES (40, 11);
INSERT INTO `partitEquip` VALUES (40, 16);
INSERT INTO `partitEquip` VALUES (41, 12);
INSERT INTO `partitEquip` VALUES (41, 17);
INSERT INTO `partitEquip` VALUES (42, 13);
INSERT INTO `partitEquip` VALUES (42, 18);
INSERT INTO `partitEquip` VALUES (43, 14);
INSERT INTO `partitEquip` VALUES (43, 19);
INSERT INTO `partitEquip` VALUES (44, 15);
INSERT INTO `partitEquip` VALUES (44, 20);
INSERT INTO `partitEquip` VALUES (45, 16);
INSERT INTO `partitEquip` VALUES (45, 21);
INSERT INTO `partitEquip` VALUES (46, 17);
INSERT INTO `partitEquip` VALUES (46, 22);
INSERT INTO `partitEquip` VALUES (47, 18);
INSERT INTO `partitEquip` VALUES (47, 23);
INSERT INTO `partitEquip` VALUES (48, 19);
INSERT INTO `partitEquip` VALUES (48, 24);
INSERT INTO `partitEquip` VALUES (49, 20);
INSERT INTO `partitEquip` VALUES (49, 25);
INSERT INTO `partitEquip` VALUES (50, 21);
INSERT INTO `partitEquip` VALUES (50, 26);
INSERT INTO `partitEquip` VALUES (51, 22);
INSERT INTO `partitEquip` VALUES (51, 27);
INSERT INTO `partitEquip` VALUES (52, 23);
INSERT INTO `partitEquip` VALUES (52, 28);
INSERT INTO `partitEquip` VALUES (53, 24);
INSERT INTO `partitEquip` VALUES (53, 29);
INSERT INTO `partitEquip` VALUES (54, 25);
INSERT INTO `partitEquip` VALUES (54, 30);
INSERT INTO `partitEquip` VALUES (55, 1);
INSERT INTO `partitEquip` VALUES (55, 26);
INSERT INTO `partitEquip` VALUES (56, 2);
INSERT INTO `partitEquip` VALUES (56, 27);
INSERT INTO `partitEquip` VALUES (57, 3);
INSERT INTO `partitEquip` VALUES (57, 28);
INSERT INTO `partitEquip` VALUES (58, 4);
INSERT INTO `partitEquip` VALUES (58, 29);
INSERT INTO `partitEquip` VALUES (59, 5);
INSERT INTO `partitEquip` VALUES (59, 30);
INSERT INTO `partitEquip` VALUES (60, 1);
INSERT INTO `partitEquip` VALUES (60, 6);
INSERT INTO `partitEquip` VALUES (61, 2);
INSERT INTO `partitEquip` VALUES (61, 7);
INSERT INTO `partitEquip` VALUES (62, 3);
INSERT INTO `partitEquip` VALUES (62, 8);
INSERT INTO `partitEquip` VALUES (63, 4);
INSERT INTO `partitEquip` VALUES (63, 9);
INSERT INTO `partitEquip` VALUES (64, 5);
INSERT INTO `partitEquip` VALUES (64, 10);
INSERT INTO `partitEquip` VALUES (65, 6);
INSERT INTO `partitEquip` VALUES (65, 11);
INSERT INTO `partitEquip` VALUES (66, 7);
INSERT INTO `partitEquip` VALUES (66, 12);
INSERT INTO `partitEquip` VALUES (67, 8);
INSERT INTO `partitEquip` VALUES (67, 13);
INSERT INTO `partitEquip` VALUES (68, 9);
INSERT INTO `partitEquip` VALUES (68, 14);
INSERT INTO `partitEquip` VALUES (69, 10);
INSERT INTO `partitEquip` VALUES (69, 15);
INSERT INTO `partitEquip` VALUES (70, 11);
INSERT INTO `partitEquip` VALUES (70, 16);
INSERT INTO `partitEquip` VALUES (71, 12);
INSERT INTO `partitEquip` VALUES (71, 17);
INSERT INTO `partitEquip` VALUES (72, 13);
INSERT INTO `partitEquip` VALUES (72, 18);
INSERT INTO `partitEquip` VALUES (73, 14);
INSERT INTO `partitEquip` VALUES (73, 19);
INSERT INTO `partitEquip` VALUES (74, 15);
INSERT INTO `partitEquip` VALUES (74, 20);
INSERT INTO `partitEquip` VALUES (75, 16);
INSERT INTO `partitEquip` VALUES (75, 21);
INSERT INTO `partitEquip` VALUES (76, 17);
INSERT INTO `partitEquip` VALUES (76, 22);
INSERT INTO `partitEquip` VALUES (77, 18);
INSERT INTO `partitEquip` VALUES (77, 23);
INSERT INTO `partitEquip` VALUES (78, 19);
INSERT INTO `partitEquip` VALUES (78, 24);
INSERT INTO `partitEquip` VALUES (79, 20);
INSERT INTO `partitEquip` VALUES (79, 25);
INSERT INTO `partitEquip` VALUES (80, 21);
INSERT INTO `partitEquip` VALUES (80, 26);
INSERT INTO `partitEquip` VALUES (81, 22);
INSERT INTO `partitEquip` VALUES (81, 27);
INSERT INTO `partitEquip` VALUES (82, 23);
INSERT INTO `partitEquip` VALUES (82, 28);
INSERT INTO `partitEquip` VALUES (83, 24);
INSERT INTO `partitEquip` VALUES (83, 29);
INSERT INTO `partitEquip` VALUES (84, 25);
INSERT INTO `partitEquip` VALUES (84, 30);
INSERT INTO `partitEquip` VALUES (85, 1);
INSERT INTO `partitEquip` VALUES (85, 26);
INSERT INTO `partitEquip` VALUES (86, 2);
INSERT INTO `partitEquip` VALUES (86, 27);
INSERT INTO `partitEquip` VALUES (87, 3);
INSERT INTO `partitEquip` VALUES (87, 28);
INSERT INTO `partitEquip` VALUES (88, 4);
INSERT INTO `partitEquip` VALUES (88, 29);
INSERT INTO `partitEquip` VALUES (89, 5);
INSERT INTO `partitEquip` VALUES (89, 30);
INSERT INTO `partitEquip` VALUES (90, 1);
INSERT INTO `partitEquip` VALUES (90, 6);
INSERT INTO `partitEquip` VALUES (91, 2);
INSERT INTO `partitEquip` VALUES (91, 7);
INSERT INTO `partitEquip` VALUES (92, 3);
INSERT INTO `partitEquip` VALUES (92, 8);
INSERT INTO `partitEquip` VALUES (93, 4);
INSERT INTO `partitEquip` VALUES (93, 9);
INSERT INTO `partitEquip` VALUES (94, 5);
INSERT INTO `partitEquip` VALUES (94, 10);
INSERT INTO `partitEquip` VALUES (95, 6);
INSERT INTO `partitEquip` VALUES (95, 11);
INSERT INTO `partitEquip` VALUES (96, 7);
INSERT INTO `partitEquip` VALUES (96, 12);
INSERT INTO `partitEquip` VALUES (97, 8);
INSERT INTO `partitEquip` VALUES (97, 13);
INSERT INTO `partitEquip` VALUES (98, 9);
INSERT INTO `partitEquip` VALUES (98, 14);
INSERT INTO `partitEquip` VALUES (99, 10);
INSERT INTO `partitEquip` VALUES (99, 15);
INSERT INTO `partitEquip` VALUES (100, 11);
INSERT INTO `partitEquip` VALUES (100, 16);
INSERT INTO `partitEquip` VALUES (101, 12);
INSERT INTO `partitEquip` VALUES (101, 17);
INSERT INTO `partitEquip` VALUES (102, 13);
INSERT INTO `partitEquip` VALUES (102, 18);
INSERT INTO `partitEquip` VALUES (103, 14);
INSERT INTO `partitEquip` VALUES (103, 19);
INSERT INTO `partitEquip` VALUES (104, 15);
INSERT INTO `partitEquip` VALUES (104, 20);
INSERT INTO `partitEquip` VALUES (105, 16);
INSERT INTO `partitEquip` VALUES (105, 21);
INSERT INTO `partitEquip` VALUES (106, 17);
INSERT INTO `partitEquip` VALUES (106, 22);
INSERT INTO `partitEquip` VALUES (107, 18);
INSERT INTO `partitEquip` VALUES (107, 23);
INSERT INTO `partitEquip` VALUES (108, 19);
INSERT INTO `partitEquip` VALUES (108, 24);
INSERT INTO `partitEquip` VALUES (109, 20);
INSERT INTO `partitEquip` VALUES (109, 25);
INSERT INTO `partitEquip` VALUES (110, 21);
INSERT INTO `partitEquip` VALUES (110, 26);
INSERT INTO `partitEquip` VALUES (111, 22);
INSERT INTO `partitEquip` VALUES (111, 27);
INSERT INTO `partitEquip` VALUES (112, 23);
INSERT INTO `partitEquip` VALUES (112, 28);
INSERT INTO `partitEquip` VALUES (113, 24);
INSERT INTO `partitEquip` VALUES (113, 29);
INSERT INTO `partitEquip` VALUES (114, 25);
INSERT INTO `partitEquip` VALUES (114, 30);
INSERT INTO `partitEquip` VALUES (115, 1);
INSERT INTO `partitEquip` VALUES (115, 26);
INSERT INTO `partitEquip` VALUES (116, 2);
INSERT INTO `partitEquip` VALUES (116, 27);
INSERT INTO `partitEquip` VALUES (117, 3);
INSERT INTO `partitEquip` VALUES (117, 28);
INSERT INTO `partitEquip` VALUES (118, 4);
INSERT INTO `partitEquip` VALUES (118, 29);
INSERT INTO `partitEquip` VALUES (119, 5);
INSERT INTO `partitEquip` VALUES (119, 30);
INSERT INTO `partitEquip` VALUES (120, 1);
INSERT INTO `partitEquip` VALUES (120, 6);
INSERT INTO `partitEquip` VALUES (121, 2);
INSERT INTO `partitEquip` VALUES (121, 7);
INSERT INTO `partitEquip` VALUES (122, 3);
INSERT INTO `partitEquip` VALUES (122, 8);
INSERT INTO `partitEquip` VALUES (123, 4);
INSERT INTO `partitEquip` VALUES (123, 9);
INSERT INTO `partitEquip` VALUES (124, 5);
INSERT INTO `partitEquip` VALUES (124, 10);
INSERT INTO `partitEquip` VALUES (125, 6);
INSERT INTO `partitEquip` VALUES (125, 11);
INSERT INTO `partitEquip` VALUES (126, 7);
INSERT INTO `partitEquip` VALUES (126, 12);
INSERT INTO `partitEquip` VALUES (127, 8);
INSERT INTO `partitEquip` VALUES (127, 13);
INSERT INTO `partitEquip` VALUES (128, 9);
INSERT INTO `partitEquip` VALUES (128, 14);
INSERT INTO `partitEquip` VALUES (129, 10);
INSERT INTO `partitEquip` VALUES (129, 15);
INSERT INTO `partitEquip` VALUES (130, 11);
INSERT INTO `partitEquip` VALUES (130, 16);
INSERT INTO `partitEquip` VALUES (131, 12);
INSERT INTO `partitEquip` VALUES (131, 17);
INSERT INTO `partitEquip` VALUES (132, 13);
INSERT INTO `partitEquip` VALUES (132, 18);
INSERT INTO `partitEquip` VALUES (133, 14);
INSERT INTO `partitEquip` VALUES (133, 19);
INSERT INTO `partitEquip` VALUES (134, 15);
INSERT INTO `partitEquip` VALUES (134, 20);
INSERT INTO `partitEquip` VALUES (135, 16);
INSERT INTO `partitEquip` VALUES (135, 21);
INSERT INTO `partitEquip` VALUES (136, 17);
INSERT INTO `partitEquip` VALUES (136, 22);
INSERT INTO `partitEquip` VALUES (137, 18);
INSERT INTO `partitEquip` VALUES (137, 23);
INSERT INTO `partitEquip` VALUES (138, 19);
INSERT INTO `partitEquip` VALUES (138, 24);
INSERT INTO `partitEquip` VALUES (139, 20);
INSERT INTO `partitEquip` VALUES (139, 25);
INSERT INTO `partitEquip` VALUES (140, 21);
INSERT INTO `partitEquip` VALUES (140, 26);
INSERT INTO `partitEquip` VALUES (141, 22);
INSERT INTO `partitEquip` VALUES (141, 27);
INSERT INTO `partitEquip` VALUES (142, 23);
INSERT INTO `partitEquip` VALUES (142, 28);
INSERT INTO `partitEquip` VALUES (143, 24);
INSERT INTO `partitEquip` VALUES (143, 29);
INSERT INTO `partitEquip` VALUES (144, 25);
INSERT INTO `partitEquip` VALUES (144, 30);
INSERT INTO `partitEquip` VALUES (145, 1);
INSERT INTO `partitEquip` VALUES (145, 26);
INSERT INTO `partitEquip` VALUES (146, 2);
INSERT INTO `partitEquip` VALUES (146, 27);
INSERT INTO `partitEquip` VALUES (147, 3);
INSERT INTO `partitEquip` VALUES (147, 28);
INSERT INTO `partitEquip` VALUES (148, 4);
INSERT INTO `partitEquip` VALUES (148, 29);
INSERT INTO `partitEquip` VALUES (149, 5);
INSERT INTO `partitEquip` VALUES (149, 30);
INSERT INTO `partitEquip` VALUES (150, 1);
INSERT INTO `partitEquip` VALUES (150, 6);
INSERT INTO `partitEquip` VALUES (151, 2);
INSERT INTO `partitEquip` VALUES (151, 7);
INSERT INTO `partitEquip` VALUES (152, 3);
INSERT INTO `partitEquip` VALUES (152, 8);
INSERT INTO `partitEquip` VALUES (153, 4);
INSERT INTO `partitEquip` VALUES (153, 9);
INSERT INTO `partitEquip` VALUES (154, 5);
INSERT INTO `partitEquip` VALUES (154, 10);
INSERT INTO `partitEquip` VALUES (155, 6);
INSERT INTO `partitEquip` VALUES (155, 11);
INSERT INTO `partitEquip` VALUES (156, 7);
INSERT INTO `partitEquip` VALUES (156, 12);
INSERT INTO `partitEquip` VALUES (157, 8);
INSERT INTO `partitEquip` VALUES (157, 13);
INSERT INTO `partitEquip` VALUES (158, 9);
INSERT INTO `partitEquip` VALUES (158, 14);
INSERT INTO `partitEquip` VALUES (159, 10);
INSERT INTO `partitEquip` VALUES (159, 15);
INSERT INTO `partitEquip` VALUES (160, 11);
INSERT INTO `partitEquip` VALUES (160, 16);
INSERT INTO `partitEquip` VALUES (161, 12);
INSERT INTO `partitEquip` VALUES (161, 17);
INSERT INTO `partitEquip` VALUES (162, 13);
INSERT INTO `partitEquip` VALUES (162, 18);
INSERT INTO `partitEquip` VALUES (163, 14);
INSERT INTO `partitEquip` VALUES (163, 19);
INSERT INTO `partitEquip` VALUES (164, 15);
INSERT INTO `partitEquip` VALUES (164, 20);
INSERT INTO `partitEquip` VALUES (165, 16);
INSERT INTO `partitEquip` VALUES (165, 21);
INSERT INTO `partitEquip` VALUES (166, 17);
INSERT INTO `partitEquip` VALUES (166, 22);
INSERT INTO `partitEquip` VALUES (167, 18);
INSERT INTO `partitEquip` VALUES (167, 23);
INSERT INTO `partitEquip` VALUES (168, 19);
INSERT INTO `partitEquip` VALUES (168, 24);
INSERT INTO `partitEquip` VALUES (169, 20);
INSERT INTO `partitEquip` VALUES (169, 25);
INSERT INTO `partitEquip` VALUES (170, 21);
INSERT INTO `partitEquip` VALUES (170, 26);
INSERT INTO `partitEquip` VALUES (171, 22);
INSERT INTO `partitEquip` VALUES (171, 27);
INSERT INTO `partitEquip` VALUES (172, 23);
INSERT INTO `partitEquip` VALUES (172, 28);
INSERT INTO `partitEquip` VALUES (173, 24);
INSERT INTO `partitEquip` VALUES (173, 29);
INSERT INTO `partitEquip` VALUES (174, 25);
INSERT INTO `partitEquip` VALUES (174, 30);
INSERT INTO `partitEquip` VALUES (175, 1);
INSERT INTO `partitEquip` VALUES (175, 26);
INSERT INTO `partitEquip` VALUES (176, 2);
INSERT INTO `partitEquip` VALUES (176, 27);
INSERT INTO `partitEquip` VALUES (177, 3);
INSERT INTO `partitEquip` VALUES (177, 28);
INSERT INTO `partitEquip` VALUES (178, 4);
INSERT INTO `partitEquip` VALUES (178, 29);
INSERT INTO `partitEquip` VALUES (179, 5);
INSERT INTO `partitEquip` VALUES (179, 30);
INSERT INTO `partitEquip` VALUES (180, 1);
INSERT INTO `partitEquip` VALUES (180, 6);
INSERT INTO `partitEquip` VALUES (181, 2);
INSERT INTO `partitEquip` VALUES (181, 7);
INSERT INTO `partitEquip` VALUES (182, 3);
INSERT INTO `partitEquip` VALUES (182, 8);
INSERT INTO `partitEquip` VALUES (183, 4);
INSERT INTO `partitEquip` VALUES (183, 9);
INSERT INTO `partitEquip` VALUES (184, 5);
INSERT INTO `partitEquip` VALUES (184, 10);
INSERT INTO `partitEquip` VALUES (185, 6);
INSERT INTO `partitEquip` VALUES (185, 11);
INSERT INTO `partitEquip` VALUES (186, 7);
INSERT INTO `partitEquip` VALUES (186, 12);
INSERT INTO `partitEquip` VALUES (187, 8);
INSERT INTO `partitEquip` VALUES (187, 13);
INSERT INTO `partitEquip` VALUES (188, 9);
INSERT INTO `partitEquip` VALUES (188, 14);
INSERT INTO `partitEquip` VALUES (189, 10);
INSERT INTO `partitEquip` VALUES (189, 15);
INSERT INTO `partitEquip` VALUES (190, 11);
INSERT INTO `partitEquip` VALUES (190, 16);
INSERT INTO `partitEquip` VALUES (191, 12);
INSERT INTO `partitEquip` VALUES (191, 17);
INSERT INTO `partitEquip` VALUES (192, 13);
INSERT INTO `partitEquip` VALUES (192, 18);
INSERT INTO `partitEquip` VALUES (193, 14);
INSERT INTO `partitEquip` VALUES (193, 19);
INSERT INTO `partitEquip` VALUES (194, 15);
INSERT INTO `partitEquip` VALUES (194, 20);
INSERT INTO `partitEquip` VALUES (195, 16);
INSERT INTO `partitEquip` VALUES (195, 21);
INSERT INTO `partitEquip` VALUES (196, 17);
INSERT INTO `partitEquip` VALUES (196, 22);
INSERT INTO `partitEquip` VALUES (197, 18);
INSERT INTO `partitEquip` VALUES (197, 23);
INSERT INTO `partitEquip` VALUES (198, 19);
INSERT INTO `partitEquip` VALUES (198, 24);
INSERT INTO `partitEquip` VALUES (199, 20);
INSERT INTO `partitEquip` VALUES (199, 25);
INSERT INTO `partitEquip` VALUES (200, 21);
INSERT INTO `partitEquip` VALUES (200, 26);
INSERT INTO `partitEquip` VALUES (201, 22);
INSERT INTO `partitEquip` VALUES (201, 27);
INSERT INTO `partitEquip` VALUES (202, 23);
INSERT INTO `partitEquip` VALUES (202, 28);
INSERT INTO `partitEquip` VALUES (203, 24);
INSERT INTO `partitEquip` VALUES (203, 29);
INSERT INTO `partitEquip` VALUES (204, 25);
INSERT INTO `partitEquip` VALUES (204, 30);
INSERT INTO `partitEquip` VALUES (205, 1);
INSERT INTO `partitEquip` VALUES (205, 26);
INSERT INTO `partitEquip` VALUES (206, 2);
INSERT INTO `partitEquip` VALUES (206, 27);
INSERT INTO `partitEquip` VALUES (207, 3);
INSERT INTO `partitEquip` VALUES (207, 28);
INSERT INTO `partitEquip` VALUES (208, 4);
INSERT INTO `partitEquip` VALUES (208, 29);
INSERT INTO `partitEquip` VALUES (209, 5);
INSERT INTO `partitEquip` VALUES (209, 30);
INSERT INTO `partitEquip` VALUES (210, 1);
INSERT INTO `partitEquip` VALUES (210, 6);
INSERT INTO `partitEquip` VALUES (211, 2);
INSERT INTO `partitEquip` VALUES (211, 7);
INSERT INTO `partitEquip` VALUES (212, 3);
INSERT INTO `partitEquip` VALUES (212, 8);
INSERT INTO `partitEquip` VALUES (213, 4);
INSERT INTO `partitEquip` VALUES (213, 9);
INSERT INTO `partitEquip` VALUES (214, 5);
INSERT INTO `partitEquip` VALUES (214, 10);
INSERT INTO `partitEquip` VALUES (215, 6);
INSERT INTO `partitEquip` VALUES (215, 11);
INSERT INTO `partitEquip` VALUES (216, 7);
INSERT INTO `partitEquip` VALUES (216, 12);
INSERT INTO `partitEquip` VALUES (217, 8);
INSERT INTO `partitEquip` VALUES (217, 13);
INSERT INTO `partitEquip` VALUES (218, 9);
INSERT INTO `partitEquip` VALUES (218, 14);
INSERT INTO `partitEquip` VALUES (219, 10);
INSERT INTO `partitEquip` VALUES (219, 15);
INSERT INTO `partitEquip` VALUES (220, 11);
INSERT INTO `partitEquip` VALUES (220, 16);
INSERT INTO `partitEquip` VALUES (221, 12);
INSERT INTO `partitEquip` VALUES (221, 17);
INSERT INTO `partitEquip` VALUES (222, 13);
INSERT INTO `partitEquip` VALUES (222, 18);
INSERT INTO `partitEquip` VALUES (223, 14);
INSERT INTO `partitEquip` VALUES (223, 19);
INSERT INTO `partitEquip` VALUES (224, 15);
INSERT INTO `partitEquip` VALUES (224, 20);
INSERT INTO `partitEquip` VALUES (225, 16);
INSERT INTO `partitEquip` VALUES (225, 21);
INSERT INTO `partitEquip` VALUES (226, 17);
INSERT INTO `partitEquip` VALUES (226, 22);
INSERT INTO `partitEquip` VALUES (227, 18);
INSERT INTO `partitEquip` VALUES (227, 23);
INSERT INTO `partitEquip` VALUES (228, 19);
INSERT INTO `partitEquip` VALUES (228, 24);
INSERT INTO `partitEquip` VALUES (229, 20);
INSERT INTO `partitEquip` VALUES (229, 25);
INSERT INTO `partitEquip` VALUES (230, 21);
INSERT INTO `partitEquip` VALUES (230, 26);
INSERT INTO `partitEquip` VALUES (231, 22);
INSERT INTO `partitEquip` VALUES (231, 27);
INSERT INTO `partitEquip` VALUES (232, 23);
INSERT INTO `partitEquip` VALUES (232, 28);
INSERT INTO `partitEquip` VALUES (233, 24);
INSERT INTO `partitEquip` VALUES (233, 29);
INSERT INTO `partitEquip` VALUES (234, 25);
INSERT INTO `partitEquip` VALUES (234, 30);
INSERT INTO `partitEquip` VALUES (235, 1);
INSERT INTO `partitEquip` VALUES (235, 26);
INSERT INTO `partitEquip` VALUES (236, 2);
INSERT INTO `partitEquip` VALUES (236, 27);
INSERT INTO `partitEquip` VALUES (237, 3);
INSERT INTO `partitEquip` VALUES (237, 28);
INSERT INTO `partitEquip` VALUES (238, 4);
INSERT INTO `partitEquip` VALUES (238, 29);
INSERT INTO `partitEquip` VALUES (239, 5);
INSERT INTO `partitEquip` VALUES (239, 30);
INSERT INTO `partitEquip` VALUES (240, 1);
INSERT INTO `partitEquip` VALUES (240, 6);
INSERT INTO `partitEquip` VALUES (241, 2);
INSERT INTO `partitEquip` VALUES (241, 7);
INSERT INTO `partitEquip` VALUES (242, 3);
INSERT INTO `partitEquip` VALUES (242, 8);
INSERT INTO `partitEquip` VALUES (243, 4);
INSERT INTO `partitEquip` VALUES (243, 9);
INSERT INTO `partitEquip` VALUES (244, 5);
INSERT INTO `partitEquip` VALUES (244, 10);
INSERT INTO `partitEquip` VALUES (245, 6);
INSERT INTO `partitEquip` VALUES (245, 11);
INSERT INTO `partitEquip` VALUES (246, 7);
INSERT INTO `partitEquip` VALUES (246, 12);
INSERT INTO `partitEquip` VALUES (247, 8);
INSERT INTO `partitEquip` VALUES (247, 13);
INSERT INTO `partitEquip` VALUES (248, 9);
INSERT INTO `partitEquip` VALUES (248, 14);
INSERT INTO `partitEquip` VALUES (249, 10);
INSERT INTO `partitEquip` VALUES (249, 15);
INSERT INTO `partitEquip` VALUES (250, 11);
INSERT INTO `partitEquip` VALUES (250, 16);
INSERT INTO `partitEquip` VALUES (1050, 51);
INSERT INTO `partitEquip` VALUES (1050, 52);
INSERT INTO `partitEquip` VALUES (1051, 53);
INSERT INTO `partitEquip` VALUES (1051, 54);

-- ----------------------------
-- Table structure for partitEsdeveniment
-- ----------------------------
DROP TABLE IF EXISTS `partitEsdeveniment`;
CREATE TABLE `partitEsdeveniment`  (
  `idPartit` int(11) NOT NULL,
  `idEsdeveniment` int(11) NOT NULL,
  PRIMARY KEY (`idPartit`, `idEsdeveniment`) USING BTREE,
  INDEX `idEsdeveniment`(`idEsdeveniment`) USING BTREE,
  CONSTRAINT `partitesdeveniment_ibfk_1` FOREIGN KEY (`idPartit`) REFERENCES `partit` (`idPartit`) ON DELETE RESTRICT ON UPDATE RESTRICT,
  CONSTRAINT `partitesdeveniment_ibfk_2` FOREIGN KEY (`idEsdeveniment`) REFERENCES `esdeveniment` (`idEsdeveniment`) ON DELETE RESTRICT ON UPDATE RESTRICT
) ENGINE = InnoDB CHARACTER SET = utf8mb4 COLLATE = utf8mb4_spanish_ci ROW_FORMAT = Dynamic;

-- ----------------------------
-- Records of partitEsdeveniment
-- ----------------------------
INSERT INTO `partitEsdeveniment` VALUES (1, 1);
INSERT INTO `partitEsdeveniment` VALUES (1, 2);
INSERT INTO `partitEsdeveniment` VALUES (1, 9);
INSERT INTO `partitEsdeveniment` VALUES (1, 11);
INSERT INTO `partitEsdeveniment` VALUES (1, 12);
INSERT INTO `partitEsdeveniment` VALUES (1, 1034);
INSERT INTO `partitEsdeveniment` VALUES (1, 1161);
INSERT INTO `partitEsdeveniment` VALUES (2, 3);
INSERT INTO `partitEsdeveniment` VALUES (2, 4);
INSERT INTO `partitEsdeveniment` VALUES (2, 13);
INSERT INTO `partitEsdeveniment` VALUES (2, 14);
INSERT INTO `partitEsdeveniment` VALUES (2, 1035);
INSERT INTO `partitEsdeveniment` VALUES (2, 1171);
INSERT INTO `partitEsdeveniment` VALUES (3, 5);
INSERT INTO `partitEsdeveniment` VALUES (3, 6);
INSERT INTO `partitEsdeveniment` VALUES (3, 15);
INSERT INTO `partitEsdeveniment` VALUES (3, 16);
INSERT INTO `partitEsdeveniment` VALUES (3, 1036);
INSERT INTO `partitEsdeveniment` VALUES (3, 1181);
INSERT INTO `partitEsdeveniment` VALUES (4, 7);
INSERT INTO `partitEsdeveniment` VALUES (4, 8);
INSERT INTO `partitEsdeveniment` VALUES (4, 17);
INSERT INTO `partitEsdeveniment` VALUES (4, 18);
INSERT INTO `partitEsdeveniment` VALUES (4, 1037);
INSERT INTO `partitEsdeveniment` VALUES (4, 1191);
INSERT INTO `partitEsdeveniment` VALUES (5, 10);
INSERT INTO `partitEsdeveniment` VALUES (5, 19);
INSERT INTO `partitEsdeveniment` VALUES (5, 20);
INSERT INTO `partitEsdeveniment` VALUES (5, 1038);
INSERT INTO `partitEsdeveniment` VALUES (5, 1201);
INSERT INTO `partitEsdeveniment` VALUES (6, 21);
INSERT INTO `partitEsdeveniment` VALUES (6, 22);
INSERT INTO `partitEsdeveniment` VALUES (6, 1039);
INSERT INTO `partitEsdeveniment` VALUES (6, 1211);
INSERT INTO `partitEsdeveniment` VALUES (7, 23);
INSERT INTO `partitEsdeveniment` VALUES (7, 24);
INSERT INTO `partitEsdeveniment` VALUES (7, 1040);
INSERT INTO `partitEsdeveniment` VALUES (7, 1221);
INSERT INTO `partitEsdeveniment` VALUES (8, 25);
INSERT INTO `partitEsdeveniment` VALUES (8, 26);
INSERT INTO `partitEsdeveniment` VALUES (8, 1041);
INSERT INTO `partitEsdeveniment` VALUES (8, 1231);
INSERT INTO `partitEsdeveniment` VALUES (9, 27);
INSERT INTO `partitEsdeveniment` VALUES (9, 28);
INSERT INTO `partitEsdeveniment` VALUES (9, 1042);
INSERT INTO `partitEsdeveniment` VALUES (9, 1241);
INSERT INTO `partitEsdeveniment` VALUES (10, 29);
INSERT INTO `partitEsdeveniment` VALUES (10, 30);
INSERT INTO `partitEsdeveniment` VALUES (10, 1043);
INSERT INTO `partitEsdeveniment` VALUES (10, 1251);
INSERT INTO `partitEsdeveniment` VALUES (11, 31);
INSERT INTO `partitEsdeveniment` VALUES (11, 32);
INSERT INTO `partitEsdeveniment` VALUES (11, 1044);
INSERT INTO `partitEsdeveniment` VALUES (11, 1162);
INSERT INTO `partitEsdeveniment` VALUES (12, 33);
INSERT INTO `partitEsdeveniment` VALUES (12, 34);
INSERT INTO `partitEsdeveniment` VALUES (12, 1045);
INSERT INTO `partitEsdeveniment` VALUES (12, 1172);
INSERT INTO `partitEsdeveniment` VALUES (13, 35);
INSERT INTO `partitEsdeveniment` VALUES (13, 36);
INSERT INTO `partitEsdeveniment` VALUES (13, 1046);
INSERT INTO `partitEsdeveniment` VALUES (13, 1182);
INSERT INTO `partitEsdeveniment` VALUES (14, 37);
INSERT INTO `partitEsdeveniment` VALUES (14, 38);
INSERT INTO `partitEsdeveniment` VALUES (14, 1047);
INSERT INTO `partitEsdeveniment` VALUES (14, 1192);
INSERT INTO `partitEsdeveniment` VALUES (15, 39);
INSERT INTO `partitEsdeveniment` VALUES (15, 40);
INSERT INTO `partitEsdeveniment` VALUES (15, 1048);
INSERT INTO `partitEsdeveniment` VALUES (15, 1202);
INSERT INTO `partitEsdeveniment` VALUES (16, 41);
INSERT INTO `partitEsdeveniment` VALUES (16, 42);
INSERT INTO `partitEsdeveniment` VALUES (16, 1049);
INSERT INTO `partitEsdeveniment` VALUES (16, 1212);
INSERT INTO `partitEsdeveniment` VALUES (17, 43);
INSERT INTO `partitEsdeveniment` VALUES (17, 44);
INSERT INTO `partitEsdeveniment` VALUES (17, 1050);
INSERT INTO `partitEsdeveniment` VALUES (17, 1222);
INSERT INTO `partitEsdeveniment` VALUES (18, 45);
INSERT INTO `partitEsdeveniment` VALUES (18, 46);
INSERT INTO `partitEsdeveniment` VALUES (18, 1051);
INSERT INTO `partitEsdeveniment` VALUES (18, 1232);
INSERT INTO `partitEsdeveniment` VALUES (19, 47);
INSERT INTO `partitEsdeveniment` VALUES (19, 48);
INSERT INTO `partitEsdeveniment` VALUES (19, 1052);
INSERT INTO `partitEsdeveniment` VALUES (19, 1242);
INSERT INTO `partitEsdeveniment` VALUES (20, 49);
INSERT INTO `partitEsdeveniment` VALUES (20, 50);
INSERT INTO `partitEsdeveniment` VALUES (20, 1053);
INSERT INTO `partitEsdeveniment` VALUES (20, 1252);
INSERT INTO `partitEsdeveniment` VALUES (21, 51);
INSERT INTO `partitEsdeveniment` VALUES (21, 52);
INSERT INTO `partitEsdeveniment` VALUES (21, 1054);
INSERT INTO `partitEsdeveniment` VALUES (21, 1163);
INSERT INTO `partitEsdeveniment` VALUES (22, 53);
INSERT INTO `partitEsdeveniment` VALUES (22, 54);
INSERT INTO `partitEsdeveniment` VALUES (22, 1055);
INSERT INTO `partitEsdeveniment` VALUES (22, 1173);
INSERT INTO `partitEsdeveniment` VALUES (23, 55);
INSERT INTO `partitEsdeveniment` VALUES (23, 56);
INSERT INTO `partitEsdeveniment` VALUES (23, 1056);
INSERT INTO `partitEsdeveniment` VALUES (23, 1183);
INSERT INTO `partitEsdeveniment` VALUES (24, 57);
INSERT INTO `partitEsdeveniment` VALUES (24, 58);
INSERT INTO `partitEsdeveniment` VALUES (24, 1057);
INSERT INTO `partitEsdeveniment` VALUES (24, 1193);
INSERT INTO `partitEsdeveniment` VALUES (25, 59);
INSERT INTO `partitEsdeveniment` VALUES (25, 60);
INSERT INTO `partitEsdeveniment` VALUES (25, 1058);
INSERT INTO `partitEsdeveniment` VALUES (25, 1203);
INSERT INTO `partitEsdeveniment` VALUES (26, 61);
INSERT INTO `partitEsdeveniment` VALUES (26, 62);
INSERT INTO `partitEsdeveniment` VALUES (26, 1059);
INSERT INTO `partitEsdeveniment` VALUES (26, 1213);
INSERT INTO `partitEsdeveniment` VALUES (27, 63);
INSERT INTO `partitEsdeveniment` VALUES (27, 64);
INSERT INTO `partitEsdeveniment` VALUES (27, 1060);
INSERT INTO `partitEsdeveniment` VALUES (27, 1223);
INSERT INTO `partitEsdeveniment` VALUES (28, 65);
INSERT INTO `partitEsdeveniment` VALUES (28, 66);
INSERT INTO `partitEsdeveniment` VALUES (28, 1061);
INSERT INTO `partitEsdeveniment` VALUES (28, 1233);
INSERT INTO `partitEsdeveniment` VALUES (29, 67);
INSERT INTO `partitEsdeveniment` VALUES (29, 68);
INSERT INTO `partitEsdeveniment` VALUES (29, 1062);
INSERT INTO `partitEsdeveniment` VALUES (29, 1243);
INSERT INTO `partitEsdeveniment` VALUES (30, 69);
INSERT INTO `partitEsdeveniment` VALUES (30, 70);
INSERT INTO `partitEsdeveniment` VALUES (30, 1063);
INSERT INTO `partitEsdeveniment` VALUES (30, 1253);
INSERT INTO `partitEsdeveniment` VALUES (31, 71);
INSERT INTO `partitEsdeveniment` VALUES (31, 72);
INSERT INTO `partitEsdeveniment` VALUES (31, 1064);
INSERT INTO `partitEsdeveniment` VALUES (31, 1164);
INSERT INTO `partitEsdeveniment` VALUES (32, 73);
INSERT INTO `partitEsdeveniment` VALUES (32, 74);
INSERT INTO `partitEsdeveniment` VALUES (32, 1065);
INSERT INTO `partitEsdeveniment` VALUES (32, 1174);
INSERT INTO `partitEsdeveniment` VALUES (33, 75);
INSERT INTO `partitEsdeveniment` VALUES (33, 76);
INSERT INTO `partitEsdeveniment` VALUES (33, 1066);
INSERT INTO `partitEsdeveniment` VALUES (33, 1184);
INSERT INTO `partitEsdeveniment` VALUES (34, 77);
INSERT INTO `partitEsdeveniment` VALUES (34, 78);
INSERT INTO `partitEsdeveniment` VALUES (34, 1067);
INSERT INTO `partitEsdeveniment` VALUES (34, 1194);
INSERT INTO `partitEsdeveniment` VALUES (35, 79);
INSERT INTO `partitEsdeveniment` VALUES (35, 80);
INSERT INTO `partitEsdeveniment` VALUES (35, 1068);
INSERT INTO `partitEsdeveniment` VALUES (35, 1204);
INSERT INTO `partitEsdeveniment` VALUES (36, 81);
INSERT INTO `partitEsdeveniment` VALUES (36, 82);
INSERT INTO `partitEsdeveniment` VALUES (36, 1069);
INSERT INTO `partitEsdeveniment` VALUES (36, 1214);
INSERT INTO `partitEsdeveniment` VALUES (37, 83);
INSERT INTO `partitEsdeveniment` VALUES (37, 84);
INSERT INTO `partitEsdeveniment` VALUES (37, 1070);
INSERT INTO `partitEsdeveniment` VALUES (37, 1224);
INSERT INTO `partitEsdeveniment` VALUES (38, 85);
INSERT INTO `partitEsdeveniment` VALUES (38, 86);
INSERT INTO `partitEsdeveniment` VALUES (38, 1071);
INSERT INTO `partitEsdeveniment` VALUES (38, 1234);
INSERT INTO `partitEsdeveniment` VALUES (39, 87);
INSERT INTO `partitEsdeveniment` VALUES (39, 88);
INSERT INTO `partitEsdeveniment` VALUES (39, 1072);
INSERT INTO `partitEsdeveniment` VALUES (39, 1244);
INSERT INTO `partitEsdeveniment` VALUES (40, 89);
INSERT INTO `partitEsdeveniment` VALUES (40, 90);
INSERT INTO `partitEsdeveniment` VALUES (40, 1073);
INSERT INTO `partitEsdeveniment` VALUES (40, 1254);
INSERT INTO `partitEsdeveniment` VALUES (41, 91);
INSERT INTO `partitEsdeveniment` VALUES (41, 92);
INSERT INTO `partitEsdeveniment` VALUES (41, 1074);
INSERT INTO `partitEsdeveniment` VALUES (41, 1165);
INSERT INTO `partitEsdeveniment` VALUES (42, 93);
INSERT INTO `partitEsdeveniment` VALUES (42, 94);
INSERT INTO `partitEsdeveniment` VALUES (42, 1075);
INSERT INTO `partitEsdeveniment` VALUES (42, 1175);
INSERT INTO `partitEsdeveniment` VALUES (43, 95);
INSERT INTO `partitEsdeveniment` VALUES (43, 96);
INSERT INTO `partitEsdeveniment` VALUES (43, 1076);
INSERT INTO `partitEsdeveniment` VALUES (43, 1185);
INSERT INTO `partitEsdeveniment` VALUES (44, 97);
INSERT INTO `partitEsdeveniment` VALUES (44, 98);
INSERT INTO `partitEsdeveniment` VALUES (44, 1077);
INSERT INTO `partitEsdeveniment` VALUES (44, 1195);
INSERT INTO `partitEsdeveniment` VALUES (45, 99);
INSERT INTO `partitEsdeveniment` VALUES (45, 100);
INSERT INTO `partitEsdeveniment` VALUES (45, 1078);
INSERT INTO `partitEsdeveniment` VALUES (45, 1205);
INSERT INTO `partitEsdeveniment` VALUES (46, 101);
INSERT INTO `partitEsdeveniment` VALUES (46, 102);
INSERT INTO `partitEsdeveniment` VALUES (46, 1079);
INSERT INTO `partitEsdeveniment` VALUES (46, 1215);
INSERT INTO `partitEsdeveniment` VALUES (47, 103);
INSERT INTO `partitEsdeveniment` VALUES (47, 104);
INSERT INTO `partitEsdeveniment` VALUES (47, 1080);
INSERT INTO `partitEsdeveniment` VALUES (47, 1225);
INSERT INTO `partitEsdeveniment` VALUES (48, 105);
INSERT INTO `partitEsdeveniment` VALUES (48, 106);
INSERT INTO `partitEsdeveniment` VALUES (48, 1081);
INSERT INTO `partitEsdeveniment` VALUES (48, 1235);
INSERT INTO `partitEsdeveniment` VALUES (49, 107);
INSERT INTO `partitEsdeveniment` VALUES (49, 108);
INSERT INTO `partitEsdeveniment` VALUES (49, 1082);
INSERT INTO `partitEsdeveniment` VALUES (49, 1245);
INSERT INTO `partitEsdeveniment` VALUES (50, 109);
INSERT INTO `partitEsdeveniment` VALUES (50, 110);
INSERT INTO `partitEsdeveniment` VALUES (50, 1083);
INSERT INTO `partitEsdeveniment` VALUES (50, 1255);
INSERT INTO `partitEsdeveniment` VALUES (51, 111);
INSERT INTO `partitEsdeveniment` VALUES (51, 112);
INSERT INTO `partitEsdeveniment` VALUES (51, 1084);
INSERT INTO `partitEsdeveniment` VALUES (51, 1166);
INSERT INTO `partitEsdeveniment` VALUES (52, 113);
INSERT INTO `partitEsdeveniment` VALUES (52, 114);
INSERT INTO `partitEsdeveniment` VALUES (52, 1085);
INSERT INTO `partitEsdeveniment` VALUES (52, 1176);
INSERT INTO `partitEsdeveniment` VALUES (53, 115);
INSERT INTO `partitEsdeveniment` VALUES (53, 116);
INSERT INTO `partitEsdeveniment` VALUES (53, 1086);
INSERT INTO `partitEsdeveniment` VALUES (53, 1186);
INSERT INTO `partitEsdeveniment` VALUES (54, 117);
INSERT INTO `partitEsdeveniment` VALUES (54, 118);
INSERT INTO `partitEsdeveniment` VALUES (54, 1087);
INSERT INTO `partitEsdeveniment` VALUES (54, 1196);
INSERT INTO `partitEsdeveniment` VALUES (55, 119);
INSERT INTO `partitEsdeveniment` VALUES (55, 120);
INSERT INTO `partitEsdeveniment` VALUES (55, 1088);
INSERT INTO `partitEsdeveniment` VALUES (55, 1206);
INSERT INTO `partitEsdeveniment` VALUES (56, 121);
INSERT INTO `partitEsdeveniment` VALUES (56, 122);
INSERT INTO `partitEsdeveniment` VALUES (56, 1089);
INSERT INTO `partitEsdeveniment` VALUES (56, 1216);
INSERT INTO `partitEsdeveniment` VALUES (57, 123);
INSERT INTO `partitEsdeveniment` VALUES (57, 124);
INSERT INTO `partitEsdeveniment` VALUES (57, 1090);
INSERT INTO `partitEsdeveniment` VALUES (57, 1226);
INSERT INTO `partitEsdeveniment` VALUES (58, 125);
INSERT INTO `partitEsdeveniment` VALUES (58, 126);
INSERT INTO `partitEsdeveniment` VALUES (58, 1091);
INSERT INTO `partitEsdeveniment` VALUES (58, 1236);
INSERT INTO `partitEsdeveniment` VALUES (59, 127);
INSERT INTO `partitEsdeveniment` VALUES (59, 128);
INSERT INTO `partitEsdeveniment` VALUES (59, 1092);
INSERT INTO `partitEsdeveniment` VALUES (59, 1246);
INSERT INTO `partitEsdeveniment` VALUES (60, 129);
INSERT INTO `partitEsdeveniment` VALUES (60, 130);
INSERT INTO `partitEsdeveniment` VALUES (60, 1093);
INSERT INTO `partitEsdeveniment` VALUES (60, 1256);
INSERT INTO `partitEsdeveniment` VALUES (61, 131);
INSERT INTO `partitEsdeveniment` VALUES (61, 132);
INSERT INTO `partitEsdeveniment` VALUES (61, 1094);
INSERT INTO `partitEsdeveniment` VALUES (61, 1167);
INSERT INTO `partitEsdeveniment` VALUES (62, 133);
INSERT INTO `partitEsdeveniment` VALUES (62, 134);
INSERT INTO `partitEsdeveniment` VALUES (62, 1095);
INSERT INTO `partitEsdeveniment` VALUES (62, 1177);
INSERT INTO `partitEsdeveniment` VALUES (63, 135);
INSERT INTO `partitEsdeveniment` VALUES (63, 136);
INSERT INTO `partitEsdeveniment` VALUES (63, 1096);
INSERT INTO `partitEsdeveniment` VALUES (63, 1187);
INSERT INTO `partitEsdeveniment` VALUES (64, 137);
INSERT INTO `partitEsdeveniment` VALUES (64, 138);
INSERT INTO `partitEsdeveniment` VALUES (64, 1097);
INSERT INTO `partitEsdeveniment` VALUES (64, 1197);
INSERT INTO `partitEsdeveniment` VALUES (65, 139);
INSERT INTO `partitEsdeveniment` VALUES (65, 140);
INSERT INTO `partitEsdeveniment` VALUES (65, 1098);
INSERT INTO `partitEsdeveniment` VALUES (65, 1207);
INSERT INTO `partitEsdeveniment` VALUES (66, 141);
INSERT INTO `partitEsdeveniment` VALUES (66, 142);
INSERT INTO `partitEsdeveniment` VALUES (66, 1099);
INSERT INTO `partitEsdeveniment` VALUES (66, 1217);
INSERT INTO `partitEsdeveniment` VALUES (67, 143);
INSERT INTO `partitEsdeveniment` VALUES (67, 144);
INSERT INTO `partitEsdeveniment` VALUES (67, 1100);
INSERT INTO `partitEsdeveniment` VALUES (67, 1227);
INSERT INTO `partitEsdeveniment` VALUES (68, 145);
INSERT INTO `partitEsdeveniment` VALUES (68, 146);
INSERT INTO `partitEsdeveniment` VALUES (68, 1101);
INSERT INTO `partitEsdeveniment` VALUES (68, 1237);
INSERT INTO `partitEsdeveniment` VALUES (69, 147);
INSERT INTO `partitEsdeveniment` VALUES (69, 148);
INSERT INTO `partitEsdeveniment` VALUES (69, 1102);
INSERT INTO `partitEsdeveniment` VALUES (69, 1247);
INSERT INTO `partitEsdeveniment` VALUES (70, 149);
INSERT INTO `partitEsdeveniment` VALUES (70, 150);
INSERT INTO `partitEsdeveniment` VALUES (70, 1103);
INSERT INTO `partitEsdeveniment` VALUES (70, 1257);
INSERT INTO `partitEsdeveniment` VALUES (71, 151);
INSERT INTO `partitEsdeveniment` VALUES (71, 152);
INSERT INTO `partitEsdeveniment` VALUES (71, 1104);
INSERT INTO `partitEsdeveniment` VALUES (71, 1168);
INSERT INTO `partitEsdeveniment` VALUES (72, 153);
INSERT INTO `partitEsdeveniment` VALUES (72, 154);
INSERT INTO `partitEsdeveniment` VALUES (72, 1105);
INSERT INTO `partitEsdeveniment` VALUES (72, 1178);
INSERT INTO `partitEsdeveniment` VALUES (73, 155);
INSERT INTO `partitEsdeveniment` VALUES (73, 156);
INSERT INTO `partitEsdeveniment` VALUES (73, 1106);
INSERT INTO `partitEsdeveniment` VALUES (73, 1188);
INSERT INTO `partitEsdeveniment` VALUES (74, 157);
INSERT INTO `partitEsdeveniment` VALUES (74, 158);
INSERT INTO `partitEsdeveniment` VALUES (74, 1107);
INSERT INTO `partitEsdeveniment` VALUES (74, 1198);
INSERT INTO `partitEsdeveniment` VALUES (75, 159);
INSERT INTO `partitEsdeveniment` VALUES (75, 160);
INSERT INTO `partitEsdeveniment` VALUES (75, 1108);
INSERT INTO `partitEsdeveniment` VALUES (75, 1208);
INSERT INTO `partitEsdeveniment` VALUES (76, 161);
INSERT INTO `partitEsdeveniment` VALUES (76, 162);
INSERT INTO `partitEsdeveniment` VALUES (76, 1109);
INSERT INTO `partitEsdeveniment` VALUES (76, 1218);
INSERT INTO `partitEsdeveniment` VALUES (77, 163);
INSERT INTO `partitEsdeveniment` VALUES (77, 164);
INSERT INTO `partitEsdeveniment` VALUES (77, 1110);
INSERT INTO `partitEsdeveniment` VALUES (77, 1228);
INSERT INTO `partitEsdeveniment` VALUES (78, 165);
INSERT INTO `partitEsdeveniment` VALUES (78, 166);
INSERT INTO `partitEsdeveniment` VALUES (78, 1111);
INSERT INTO `partitEsdeveniment` VALUES (78, 1238);
INSERT INTO `partitEsdeveniment` VALUES (79, 167);
INSERT INTO `partitEsdeveniment` VALUES (79, 168);
INSERT INTO `partitEsdeveniment` VALUES (79, 1112);
INSERT INTO `partitEsdeveniment` VALUES (79, 1248);
INSERT INTO `partitEsdeveniment` VALUES (80, 169);
INSERT INTO `partitEsdeveniment` VALUES (80, 170);
INSERT INTO `partitEsdeveniment` VALUES (80, 1113);
INSERT INTO `partitEsdeveniment` VALUES (80, 1258);
INSERT INTO `partitEsdeveniment` VALUES (81, 171);
INSERT INTO `partitEsdeveniment` VALUES (81, 172);
INSERT INTO `partitEsdeveniment` VALUES (81, 1114);
INSERT INTO `partitEsdeveniment` VALUES (81, 1169);
INSERT INTO `partitEsdeveniment` VALUES (82, 173);
INSERT INTO `partitEsdeveniment` VALUES (82, 174);
INSERT INTO `partitEsdeveniment` VALUES (82, 1115);
INSERT INTO `partitEsdeveniment` VALUES (82, 1179);
INSERT INTO `partitEsdeveniment` VALUES (83, 175);
INSERT INTO `partitEsdeveniment` VALUES (83, 176);
INSERT INTO `partitEsdeveniment` VALUES (83, 1116);
INSERT INTO `partitEsdeveniment` VALUES (83, 1189);
INSERT INTO `partitEsdeveniment` VALUES (84, 177);
INSERT INTO `partitEsdeveniment` VALUES (84, 178);
INSERT INTO `partitEsdeveniment` VALUES (84, 1117);
INSERT INTO `partitEsdeveniment` VALUES (84, 1199);
INSERT INTO `partitEsdeveniment` VALUES (85, 179);
INSERT INTO `partitEsdeveniment` VALUES (85, 180);
INSERT INTO `partitEsdeveniment` VALUES (85, 1118);
INSERT INTO `partitEsdeveniment` VALUES (85, 1209);
INSERT INTO `partitEsdeveniment` VALUES (86, 181);
INSERT INTO `partitEsdeveniment` VALUES (86, 182);
INSERT INTO `partitEsdeveniment` VALUES (86, 1119);
INSERT INTO `partitEsdeveniment` VALUES (86, 1219);
INSERT INTO `partitEsdeveniment` VALUES (87, 183);
INSERT INTO `partitEsdeveniment` VALUES (87, 184);
INSERT INTO `partitEsdeveniment` VALUES (87, 1120);
INSERT INTO `partitEsdeveniment` VALUES (87, 1229);
INSERT INTO `partitEsdeveniment` VALUES (88, 185);
INSERT INTO `partitEsdeveniment` VALUES (88, 186);
INSERT INTO `partitEsdeveniment` VALUES (88, 1121);
INSERT INTO `partitEsdeveniment` VALUES (88, 1239);
INSERT INTO `partitEsdeveniment` VALUES (89, 187);
INSERT INTO `partitEsdeveniment` VALUES (89, 188);
INSERT INTO `partitEsdeveniment` VALUES (89, 1122);
INSERT INTO `partitEsdeveniment` VALUES (89, 1249);
INSERT INTO `partitEsdeveniment` VALUES (90, 189);
INSERT INTO `partitEsdeveniment` VALUES (90, 190);
INSERT INTO `partitEsdeveniment` VALUES (90, 1123);
INSERT INTO `partitEsdeveniment` VALUES (90, 1259);
INSERT INTO `partitEsdeveniment` VALUES (91, 191);
INSERT INTO `partitEsdeveniment` VALUES (91, 192);
INSERT INTO `partitEsdeveniment` VALUES (91, 1124);
INSERT INTO `partitEsdeveniment` VALUES (91, 1170);
INSERT INTO `partitEsdeveniment` VALUES (92, 193);
INSERT INTO `partitEsdeveniment` VALUES (92, 194);
INSERT INTO `partitEsdeveniment` VALUES (92, 1125);
INSERT INTO `partitEsdeveniment` VALUES (92, 1180);
INSERT INTO `partitEsdeveniment` VALUES (93, 195);
INSERT INTO `partitEsdeveniment` VALUES (93, 196);
INSERT INTO `partitEsdeveniment` VALUES (93, 1126);
INSERT INTO `partitEsdeveniment` VALUES (93, 1190);
INSERT INTO `partitEsdeveniment` VALUES (94, 197);
INSERT INTO `partitEsdeveniment` VALUES (94, 198);
INSERT INTO `partitEsdeveniment` VALUES (94, 1127);
INSERT INTO `partitEsdeveniment` VALUES (94, 1200);
INSERT INTO `partitEsdeveniment` VALUES (95, 199);
INSERT INTO `partitEsdeveniment` VALUES (95, 200);
INSERT INTO `partitEsdeveniment` VALUES (95, 1128);
INSERT INTO `partitEsdeveniment` VALUES (95, 1210);
INSERT INTO `partitEsdeveniment` VALUES (96, 201);
INSERT INTO `partitEsdeveniment` VALUES (96, 202);
INSERT INTO `partitEsdeveniment` VALUES (96, 1129);
INSERT INTO `partitEsdeveniment` VALUES (96, 1220);
INSERT INTO `partitEsdeveniment` VALUES (97, 203);
INSERT INTO `partitEsdeveniment` VALUES (97, 204);
INSERT INTO `partitEsdeveniment` VALUES (97, 1130);
INSERT INTO `partitEsdeveniment` VALUES (97, 1230);
INSERT INTO `partitEsdeveniment` VALUES (98, 205);
INSERT INTO `partitEsdeveniment` VALUES (98, 206);
INSERT INTO `partitEsdeveniment` VALUES (98, 1131);
INSERT INTO `partitEsdeveniment` VALUES (98, 1240);
INSERT INTO `partitEsdeveniment` VALUES (99, 207);
INSERT INTO `partitEsdeveniment` VALUES (99, 208);
INSERT INTO `partitEsdeveniment` VALUES (99, 1132);
INSERT INTO `partitEsdeveniment` VALUES (99, 1250);
INSERT INTO `partitEsdeveniment` VALUES (100, 209);
INSERT INTO `partitEsdeveniment` VALUES (100, 210);
INSERT INTO `partitEsdeveniment` VALUES (100, 1133);
INSERT INTO `partitEsdeveniment` VALUES (100, 1260);
INSERT INTO `partitEsdeveniment` VALUES (101, 211);
INSERT INTO `partitEsdeveniment` VALUES (101, 212);
INSERT INTO `partitEsdeveniment` VALUES (102, 213);
INSERT INTO `partitEsdeveniment` VALUES (102, 214);
INSERT INTO `partitEsdeveniment` VALUES (103, 215);
INSERT INTO `partitEsdeveniment` VALUES (103, 216);
INSERT INTO `partitEsdeveniment` VALUES (104, 217);
INSERT INTO `partitEsdeveniment` VALUES (104, 218);
INSERT INTO `partitEsdeveniment` VALUES (105, 219);
INSERT INTO `partitEsdeveniment` VALUES (105, 220);
INSERT INTO `partitEsdeveniment` VALUES (106, 221);
INSERT INTO `partitEsdeveniment` VALUES (106, 222);
INSERT INTO `partitEsdeveniment` VALUES (107, 223);
INSERT INTO `partitEsdeveniment` VALUES (107, 224);
INSERT INTO `partitEsdeveniment` VALUES (108, 225);
INSERT INTO `partitEsdeveniment` VALUES (108, 226);
INSERT INTO `partitEsdeveniment` VALUES (109, 227);
INSERT INTO `partitEsdeveniment` VALUES (109, 228);
INSERT INTO `partitEsdeveniment` VALUES (110, 229);
INSERT INTO `partitEsdeveniment` VALUES (110, 230);
INSERT INTO `partitEsdeveniment` VALUES (111, 231);
INSERT INTO `partitEsdeveniment` VALUES (111, 232);
INSERT INTO `partitEsdeveniment` VALUES (112, 233);
INSERT INTO `partitEsdeveniment` VALUES (112, 234);
INSERT INTO `partitEsdeveniment` VALUES (113, 235);
INSERT INTO `partitEsdeveniment` VALUES (113, 236);
INSERT INTO `partitEsdeveniment` VALUES (114, 237);
INSERT INTO `partitEsdeveniment` VALUES (114, 238);
INSERT INTO `partitEsdeveniment` VALUES (115, 239);
INSERT INTO `partitEsdeveniment` VALUES (115, 240);
INSERT INTO `partitEsdeveniment` VALUES (116, 241);
INSERT INTO `partitEsdeveniment` VALUES (116, 242);
INSERT INTO `partitEsdeveniment` VALUES (117, 243);
INSERT INTO `partitEsdeveniment` VALUES (117, 244);
INSERT INTO `partitEsdeveniment` VALUES (118, 245);
INSERT INTO `partitEsdeveniment` VALUES (118, 246);
INSERT INTO `partitEsdeveniment` VALUES (119, 247);
INSERT INTO `partitEsdeveniment` VALUES (119, 248);
INSERT INTO `partitEsdeveniment` VALUES (120, 249);
INSERT INTO `partitEsdeveniment` VALUES (120, 250);
INSERT INTO `partitEsdeveniment` VALUES (121, 251);
INSERT INTO `partitEsdeveniment` VALUES (121, 252);
INSERT INTO `partitEsdeveniment` VALUES (122, 253);
INSERT INTO `partitEsdeveniment` VALUES (122, 254);
INSERT INTO `partitEsdeveniment` VALUES (123, 255);
INSERT INTO `partitEsdeveniment` VALUES (123, 256);
INSERT INTO `partitEsdeveniment` VALUES (124, 257);
INSERT INTO `partitEsdeveniment` VALUES (124, 258);
INSERT INTO `partitEsdeveniment` VALUES (125, 259);
INSERT INTO `partitEsdeveniment` VALUES (125, 260);
INSERT INTO `partitEsdeveniment` VALUES (126, 261);
INSERT INTO `partitEsdeveniment` VALUES (126, 262);
INSERT INTO `partitEsdeveniment` VALUES (127, 263);
INSERT INTO `partitEsdeveniment` VALUES (127, 264);
INSERT INTO `partitEsdeveniment` VALUES (128, 265);
INSERT INTO `partitEsdeveniment` VALUES (128, 266);
INSERT INTO `partitEsdeveniment` VALUES (129, 267);
INSERT INTO `partitEsdeveniment` VALUES (129, 268);
INSERT INTO `partitEsdeveniment` VALUES (130, 269);
INSERT INTO `partitEsdeveniment` VALUES (130, 270);
INSERT INTO `partitEsdeveniment` VALUES (131, 271);
INSERT INTO `partitEsdeveniment` VALUES (131, 272);
INSERT INTO `partitEsdeveniment` VALUES (132, 273);
INSERT INTO `partitEsdeveniment` VALUES (132, 274);
INSERT INTO `partitEsdeveniment` VALUES (133, 275);
INSERT INTO `partitEsdeveniment` VALUES (133, 276);
INSERT INTO `partitEsdeveniment` VALUES (134, 277);
INSERT INTO `partitEsdeveniment` VALUES (134, 278);
INSERT INTO `partitEsdeveniment` VALUES (135, 279);
INSERT INTO `partitEsdeveniment` VALUES (135, 280);
INSERT INTO `partitEsdeveniment` VALUES (136, 281);
INSERT INTO `partitEsdeveniment` VALUES (136, 282);
INSERT INTO `partitEsdeveniment` VALUES (137, 283);
INSERT INTO `partitEsdeveniment` VALUES (137, 284);
INSERT INTO `partitEsdeveniment` VALUES (138, 285);
INSERT INTO `partitEsdeveniment` VALUES (138, 286);
INSERT INTO `partitEsdeveniment` VALUES (139, 287);
INSERT INTO `partitEsdeveniment` VALUES (139, 288);
INSERT INTO `partitEsdeveniment` VALUES (140, 289);
INSERT INTO `partitEsdeveniment` VALUES (140, 290);
INSERT INTO `partitEsdeveniment` VALUES (141, 291);
INSERT INTO `partitEsdeveniment` VALUES (141, 292);
INSERT INTO `partitEsdeveniment` VALUES (142, 293);
INSERT INTO `partitEsdeveniment` VALUES (142, 294);
INSERT INTO `partitEsdeveniment` VALUES (143, 295);
INSERT INTO `partitEsdeveniment` VALUES (143, 296);
INSERT INTO `partitEsdeveniment` VALUES (144, 297);
INSERT INTO `partitEsdeveniment` VALUES (144, 298);
INSERT INTO `partitEsdeveniment` VALUES (145, 299);
INSERT INTO `partitEsdeveniment` VALUES (145, 300);
INSERT INTO `partitEsdeveniment` VALUES (146, 301);
INSERT INTO `partitEsdeveniment` VALUES (146, 302);
INSERT INTO `partitEsdeveniment` VALUES (147, 303);
INSERT INTO `partitEsdeveniment` VALUES (147, 304);
INSERT INTO `partitEsdeveniment` VALUES (148, 305);
INSERT INTO `partitEsdeveniment` VALUES (148, 306);
INSERT INTO `partitEsdeveniment` VALUES (149, 307);
INSERT INTO `partitEsdeveniment` VALUES (149, 308);
INSERT INTO `partitEsdeveniment` VALUES (150, 309);
INSERT INTO `partitEsdeveniment` VALUES (150, 310);
INSERT INTO `partitEsdeveniment` VALUES (151, 311);
INSERT INTO `partitEsdeveniment` VALUES (151, 312);
INSERT INTO `partitEsdeveniment` VALUES (152, 313);
INSERT INTO `partitEsdeveniment` VALUES (152, 314);
INSERT INTO `partitEsdeveniment` VALUES (153, 315);
INSERT INTO `partitEsdeveniment` VALUES (153, 316);
INSERT INTO `partitEsdeveniment` VALUES (154, 317);
INSERT INTO `partitEsdeveniment` VALUES (154, 318);
INSERT INTO `partitEsdeveniment` VALUES (155, 319);
INSERT INTO `partitEsdeveniment` VALUES (155, 320);
INSERT INTO `partitEsdeveniment` VALUES (156, 321);
INSERT INTO `partitEsdeveniment` VALUES (156, 322);
INSERT INTO `partitEsdeveniment` VALUES (157, 323);
INSERT INTO `partitEsdeveniment` VALUES (157, 324);
INSERT INTO `partitEsdeveniment` VALUES (158, 325);
INSERT INTO `partitEsdeveniment` VALUES (158, 326);
INSERT INTO `partitEsdeveniment` VALUES (159, 327);
INSERT INTO `partitEsdeveniment` VALUES (159, 328);
INSERT INTO `partitEsdeveniment` VALUES (160, 329);
INSERT INTO `partitEsdeveniment` VALUES (160, 330);
INSERT INTO `partitEsdeveniment` VALUES (161, 331);
INSERT INTO `partitEsdeveniment` VALUES (161, 332);
INSERT INTO `partitEsdeveniment` VALUES (162, 333);
INSERT INTO `partitEsdeveniment` VALUES (162, 334);
INSERT INTO `partitEsdeveniment` VALUES (163, 335);
INSERT INTO `partitEsdeveniment` VALUES (163, 336);
INSERT INTO `partitEsdeveniment` VALUES (164, 337);
INSERT INTO `partitEsdeveniment` VALUES (164, 338);
INSERT INTO `partitEsdeveniment` VALUES (165, 339);
INSERT INTO `partitEsdeveniment` VALUES (165, 340);
INSERT INTO `partitEsdeveniment` VALUES (166, 341);
INSERT INTO `partitEsdeveniment` VALUES (166, 342);
INSERT INTO `partitEsdeveniment` VALUES (167, 343);
INSERT INTO `partitEsdeveniment` VALUES (167, 344);
INSERT INTO `partitEsdeveniment` VALUES (168, 345);
INSERT INTO `partitEsdeveniment` VALUES (168, 346);
INSERT INTO `partitEsdeveniment` VALUES (169, 347);
INSERT INTO `partitEsdeveniment` VALUES (169, 348);
INSERT INTO `partitEsdeveniment` VALUES (170, 349);
INSERT INTO `partitEsdeveniment` VALUES (170, 350);
INSERT INTO `partitEsdeveniment` VALUES (171, 351);
INSERT INTO `partitEsdeveniment` VALUES (171, 352);
INSERT INTO `partitEsdeveniment` VALUES (172, 353);
INSERT INTO `partitEsdeveniment` VALUES (172, 354);
INSERT INTO `partitEsdeveniment` VALUES (173, 355);
INSERT INTO `partitEsdeveniment` VALUES (173, 356);
INSERT INTO `partitEsdeveniment` VALUES (174, 357);
INSERT INTO `partitEsdeveniment` VALUES (174, 358);
INSERT INTO `partitEsdeveniment` VALUES (175, 359);
INSERT INTO `partitEsdeveniment` VALUES (175, 360);
INSERT INTO `partitEsdeveniment` VALUES (176, 361);
INSERT INTO `partitEsdeveniment` VALUES (176, 362);
INSERT INTO `partitEsdeveniment` VALUES (177, 363);
INSERT INTO `partitEsdeveniment` VALUES (177, 364);
INSERT INTO `partitEsdeveniment` VALUES (178, 365);
INSERT INTO `partitEsdeveniment` VALUES (178, 366);
INSERT INTO `partitEsdeveniment` VALUES (179, 367);
INSERT INTO `partitEsdeveniment` VALUES (179, 368);
INSERT INTO `partitEsdeveniment` VALUES (180, 369);
INSERT INTO `partitEsdeveniment` VALUES (180, 370);
INSERT INTO `partitEsdeveniment` VALUES (181, 371);
INSERT INTO `partitEsdeveniment` VALUES (181, 372);
INSERT INTO `partitEsdeveniment` VALUES (182, 373);
INSERT INTO `partitEsdeveniment` VALUES (182, 374);
INSERT INTO `partitEsdeveniment` VALUES (183, 375);
INSERT INTO `partitEsdeveniment` VALUES (183, 376);
INSERT INTO `partitEsdeveniment` VALUES (184, 377);
INSERT INTO `partitEsdeveniment` VALUES (184, 378);
INSERT INTO `partitEsdeveniment` VALUES (185, 379);
INSERT INTO `partitEsdeveniment` VALUES (185, 380);
INSERT INTO `partitEsdeveniment` VALUES (186, 381);
INSERT INTO `partitEsdeveniment` VALUES (186, 382);
INSERT INTO `partitEsdeveniment` VALUES (187, 383);
INSERT INTO `partitEsdeveniment` VALUES (187, 384);
INSERT INTO `partitEsdeveniment` VALUES (188, 385);
INSERT INTO `partitEsdeveniment` VALUES (188, 386);
INSERT INTO `partitEsdeveniment` VALUES (189, 387);
INSERT INTO `partitEsdeveniment` VALUES (189, 388);
INSERT INTO `partitEsdeveniment` VALUES (190, 389);
INSERT INTO `partitEsdeveniment` VALUES (190, 390);
INSERT INTO `partitEsdeveniment` VALUES (191, 391);
INSERT INTO `partitEsdeveniment` VALUES (191, 392);
INSERT INTO `partitEsdeveniment` VALUES (192, 393);
INSERT INTO `partitEsdeveniment` VALUES (192, 394);
INSERT INTO `partitEsdeveniment` VALUES (193, 395);
INSERT INTO `partitEsdeveniment` VALUES (193, 396);
INSERT INTO `partitEsdeveniment` VALUES (194, 397);
INSERT INTO `partitEsdeveniment` VALUES (194, 398);
INSERT INTO `partitEsdeveniment` VALUES (195, 399);
INSERT INTO `partitEsdeveniment` VALUES (195, 400);
INSERT INTO `partitEsdeveniment` VALUES (196, 401);
INSERT INTO `partitEsdeveniment` VALUES (196, 402);
INSERT INTO `partitEsdeveniment` VALUES (197, 403);
INSERT INTO `partitEsdeveniment` VALUES (197, 404);
INSERT INTO `partitEsdeveniment` VALUES (198, 405);
INSERT INTO `partitEsdeveniment` VALUES (198, 406);
INSERT INTO `partitEsdeveniment` VALUES (199, 407);
INSERT INTO `partitEsdeveniment` VALUES (199, 408);
INSERT INTO `partitEsdeveniment` VALUES (200, 409);
INSERT INTO `partitEsdeveniment` VALUES (200, 410);
INSERT INTO `partitEsdeveniment` VALUES (201, 411);
INSERT INTO `partitEsdeveniment` VALUES (201, 412);
INSERT INTO `partitEsdeveniment` VALUES (202, 413);
INSERT INTO `partitEsdeveniment` VALUES (202, 414);
INSERT INTO `partitEsdeveniment` VALUES (203, 415);
INSERT INTO `partitEsdeveniment` VALUES (203, 416);
INSERT INTO `partitEsdeveniment` VALUES (204, 417);
INSERT INTO `partitEsdeveniment` VALUES (204, 418);
INSERT INTO `partitEsdeveniment` VALUES (205, 419);
INSERT INTO `partitEsdeveniment` VALUES (205, 420);
INSERT INTO `partitEsdeveniment` VALUES (206, 421);
INSERT INTO `partitEsdeveniment` VALUES (206, 422);
INSERT INTO `partitEsdeveniment` VALUES (207, 423);
INSERT INTO `partitEsdeveniment` VALUES (207, 424);
INSERT INTO `partitEsdeveniment` VALUES (208, 425);
INSERT INTO `partitEsdeveniment` VALUES (208, 426);
INSERT INTO `partitEsdeveniment` VALUES (209, 427);
INSERT INTO `partitEsdeveniment` VALUES (209, 428);
INSERT INTO `partitEsdeveniment` VALUES (210, 429);
INSERT INTO `partitEsdeveniment` VALUES (210, 430);
INSERT INTO `partitEsdeveniment` VALUES (211, 431);
INSERT INTO `partitEsdeveniment` VALUES (211, 432);
INSERT INTO `partitEsdeveniment` VALUES (212, 433);
INSERT INTO `partitEsdeveniment` VALUES (212, 434);
INSERT INTO `partitEsdeveniment` VALUES (213, 435);
INSERT INTO `partitEsdeveniment` VALUES (213, 436);
INSERT INTO `partitEsdeveniment` VALUES (214, 437);
INSERT INTO `partitEsdeveniment` VALUES (214, 438);
INSERT INTO `partitEsdeveniment` VALUES (215, 439);
INSERT INTO `partitEsdeveniment` VALUES (215, 440);
INSERT INTO `partitEsdeveniment` VALUES (216, 441);
INSERT INTO `partitEsdeveniment` VALUES (216, 442);
INSERT INTO `partitEsdeveniment` VALUES (217, 443);
INSERT INTO `partitEsdeveniment` VALUES (217, 444);
INSERT INTO `partitEsdeveniment` VALUES (218, 445);
INSERT INTO `partitEsdeveniment` VALUES (218, 446);
INSERT INTO `partitEsdeveniment` VALUES (219, 447);
INSERT INTO `partitEsdeveniment` VALUES (219, 448);
INSERT INTO `partitEsdeveniment` VALUES (220, 449);
INSERT INTO `partitEsdeveniment` VALUES (220, 450);
INSERT INTO `partitEsdeveniment` VALUES (221, 451);
INSERT INTO `partitEsdeveniment` VALUES (221, 452);
INSERT INTO `partitEsdeveniment` VALUES (222, 453);
INSERT INTO `partitEsdeveniment` VALUES (222, 454);
INSERT INTO `partitEsdeveniment` VALUES (223, 455);
INSERT INTO `partitEsdeveniment` VALUES (223, 456);
INSERT INTO `partitEsdeveniment` VALUES (224, 457);
INSERT INTO `partitEsdeveniment` VALUES (224, 458);
INSERT INTO `partitEsdeveniment` VALUES (225, 459);
INSERT INTO `partitEsdeveniment` VALUES (225, 460);
INSERT INTO `partitEsdeveniment` VALUES (226, 461);
INSERT INTO `partitEsdeveniment` VALUES (226, 462);
INSERT INTO `partitEsdeveniment` VALUES (227, 463);
INSERT INTO `partitEsdeveniment` VALUES (227, 464);
INSERT INTO `partitEsdeveniment` VALUES (228, 465);
INSERT INTO `partitEsdeveniment` VALUES (228, 466);
INSERT INTO `partitEsdeveniment` VALUES (229, 467);
INSERT INTO `partitEsdeveniment` VALUES (229, 468);
INSERT INTO `partitEsdeveniment` VALUES (230, 469);
INSERT INTO `partitEsdeveniment` VALUES (230, 470);
INSERT INTO `partitEsdeveniment` VALUES (231, 471);
INSERT INTO `partitEsdeveniment` VALUES (231, 472);
INSERT INTO `partitEsdeveniment` VALUES (232, 473);
INSERT INTO `partitEsdeveniment` VALUES (232, 474);
INSERT INTO `partitEsdeveniment` VALUES (233, 475);
INSERT INTO `partitEsdeveniment` VALUES (233, 476);
INSERT INTO `partitEsdeveniment` VALUES (234, 477);
INSERT INTO `partitEsdeveniment` VALUES (234, 478);
INSERT INTO `partitEsdeveniment` VALUES (235, 479);
INSERT INTO `partitEsdeveniment` VALUES (235, 480);
INSERT INTO `partitEsdeveniment` VALUES (236, 481);
INSERT INTO `partitEsdeveniment` VALUES (236, 482);
INSERT INTO `partitEsdeveniment` VALUES (237, 483);
INSERT INTO `partitEsdeveniment` VALUES (237, 484);
INSERT INTO `partitEsdeveniment` VALUES (238, 485);
INSERT INTO `partitEsdeveniment` VALUES (238, 486);
INSERT INTO `partitEsdeveniment` VALUES (239, 487);
INSERT INTO `partitEsdeveniment` VALUES (239, 488);
INSERT INTO `partitEsdeveniment` VALUES (240, 489);
INSERT INTO `partitEsdeveniment` VALUES (240, 490);
INSERT INTO `partitEsdeveniment` VALUES (241, 491);
INSERT INTO `partitEsdeveniment` VALUES (241, 492);
INSERT INTO `partitEsdeveniment` VALUES (242, 493);
INSERT INTO `partitEsdeveniment` VALUES (242, 494);
INSERT INTO `partitEsdeveniment` VALUES (243, 495);
INSERT INTO `partitEsdeveniment` VALUES (243, 496);
INSERT INTO `partitEsdeveniment` VALUES (244, 497);
INSERT INTO `partitEsdeveniment` VALUES (244, 498);
INSERT INTO `partitEsdeveniment` VALUES (245, 499);
INSERT INTO `partitEsdeveniment` VALUES (245, 500);
INSERT INTO `partitEsdeveniment` VALUES (246, 501);
INSERT INTO `partitEsdeveniment` VALUES (246, 502);
INSERT INTO `partitEsdeveniment` VALUES (247, 503);
INSERT INTO `partitEsdeveniment` VALUES (247, 504);
INSERT INTO `partitEsdeveniment` VALUES (248, 505);
INSERT INTO `partitEsdeveniment` VALUES (248, 506);
INSERT INTO `partitEsdeveniment` VALUES (249, 507);
INSERT INTO `partitEsdeveniment` VALUES (249, 508);
INSERT INTO `partitEsdeveniment` VALUES (250, 509);
INSERT INTO `partitEsdeveniment` VALUES (250, 510);
INSERT INTO `partitEsdeveniment` VALUES (251, 511);
INSERT INTO `partitEsdeveniment` VALUES (251, 512);
INSERT INTO `partitEsdeveniment` VALUES (252, 513);
INSERT INTO `partitEsdeveniment` VALUES (252, 514);
INSERT INTO `partitEsdeveniment` VALUES (253, 515);
INSERT INTO `partitEsdeveniment` VALUES (253, 516);
INSERT INTO `partitEsdeveniment` VALUES (254, 517);
INSERT INTO `partitEsdeveniment` VALUES (254, 518);
INSERT INTO `partitEsdeveniment` VALUES (255, 519);
INSERT INTO `partitEsdeveniment` VALUES (255, 520);
INSERT INTO `partitEsdeveniment` VALUES (256, 521);
INSERT INTO `partitEsdeveniment` VALUES (256, 522);
INSERT INTO `partitEsdeveniment` VALUES (257, 523);
INSERT INTO `partitEsdeveniment` VALUES (257, 524);
INSERT INTO `partitEsdeveniment` VALUES (258, 525);
INSERT INTO `partitEsdeveniment` VALUES (258, 526);
INSERT INTO `partitEsdeveniment` VALUES (259, 527);
INSERT INTO `partitEsdeveniment` VALUES (259, 528);
INSERT INTO `partitEsdeveniment` VALUES (260, 529);
INSERT INTO `partitEsdeveniment` VALUES (260, 530);
INSERT INTO `partitEsdeveniment` VALUES (261, 531);
INSERT INTO `partitEsdeveniment` VALUES (261, 532);
INSERT INTO `partitEsdeveniment` VALUES (262, 533);
INSERT INTO `partitEsdeveniment` VALUES (262, 534);
INSERT INTO `partitEsdeveniment` VALUES (263, 535);
INSERT INTO `partitEsdeveniment` VALUES (263, 536);
INSERT INTO `partitEsdeveniment` VALUES (264, 537);
INSERT INTO `partitEsdeveniment` VALUES (264, 538);
INSERT INTO `partitEsdeveniment` VALUES (265, 539);
INSERT INTO `partitEsdeveniment` VALUES (265, 540);
INSERT INTO `partitEsdeveniment` VALUES (266, 541);
INSERT INTO `partitEsdeveniment` VALUES (266, 542);
INSERT INTO `partitEsdeveniment` VALUES (267, 543);
INSERT INTO `partitEsdeveniment` VALUES (267, 544);
INSERT INTO `partitEsdeveniment` VALUES (268, 545);
INSERT INTO `partitEsdeveniment` VALUES (268, 546);
INSERT INTO `partitEsdeveniment` VALUES (269, 547);
INSERT INTO `partitEsdeveniment` VALUES (269, 548);
INSERT INTO `partitEsdeveniment` VALUES (270, 549);
INSERT INTO `partitEsdeveniment` VALUES (270, 550);
INSERT INTO `partitEsdeveniment` VALUES (271, 551);
INSERT INTO `partitEsdeveniment` VALUES (271, 552);
INSERT INTO `partitEsdeveniment` VALUES (272, 553);
INSERT INTO `partitEsdeveniment` VALUES (272, 554);
INSERT INTO `partitEsdeveniment` VALUES (273, 555);
INSERT INTO `partitEsdeveniment` VALUES (273, 556);
INSERT INTO `partitEsdeveniment` VALUES (274, 557);
INSERT INTO `partitEsdeveniment` VALUES (274, 558);
INSERT INTO `partitEsdeveniment` VALUES (275, 559);
INSERT INTO `partitEsdeveniment` VALUES (275, 560);
INSERT INTO `partitEsdeveniment` VALUES (276, 561);
INSERT INTO `partitEsdeveniment` VALUES (276, 562);
INSERT INTO `partitEsdeveniment` VALUES (277, 563);
INSERT INTO `partitEsdeveniment` VALUES (277, 564);
INSERT INTO `partitEsdeveniment` VALUES (278, 565);
INSERT INTO `partitEsdeveniment` VALUES (278, 566);
INSERT INTO `partitEsdeveniment` VALUES (279, 567);
INSERT INTO `partitEsdeveniment` VALUES (279, 568);
INSERT INTO `partitEsdeveniment` VALUES (280, 569);
INSERT INTO `partitEsdeveniment` VALUES (280, 570);
INSERT INTO `partitEsdeveniment` VALUES (281, 571);
INSERT INTO `partitEsdeveniment` VALUES (281, 572);
INSERT INTO `partitEsdeveniment` VALUES (282, 573);
INSERT INTO `partitEsdeveniment` VALUES (282, 574);
INSERT INTO `partitEsdeveniment` VALUES (283, 575);
INSERT INTO `partitEsdeveniment` VALUES (283, 576);
INSERT INTO `partitEsdeveniment` VALUES (284, 577);
INSERT INTO `partitEsdeveniment` VALUES (284, 578);
INSERT INTO `partitEsdeveniment` VALUES (285, 579);
INSERT INTO `partitEsdeveniment` VALUES (285, 580);
INSERT INTO `partitEsdeveniment` VALUES (286, 581);
INSERT INTO `partitEsdeveniment` VALUES (286, 582);
INSERT INTO `partitEsdeveniment` VALUES (287, 583);
INSERT INTO `partitEsdeveniment` VALUES (287, 584);
INSERT INTO `partitEsdeveniment` VALUES (288, 585);
INSERT INTO `partitEsdeveniment` VALUES (288, 586);
INSERT INTO `partitEsdeveniment` VALUES (289, 587);
INSERT INTO `partitEsdeveniment` VALUES (289, 588);
INSERT INTO `partitEsdeveniment` VALUES (290, 589);
INSERT INTO `partitEsdeveniment` VALUES (290, 590);
INSERT INTO `partitEsdeveniment` VALUES (291, 591);
INSERT INTO `partitEsdeveniment` VALUES (291, 592);
INSERT INTO `partitEsdeveniment` VALUES (292, 593);
INSERT INTO `partitEsdeveniment` VALUES (292, 594);
INSERT INTO `partitEsdeveniment` VALUES (293, 595);
INSERT INTO `partitEsdeveniment` VALUES (293, 596);
INSERT INTO `partitEsdeveniment` VALUES (294, 597);
INSERT INTO `partitEsdeveniment` VALUES (294, 598);
INSERT INTO `partitEsdeveniment` VALUES (295, 599);
INSERT INTO `partitEsdeveniment` VALUES (295, 600);
INSERT INTO `partitEsdeveniment` VALUES (296, 601);
INSERT INTO `partitEsdeveniment` VALUES (296, 602);
INSERT INTO `partitEsdeveniment` VALUES (297, 603);
INSERT INTO `partitEsdeveniment` VALUES (297, 604);
INSERT INTO `partitEsdeveniment` VALUES (298, 605);
INSERT INTO `partitEsdeveniment` VALUES (298, 606);
INSERT INTO `partitEsdeveniment` VALUES (299, 607);
INSERT INTO `partitEsdeveniment` VALUES (299, 608);
INSERT INTO `partitEsdeveniment` VALUES (300, 609);
INSERT INTO `partitEsdeveniment` VALUES (300, 610);
INSERT INTO `partitEsdeveniment` VALUES (301, 611);
INSERT INTO `partitEsdeveniment` VALUES (301, 612);
INSERT INTO `partitEsdeveniment` VALUES (302, 613);
INSERT INTO `partitEsdeveniment` VALUES (302, 614);
INSERT INTO `partitEsdeveniment` VALUES (303, 615);
INSERT INTO `partitEsdeveniment` VALUES (303, 616);
INSERT INTO `partitEsdeveniment` VALUES (304, 617);
INSERT INTO `partitEsdeveniment` VALUES (304, 618);
INSERT INTO `partitEsdeveniment` VALUES (305, 619);
INSERT INTO `partitEsdeveniment` VALUES (305, 620);
INSERT INTO `partitEsdeveniment` VALUES (306, 621);
INSERT INTO `partitEsdeveniment` VALUES (306, 622);
INSERT INTO `partitEsdeveniment` VALUES (307, 623);
INSERT INTO `partitEsdeveniment` VALUES (307, 624);
INSERT INTO `partitEsdeveniment` VALUES (308, 625);
INSERT INTO `partitEsdeveniment` VALUES (308, 626);
INSERT INTO `partitEsdeveniment` VALUES (309, 627);
INSERT INTO `partitEsdeveniment` VALUES (309, 628);
INSERT INTO `partitEsdeveniment` VALUES (310, 629);
INSERT INTO `partitEsdeveniment` VALUES (310, 630);
INSERT INTO `partitEsdeveniment` VALUES (311, 631);
INSERT INTO `partitEsdeveniment` VALUES (311, 632);
INSERT INTO `partitEsdeveniment` VALUES (312, 633);
INSERT INTO `partitEsdeveniment` VALUES (312, 634);
INSERT INTO `partitEsdeveniment` VALUES (313, 635);
INSERT INTO `partitEsdeveniment` VALUES (313, 636);
INSERT INTO `partitEsdeveniment` VALUES (314, 637);
INSERT INTO `partitEsdeveniment` VALUES (314, 638);
INSERT INTO `partitEsdeveniment` VALUES (315, 639);
INSERT INTO `partitEsdeveniment` VALUES (315, 640);
INSERT INTO `partitEsdeveniment` VALUES (316, 641);
INSERT INTO `partitEsdeveniment` VALUES (316, 642);
INSERT INTO `partitEsdeveniment` VALUES (317, 643);
INSERT INTO `partitEsdeveniment` VALUES (317, 644);
INSERT INTO `partitEsdeveniment` VALUES (318, 645);
INSERT INTO `partitEsdeveniment` VALUES (318, 646);
INSERT INTO `partitEsdeveniment` VALUES (319, 647);
INSERT INTO `partitEsdeveniment` VALUES (319, 648);
INSERT INTO `partitEsdeveniment` VALUES (320, 649);
INSERT INTO `partitEsdeveniment` VALUES (320, 650);
INSERT INTO `partitEsdeveniment` VALUES (321, 651);
INSERT INTO `partitEsdeveniment` VALUES (321, 652);
INSERT INTO `partitEsdeveniment` VALUES (322, 653);
INSERT INTO `partitEsdeveniment` VALUES (322, 654);
INSERT INTO `partitEsdeveniment` VALUES (323, 655);
INSERT INTO `partitEsdeveniment` VALUES (323, 656);
INSERT INTO `partitEsdeveniment` VALUES (324, 657);
INSERT INTO `partitEsdeveniment` VALUES (324, 658);
INSERT INTO `partitEsdeveniment` VALUES (325, 659);
INSERT INTO `partitEsdeveniment` VALUES (325, 660);
INSERT INTO `partitEsdeveniment` VALUES (326, 661);
INSERT INTO `partitEsdeveniment` VALUES (326, 662);
INSERT INTO `partitEsdeveniment` VALUES (327, 663);
INSERT INTO `partitEsdeveniment` VALUES (327, 664);
INSERT INTO `partitEsdeveniment` VALUES (328, 665);
INSERT INTO `partitEsdeveniment` VALUES (328, 666);
INSERT INTO `partitEsdeveniment` VALUES (329, 667);
INSERT INTO `partitEsdeveniment` VALUES (329, 668);
INSERT INTO `partitEsdeveniment` VALUES (330, 669);
INSERT INTO `partitEsdeveniment` VALUES (330, 670);
INSERT INTO `partitEsdeveniment` VALUES (331, 671);
INSERT INTO `partitEsdeveniment` VALUES (331, 672);
INSERT INTO `partitEsdeveniment` VALUES (332, 673);
INSERT INTO `partitEsdeveniment` VALUES (332, 674);
INSERT INTO `partitEsdeveniment` VALUES (333, 675);
INSERT INTO `partitEsdeveniment` VALUES (333, 676);
INSERT INTO `partitEsdeveniment` VALUES (334, 677);
INSERT INTO `partitEsdeveniment` VALUES (334, 678);
INSERT INTO `partitEsdeveniment` VALUES (335, 679);
INSERT INTO `partitEsdeveniment` VALUES (335, 680);
INSERT INTO `partitEsdeveniment` VALUES (336, 681);
INSERT INTO `partitEsdeveniment` VALUES (336, 682);
INSERT INTO `partitEsdeveniment` VALUES (337, 683);
INSERT INTO `partitEsdeveniment` VALUES (337, 684);
INSERT INTO `partitEsdeveniment` VALUES (338, 685);
INSERT INTO `partitEsdeveniment` VALUES (338, 686);
INSERT INTO `partitEsdeveniment` VALUES (339, 687);
INSERT INTO `partitEsdeveniment` VALUES (339, 688);
INSERT INTO `partitEsdeveniment` VALUES (340, 689);
INSERT INTO `partitEsdeveniment` VALUES (340, 690);
INSERT INTO `partitEsdeveniment` VALUES (341, 691);
INSERT INTO `partitEsdeveniment` VALUES (341, 692);
INSERT INTO `partitEsdeveniment` VALUES (342, 693);
INSERT INTO `partitEsdeveniment` VALUES (342, 694);
INSERT INTO `partitEsdeveniment` VALUES (343, 695);
INSERT INTO `partitEsdeveniment` VALUES (343, 696);
INSERT INTO `partitEsdeveniment` VALUES (344, 697);
INSERT INTO `partitEsdeveniment` VALUES (344, 698);
INSERT INTO `partitEsdeveniment` VALUES (345, 699);
INSERT INTO `partitEsdeveniment` VALUES (345, 700);
INSERT INTO `partitEsdeveniment` VALUES (346, 701);
INSERT INTO `partitEsdeveniment` VALUES (346, 702);
INSERT INTO `partitEsdeveniment` VALUES (347, 703);
INSERT INTO `partitEsdeveniment` VALUES (347, 704);
INSERT INTO `partitEsdeveniment` VALUES (348, 705);
INSERT INTO `partitEsdeveniment` VALUES (348, 706);
INSERT INTO `partitEsdeveniment` VALUES (349, 707);
INSERT INTO `partitEsdeveniment` VALUES (349, 708);
INSERT INTO `partitEsdeveniment` VALUES (350, 709);
INSERT INTO `partitEsdeveniment` VALUES (350, 710);
INSERT INTO `partitEsdeveniment` VALUES (351, 711);
INSERT INTO `partitEsdeveniment` VALUES (351, 712);
INSERT INTO `partitEsdeveniment` VALUES (352, 713);
INSERT INTO `partitEsdeveniment` VALUES (352, 714);
INSERT INTO `partitEsdeveniment` VALUES (353, 715);
INSERT INTO `partitEsdeveniment` VALUES (353, 716);
INSERT INTO `partitEsdeveniment` VALUES (354, 717);
INSERT INTO `partitEsdeveniment` VALUES (354, 718);
INSERT INTO `partitEsdeveniment` VALUES (355, 719);
INSERT INTO `partitEsdeveniment` VALUES (355, 720);
INSERT INTO `partitEsdeveniment` VALUES (356, 721);
INSERT INTO `partitEsdeveniment` VALUES (356, 722);
INSERT INTO `partitEsdeveniment` VALUES (357, 723);
INSERT INTO `partitEsdeveniment` VALUES (357, 724);
INSERT INTO `partitEsdeveniment` VALUES (358, 725);
INSERT INTO `partitEsdeveniment` VALUES (358, 726);
INSERT INTO `partitEsdeveniment` VALUES (359, 727);
INSERT INTO `partitEsdeveniment` VALUES (359, 728);
INSERT INTO `partitEsdeveniment` VALUES (360, 729);
INSERT INTO `partitEsdeveniment` VALUES (360, 730);
INSERT INTO `partitEsdeveniment` VALUES (361, 731);
INSERT INTO `partitEsdeveniment` VALUES (361, 732);
INSERT INTO `partitEsdeveniment` VALUES (362, 733);
INSERT INTO `partitEsdeveniment` VALUES (362, 734);
INSERT INTO `partitEsdeveniment` VALUES (363, 735);
INSERT INTO `partitEsdeveniment` VALUES (363, 736);
INSERT INTO `partitEsdeveniment` VALUES (364, 737);
INSERT INTO `partitEsdeveniment` VALUES (364, 738);
INSERT INTO `partitEsdeveniment` VALUES (365, 739);
INSERT INTO `partitEsdeveniment` VALUES (365, 740);
INSERT INTO `partitEsdeveniment` VALUES (366, 741);
INSERT INTO `partitEsdeveniment` VALUES (366, 742);
INSERT INTO `partitEsdeveniment` VALUES (367, 743);
INSERT INTO `partitEsdeveniment` VALUES (367, 744);
INSERT INTO `partitEsdeveniment` VALUES (368, 745);
INSERT INTO `partitEsdeveniment` VALUES (368, 746);
INSERT INTO `partitEsdeveniment` VALUES (369, 747);
INSERT INTO `partitEsdeveniment` VALUES (369, 748);
INSERT INTO `partitEsdeveniment` VALUES (370, 749);
INSERT INTO `partitEsdeveniment` VALUES (370, 750);
INSERT INTO `partitEsdeveniment` VALUES (371, 751);
INSERT INTO `partitEsdeveniment` VALUES (371, 752);
INSERT INTO `partitEsdeveniment` VALUES (372, 753);
INSERT INTO `partitEsdeveniment` VALUES (372, 754);
INSERT INTO `partitEsdeveniment` VALUES (373, 755);
INSERT INTO `partitEsdeveniment` VALUES (373, 756);
INSERT INTO `partitEsdeveniment` VALUES (374, 757);
INSERT INTO `partitEsdeveniment` VALUES (374, 758);
INSERT INTO `partitEsdeveniment` VALUES (375, 759);
INSERT INTO `partitEsdeveniment` VALUES (375, 760);
INSERT INTO `partitEsdeveniment` VALUES (376, 761);
INSERT INTO `partitEsdeveniment` VALUES (376, 762);
INSERT INTO `partitEsdeveniment` VALUES (377, 763);
INSERT INTO `partitEsdeveniment` VALUES (377, 764);
INSERT INTO `partitEsdeveniment` VALUES (378, 765);
INSERT INTO `partitEsdeveniment` VALUES (378, 766);
INSERT INTO `partitEsdeveniment` VALUES (379, 767);
INSERT INTO `partitEsdeveniment` VALUES (379, 768);
INSERT INTO `partitEsdeveniment` VALUES (380, 769);
INSERT INTO `partitEsdeveniment` VALUES (380, 770);
INSERT INTO `partitEsdeveniment` VALUES (381, 771);
INSERT INTO `partitEsdeveniment` VALUES (381, 772);
INSERT INTO `partitEsdeveniment` VALUES (382, 773);
INSERT INTO `partitEsdeveniment` VALUES (382, 774);
INSERT INTO `partitEsdeveniment` VALUES (383, 775);
INSERT INTO `partitEsdeveniment` VALUES (383, 776);
INSERT INTO `partitEsdeveniment` VALUES (384, 777);
INSERT INTO `partitEsdeveniment` VALUES (384, 778);
INSERT INTO `partitEsdeveniment` VALUES (385, 779);
INSERT INTO `partitEsdeveniment` VALUES (385, 780);
INSERT INTO `partitEsdeveniment` VALUES (386, 781);
INSERT INTO `partitEsdeveniment` VALUES (386, 782);
INSERT INTO `partitEsdeveniment` VALUES (387, 783);
INSERT INTO `partitEsdeveniment` VALUES (387, 784);
INSERT INTO `partitEsdeveniment` VALUES (388, 785);
INSERT INTO `partitEsdeveniment` VALUES (388, 786);
INSERT INTO `partitEsdeveniment` VALUES (389, 787);
INSERT INTO `partitEsdeveniment` VALUES (389, 788);
INSERT INTO `partitEsdeveniment` VALUES (390, 789);
INSERT INTO `partitEsdeveniment` VALUES (390, 790);
INSERT INTO `partitEsdeveniment` VALUES (391, 791);
INSERT INTO `partitEsdeveniment` VALUES (391, 792);
INSERT INTO `partitEsdeveniment` VALUES (392, 793);
INSERT INTO `partitEsdeveniment` VALUES (392, 794);
INSERT INTO `partitEsdeveniment` VALUES (393, 795);
INSERT INTO `partitEsdeveniment` VALUES (393, 796);
INSERT INTO `partitEsdeveniment` VALUES (394, 797);
INSERT INTO `partitEsdeveniment` VALUES (394, 798);
INSERT INTO `partitEsdeveniment` VALUES (395, 799);
INSERT INTO `partitEsdeveniment` VALUES (395, 800);
INSERT INTO `partitEsdeveniment` VALUES (396, 801);
INSERT INTO `partitEsdeveniment` VALUES (396, 802);
INSERT INTO `partitEsdeveniment` VALUES (397, 803);
INSERT INTO `partitEsdeveniment` VALUES (397, 804);
INSERT INTO `partitEsdeveniment` VALUES (398, 805);
INSERT INTO `partitEsdeveniment` VALUES (398, 806);
INSERT INTO `partitEsdeveniment` VALUES (399, 807);
INSERT INTO `partitEsdeveniment` VALUES (399, 808);
INSERT INTO `partitEsdeveniment` VALUES (400, 809);
INSERT INTO `partitEsdeveniment` VALUES (400, 810);
INSERT INTO `partitEsdeveniment` VALUES (401, 811);
INSERT INTO `partitEsdeveniment` VALUES (401, 812);
INSERT INTO `partitEsdeveniment` VALUES (402, 813);
INSERT INTO `partitEsdeveniment` VALUES (402, 814);
INSERT INTO `partitEsdeveniment` VALUES (403, 815);
INSERT INTO `partitEsdeveniment` VALUES (403, 816);
INSERT INTO `partitEsdeveniment` VALUES (404, 817);
INSERT INTO `partitEsdeveniment` VALUES (404, 818);
INSERT INTO `partitEsdeveniment` VALUES (405, 819);
INSERT INTO `partitEsdeveniment` VALUES (405, 820);
INSERT INTO `partitEsdeveniment` VALUES (406, 821);
INSERT INTO `partitEsdeveniment` VALUES (406, 822);
INSERT INTO `partitEsdeveniment` VALUES (407, 823);
INSERT INTO `partitEsdeveniment` VALUES (407, 824);
INSERT INTO `partitEsdeveniment` VALUES (408, 825);
INSERT INTO `partitEsdeveniment` VALUES (408, 826);
INSERT INTO `partitEsdeveniment` VALUES (409, 827);
INSERT INTO `partitEsdeveniment` VALUES (409, 828);
INSERT INTO `partitEsdeveniment` VALUES (410, 829);
INSERT INTO `partitEsdeveniment` VALUES (410, 830);
INSERT INTO `partitEsdeveniment` VALUES (411, 831);
INSERT INTO `partitEsdeveniment` VALUES (411, 832);
INSERT INTO `partitEsdeveniment` VALUES (412, 833);
INSERT INTO `partitEsdeveniment` VALUES (412, 834);
INSERT INTO `partitEsdeveniment` VALUES (413, 835);
INSERT INTO `partitEsdeveniment` VALUES (413, 836);
INSERT INTO `partitEsdeveniment` VALUES (414, 837);
INSERT INTO `partitEsdeveniment` VALUES (414, 838);
INSERT INTO `partitEsdeveniment` VALUES (415, 839);
INSERT INTO `partitEsdeveniment` VALUES (415, 840);
INSERT INTO `partitEsdeveniment` VALUES (416, 841);
INSERT INTO `partitEsdeveniment` VALUES (416, 842);
INSERT INTO `partitEsdeveniment` VALUES (417, 843);
INSERT INTO `partitEsdeveniment` VALUES (417, 844);
INSERT INTO `partitEsdeveniment` VALUES (418, 845);
INSERT INTO `partitEsdeveniment` VALUES (418, 846);
INSERT INTO `partitEsdeveniment` VALUES (419, 847);
INSERT INTO `partitEsdeveniment` VALUES (419, 848);
INSERT INTO `partitEsdeveniment` VALUES (420, 849);
INSERT INTO `partitEsdeveniment` VALUES (420, 850);
INSERT INTO `partitEsdeveniment` VALUES (421, 851);
INSERT INTO `partitEsdeveniment` VALUES (421, 852);
INSERT INTO `partitEsdeveniment` VALUES (422, 853);
INSERT INTO `partitEsdeveniment` VALUES (422, 854);
INSERT INTO `partitEsdeveniment` VALUES (423, 855);
INSERT INTO `partitEsdeveniment` VALUES (423, 856);
INSERT INTO `partitEsdeveniment` VALUES (424, 857);
INSERT INTO `partitEsdeveniment` VALUES (424, 858);
INSERT INTO `partitEsdeveniment` VALUES (425, 859);
INSERT INTO `partitEsdeveniment` VALUES (425, 860);
INSERT INTO `partitEsdeveniment` VALUES (426, 861);
INSERT INTO `partitEsdeveniment` VALUES (426, 862);
INSERT INTO `partitEsdeveniment` VALUES (427, 863);
INSERT INTO `partitEsdeveniment` VALUES (427, 864);
INSERT INTO `partitEsdeveniment` VALUES (428, 865);
INSERT INTO `partitEsdeveniment` VALUES (428, 866);
INSERT INTO `partitEsdeveniment` VALUES (429, 867);
INSERT INTO `partitEsdeveniment` VALUES (429, 868);
INSERT INTO `partitEsdeveniment` VALUES (430, 869);
INSERT INTO `partitEsdeveniment` VALUES (430, 870);
INSERT INTO `partitEsdeveniment` VALUES (431, 871);
INSERT INTO `partitEsdeveniment` VALUES (431, 872);
INSERT INTO `partitEsdeveniment` VALUES (432, 873);
INSERT INTO `partitEsdeveniment` VALUES (432, 874);
INSERT INTO `partitEsdeveniment` VALUES (433, 875);
INSERT INTO `partitEsdeveniment` VALUES (433, 876);
INSERT INTO `partitEsdeveniment` VALUES (434, 877);
INSERT INTO `partitEsdeveniment` VALUES (434, 878);
INSERT INTO `partitEsdeveniment` VALUES (435, 879);
INSERT INTO `partitEsdeveniment` VALUES (435, 880);
INSERT INTO `partitEsdeveniment` VALUES (436, 881);
INSERT INTO `partitEsdeveniment` VALUES (436, 882);
INSERT INTO `partitEsdeveniment` VALUES (437, 883);
INSERT INTO `partitEsdeveniment` VALUES (437, 884);
INSERT INTO `partitEsdeveniment` VALUES (438, 885);
INSERT INTO `partitEsdeveniment` VALUES (438, 886);
INSERT INTO `partitEsdeveniment` VALUES (439, 887);
INSERT INTO `partitEsdeveniment` VALUES (439, 888);
INSERT INTO `partitEsdeveniment` VALUES (440, 889);
INSERT INTO `partitEsdeveniment` VALUES (440, 890);
INSERT INTO `partitEsdeveniment` VALUES (441, 891);
INSERT INTO `partitEsdeveniment` VALUES (441, 892);
INSERT INTO `partitEsdeveniment` VALUES (442, 893);
INSERT INTO `partitEsdeveniment` VALUES (442, 894);
INSERT INTO `partitEsdeveniment` VALUES (443, 895);
INSERT INTO `partitEsdeveniment` VALUES (443, 896);
INSERT INTO `partitEsdeveniment` VALUES (444, 897);
INSERT INTO `partitEsdeveniment` VALUES (444, 898);
INSERT INTO `partitEsdeveniment` VALUES (445, 899);
INSERT INTO `partitEsdeveniment` VALUES (445, 900);
INSERT INTO `partitEsdeveniment` VALUES (446, 901);
INSERT INTO `partitEsdeveniment` VALUES (446, 902);
INSERT INTO `partitEsdeveniment` VALUES (447, 903);
INSERT INTO `partitEsdeveniment` VALUES (447, 904);
INSERT INTO `partitEsdeveniment` VALUES (448, 905);
INSERT INTO `partitEsdeveniment` VALUES (448, 906);
INSERT INTO `partitEsdeveniment` VALUES (449, 907);
INSERT INTO `partitEsdeveniment` VALUES (449, 908);
INSERT INTO `partitEsdeveniment` VALUES (450, 909);
INSERT INTO `partitEsdeveniment` VALUES (450, 910);
INSERT INTO `partitEsdeveniment` VALUES (451, 911);
INSERT INTO `partitEsdeveniment` VALUES (451, 912);
INSERT INTO `partitEsdeveniment` VALUES (452, 913);
INSERT INTO `partitEsdeveniment` VALUES (452, 914);
INSERT INTO `partitEsdeveniment` VALUES (453, 915);
INSERT INTO `partitEsdeveniment` VALUES (453, 916);
INSERT INTO `partitEsdeveniment` VALUES (454, 917);
INSERT INTO `partitEsdeveniment` VALUES (454, 918);
INSERT INTO `partitEsdeveniment` VALUES (455, 919);
INSERT INTO `partitEsdeveniment` VALUES (455, 920);
INSERT INTO `partitEsdeveniment` VALUES (456, 921);
INSERT INTO `partitEsdeveniment` VALUES (456, 922);
INSERT INTO `partitEsdeveniment` VALUES (457, 923);
INSERT INTO `partitEsdeveniment` VALUES (457, 924);
INSERT INTO `partitEsdeveniment` VALUES (458, 925);
INSERT INTO `partitEsdeveniment` VALUES (458, 926);
INSERT INTO `partitEsdeveniment` VALUES (459, 927);
INSERT INTO `partitEsdeveniment` VALUES (459, 928);
INSERT INTO `partitEsdeveniment` VALUES (460, 929);
INSERT INTO `partitEsdeveniment` VALUES (460, 930);
INSERT INTO `partitEsdeveniment` VALUES (461, 931);
INSERT INTO `partitEsdeveniment` VALUES (461, 932);
INSERT INTO `partitEsdeveniment` VALUES (462, 933);
INSERT INTO `partitEsdeveniment` VALUES (462, 934);
INSERT INTO `partitEsdeveniment` VALUES (463, 935);
INSERT INTO `partitEsdeveniment` VALUES (463, 936);
INSERT INTO `partitEsdeveniment` VALUES (464, 937);
INSERT INTO `partitEsdeveniment` VALUES (464, 938);
INSERT INTO `partitEsdeveniment` VALUES (465, 939);
INSERT INTO `partitEsdeveniment` VALUES (465, 940);
INSERT INTO `partitEsdeveniment` VALUES (466, 941);
INSERT INTO `partitEsdeveniment` VALUES (466, 942);
INSERT INTO `partitEsdeveniment` VALUES (467, 943);
INSERT INTO `partitEsdeveniment` VALUES (467, 944);
INSERT INTO `partitEsdeveniment` VALUES (468, 945);
INSERT INTO `partitEsdeveniment` VALUES (468, 946);
INSERT INTO `partitEsdeveniment` VALUES (469, 947);
INSERT INTO `partitEsdeveniment` VALUES (469, 948);
INSERT INTO `partitEsdeveniment` VALUES (470, 949);
INSERT INTO `partitEsdeveniment` VALUES (470, 950);
INSERT INTO `partitEsdeveniment` VALUES (471, 951);
INSERT INTO `partitEsdeveniment` VALUES (471, 952);
INSERT INTO `partitEsdeveniment` VALUES (472, 953);
INSERT INTO `partitEsdeveniment` VALUES (472, 954);
INSERT INTO `partitEsdeveniment` VALUES (473, 955);
INSERT INTO `partitEsdeveniment` VALUES (473, 956);
INSERT INTO `partitEsdeveniment` VALUES (474, 957);
INSERT INTO `partitEsdeveniment` VALUES (474, 958);
INSERT INTO `partitEsdeveniment` VALUES (475, 959);
INSERT INTO `partitEsdeveniment` VALUES (475, 960);
INSERT INTO `partitEsdeveniment` VALUES (476, 961);
INSERT INTO `partitEsdeveniment` VALUES (476, 962);
INSERT INTO `partitEsdeveniment` VALUES (477, 963);
INSERT INTO `partitEsdeveniment` VALUES (477, 964);
INSERT INTO `partitEsdeveniment` VALUES (478, 965);
INSERT INTO `partitEsdeveniment` VALUES (478, 966);
INSERT INTO `partitEsdeveniment` VALUES (479, 967);
INSERT INTO `partitEsdeveniment` VALUES (479, 968);
INSERT INTO `partitEsdeveniment` VALUES (480, 969);
INSERT INTO `partitEsdeveniment` VALUES (480, 970);
INSERT INTO `partitEsdeveniment` VALUES (481, 971);
INSERT INTO `partitEsdeveniment` VALUES (481, 972);
INSERT INTO `partitEsdeveniment` VALUES (482, 973);
INSERT INTO `partitEsdeveniment` VALUES (482, 974);
INSERT INTO `partitEsdeveniment` VALUES (483, 975);
INSERT INTO `partitEsdeveniment` VALUES (483, 976);
INSERT INTO `partitEsdeveniment` VALUES (484, 977);
INSERT INTO `partitEsdeveniment` VALUES (484, 978);
INSERT INTO `partitEsdeveniment` VALUES (485, 979);
INSERT INTO `partitEsdeveniment` VALUES (485, 980);
INSERT INTO `partitEsdeveniment` VALUES (486, 981);
INSERT INTO `partitEsdeveniment` VALUES (486, 982);
INSERT INTO `partitEsdeveniment` VALUES (487, 983);
INSERT INTO `partitEsdeveniment` VALUES (487, 984);
INSERT INTO `partitEsdeveniment` VALUES (488, 985);
INSERT INTO `partitEsdeveniment` VALUES (488, 986);
INSERT INTO `partitEsdeveniment` VALUES (489, 987);
INSERT INTO `partitEsdeveniment` VALUES (489, 988);
INSERT INTO `partitEsdeveniment` VALUES (490, 989);
INSERT INTO `partitEsdeveniment` VALUES (490, 990);
INSERT INTO `partitEsdeveniment` VALUES (491, 991);
INSERT INTO `partitEsdeveniment` VALUES (491, 992);
INSERT INTO `partitEsdeveniment` VALUES (492, 993);
INSERT INTO `partitEsdeveniment` VALUES (492, 994);
INSERT INTO `partitEsdeveniment` VALUES (493, 995);
INSERT INTO `partitEsdeveniment` VALUES (493, 996);
INSERT INTO `partitEsdeveniment` VALUES (494, 997);
INSERT INTO `partitEsdeveniment` VALUES (494, 998);
INSERT INTO `partitEsdeveniment` VALUES (495, 999);
INSERT INTO `partitEsdeveniment` VALUES (495, 1000);
INSERT INTO `partitEsdeveniment` VALUES (496, 1001);
INSERT INTO `partitEsdeveniment` VALUES (496, 1002);
INSERT INTO `partitEsdeveniment` VALUES (497, 1003);
INSERT INTO `partitEsdeveniment` VALUES (497, 1004);
INSERT INTO `partitEsdeveniment` VALUES (498, 1005);
INSERT INTO `partitEsdeveniment` VALUES (498, 1006);
INSERT INTO `partitEsdeveniment` VALUES (499, 1007);
INSERT INTO `partitEsdeveniment` VALUES (499, 1008);
INSERT INTO `partitEsdeveniment` VALUES (500, 1009);
INSERT INTO `partitEsdeveniment` VALUES (500, 1010);

-- ----------------------------
-- Table structure for partitJugador
-- ----------------------------
DROP TABLE IF EXISTS `partitJugador`;
CREATE TABLE `partitJugador`  (
  `idPartit` int(11) NOT NULL,
  `idJugador` int(11) NOT NULL,
  PRIMARY KEY (`idPartit`, `idJugador`) USING BTREE,
  INDEX `idJugador`(`idJugador`) USING BTREE,
  CONSTRAINT `partitjugador_ibfk_1` FOREIGN KEY (`idPartit`) REFERENCES `partit` (`idPartit`) ON DELETE RESTRICT ON UPDATE RESTRICT,
  CONSTRAINT `partitjugador_ibfk_2` FOREIGN KEY (`idJugador`) REFERENCES `jugador` (`idJugador`) ON DELETE RESTRICT ON UPDATE RESTRICT
) ENGINE = InnoDB CHARACTER SET = utf8mb4 COLLATE = utf8mb4_spanish_ci ROW_FORMAT = Dynamic;

-- ----------------------------
-- Records of partitJugador
-- ----------------------------
INSERT INTO `partitJugador` VALUES (3, 51);
INSERT INTO `partitJugador` VALUES (3, 52);
INSERT INTO `partitJugador` VALUES (4, 53);
INSERT INTO `partitJugador` VALUES (4, 54);
INSERT INTO `partitJugador` VALUES (9, 61);
INSERT INTO `partitJugador` VALUES (9, 65);
INSERT INTO `partitJugador` VALUES (251, 52);
INSERT INTO `partitJugador` VALUES (251, 62);
INSERT INTO `partitJugador` VALUES (252, 53);
INSERT INTO `partitJugador` VALUES (252, 63);
INSERT INTO `partitJugador` VALUES (253, 54);
INSERT INTO `partitJugador` VALUES (253, 64);
INSERT INTO `partitJugador` VALUES (254, 55);
INSERT INTO `partitJugador` VALUES (254, 65);
INSERT INTO `partitJugador` VALUES (255, 56);
INSERT INTO `partitJugador` VALUES (255, 66);
INSERT INTO `partitJugador` VALUES (256, 57);
INSERT INTO `partitJugador` VALUES (256, 67);
INSERT INTO `partitJugador` VALUES (257, 58);
INSERT INTO `partitJugador` VALUES (257, 68);
INSERT INTO `partitJugador` VALUES (258, 59);
INSERT INTO `partitJugador` VALUES (258, 69);
INSERT INTO `partitJugador` VALUES (259, 60);
INSERT INTO `partitJugador` VALUES (259, 70);
INSERT INTO `partitJugador` VALUES (260, 61);
INSERT INTO `partitJugador` VALUES (260, 71);
INSERT INTO `partitJugador` VALUES (261, 62);
INSERT INTO `partitJugador` VALUES (261, 72);
INSERT INTO `partitJugador` VALUES (262, 63);
INSERT INTO `partitJugador` VALUES (262, 73);
INSERT INTO `partitJugador` VALUES (263, 64);
INSERT INTO `partitJugador` VALUES (263, 74);
INSERT INTO `partitJugador` VALUES (264, 65);
INSERT INTO `partitJugador` VALUES (264, 75);
INSERT INTO `partitJugador` VALUES (265, 66);
INSERT INTO `partitJugador` VALUES (265, 76);
INSERT INTO `partitJugador` VALUES (266, 67);
INSERT INTO `partitJugador` VALUES (266, 77);
INSERT INTO `partitJugador` VALUES (267, 68);
INSERT INTO `partitJugador` VALUES (267, 78);
INSERT INTO `partitJugador` VALUES (268, 69);
INSERT INTO `partitJugador` VALUES (268, 79);
INSERT INTO `partitJugador` VALUES (269, 70);
INSERT INTO `partitJugador` VALUES (269, 80);
INSERT INTO `partitJugador` VALUES (270, 71);
INSERT INTO `partitJugador` VALUES (270, 81);
INSERT INTO `partitJugador` VALUES (271, 72);
INSERT INTO `partitJugador` VALUES (271, 82);
INSERT INTO `partitJugador` VALUES (272, 73);
INSERT INTO `partitJugador` VALUES (272, 83);
INSERT INTO `partitJugador` VALUES (273, 74);
INSERT INTO `partitJugador` VALUES (273, 84);
INSERT INTO `partitJugador` VALUES (274, 75);
INSERT INTO `partitJugador` VALUES (274, 85);
INSERT INTO `partitJugador` VALUES (275, 76);
INSERT INTO `partitJugador` VALUES (275, 86);
INSERT INTO `partitJugador` VALUES (276, 77);
INSERT INTO `partitJugador` VALUES (276, 87);
INSERT INTO `partitJugador` VALUES (277, 78);
INSERT INTO `partitJugador` VALUES (277, 88);
INSERT INTO `partitJugador` VALUES (278, 79);
INSERT INTO `partitJugador` VALUES (278, 89);
INSERT INTO `partitJugador` VALUES (279, 80);
INSERT INTO `partitJugador` VALUES (279, 90);
INSERT INTO `partitJugador` VALUES (280, 81);
INSERT INTO `partitJugador` VALUES (280, 91);
INSERT INTO `partitJugador` VALUES (281, 82);
INSERT INTO `partitJugador` VALUES (281, 92);
INSERT INTO `partitJugador` VALUES (282, 83);
INSERT INTO `partitJugador` VALUES (282, 93);
INSERT INTO `partitJugador` VALUES (283, 84);
INSERT INTO `partitJugador` VALUES (283, 94);
INSERT INTO `partitJugador` VALUES (284, 85);
INSERT INTO `partitJugador` VALUES (284, 95);
INSERT INTO `partitJugador` VALUES (285, 86);
INSERT INTO `partitJugador` VALUES (285, 96);
INSERT INTO `partitJugador` VALUES (286, 87);
INSERT INTO `partitJugador` VALUES (286, 97);
INSERT INTO `partitJugador` VALUES (287, 88);
INSERT INTO `partitJugador` VALUES (287, 98);
INSERT INTO `partitJugador` VALUES (288, 89);
INSERT INTO `partitJugador` VALUES (288, 99);
INSERT INTO `partitJugador` VALUES (289, 90);
INSERT INTO `partitJugador` VALUES (289, 100);
INSERT INTO `partitJugador` VALUES (290, 51);
INSERT INTO `partitJugador` VALUES (290, 53);
INSERT INTO `partitJugador` VALUES (290, 91);
INSERT INTO `partitJugador` VALUES (291, 51);
INSERT INTO `partitJugador` VALUES (291, 52);
INSERT INTO `partitJugador` VALUES (291, 54);
INSERT INTO `partitJugador` VALUES (291, 92);
INSERT INTO `partitJugador` VALUES (292, 52);
INSERT INTO `partitJugador` VALUES (292, 53);
INSERT INTO `partitJugador` VALUES (292, 55);
INSERT INTO `partitJugador` VALUES (292, 93);
INSERT INTO `partitJugador` VALUES (293, 54);
INSERT INTO `partitJugador` VALUES (293, 94);
INSERT INTO `partitJugador` VALUES (294, 55);
INSERT INTO `partitJugador` VALUES (294, 95);
INSERT INTO `partitJugador` VALUES (295, 56);
INSERT INTO `partitJugador` VALUES (295, 96);
INSERT INTO `partitJugador` VALUES (296, 57);
INSERT INTO `partitJugador` VALUES (296, 97);
INSERT INTO `partitJugador` VALUES (297, 58);
INSERT INTO `partitJugador` VALUES (297, 98);
INSERT INTO `partitJugador` VALUES (298, 59);
INSERT INTO `partitJugador` VALUES (298, 99);
INSERT INTO `partitJugador` VALUES (299, 60);
INSERT INTO `partitJugador` VALUES (299, 100);
INSERT INTO `partitJugador` VALUES (300, 51);
INSERT INTO `partitJugador` VALUES (300, 61);
INSERT INTO `partitJugador` VALUES (301, 52);
INSERT INTO `partitJugador` VALUES (301, 62);
INSERT INTO `partitJugador` VALUES (302, 53);
INSERT INTO `partitJugador` VALUES (302, 63);
INSERT INTO `partitJugador` VALUES (303, 54);
INSERT INTO `partitJugador` VALUES (303, 64);
INSERT INTO `partitJugador` VALUES (304, 55);
INSERT INTO `partitJugador` VALUES (304, 65);
INSERT INTO `partitJugador` VALUES (305, 56);
INSERT INTO `partitJugador` VALUES (305, 66);
INSERT INTO `partitJugador` VALUES (306, 57);
INSERT INTO `partitJugador` VALUES (306, 67);
INSERT INTO `partitJugador` VALUES (307, 58);
INSERT INTO `partitJugador` VALUES (307, 68);
INSERT INTO `partitJugador` VALUES (308, 59);
INSERT INTO `partitJugador` VALUES (308, 69);
INSERT INTO `partitJugador` VALUES (309, 60);
INSERT INTO `partitJugador` VALUES (309, 70);
INSERT INTO `partitJugador` VALUES (310, 61);
INSERT INTO `partitJugador` VALUES (310, 71);
INSERT INTO `partitJugador` VALUES (311, 62);
INSERT INTO `partitJugador` VALUES (311, 72);
INSERT INTO `partitJugador` VALUES (312, 63);
INSERT INTO `partitJugador` VALUES (312, 73);
INSERT INTO `partitJugador` VALUES (313, 64);
INSERT INTO `partitJugador` VALUES (313, 74);
INSERT INTO `partitJugador` VALUES (314, 65);
INSERT INTO `partitJugador` VALUES (314, 75);
INSERT INTO `partitJugador` VALUES (315, 66);
INSERT INTO `partitJugador` VALUES (315, 76);
INSERT INTO `partitJugador` VALUES (316, 67);
INSERT INTO `partitJugador` VALUES (316, 77);
INSERT INTO `partitJugador` VALUES (317, 68);
INSERT INTO `partitJugador` VALUES (317, 78);
INSERT INTO `partitJugador` VALUES (318, 69);
INSERT INTO `partitJugador` VALUES (318, 79);
INSERT INTO `partitJugador` VALUES (319, 70);
INSERT INTO `partitJugador` VALUES (319, 80);
INSERT INTO `partitJugador` VALUES (320, 71);
INSERT INTO `partitJugador` VALUES (320, 81);
INSERT INTO `partitJugador` VALUES (321, 72);
INSERT INTO `partitJugador` VALUES (321, 82);
INSERT INTO `partitJugador` VALUES (322, 73);
INSERT INTO `partitJugador` VALUES (322, 83);
INSERT INTO `partitJugador` VALUES (323, 74);
INSERT INTO `partitJugador` VALUES (323, 84);
INSERT INTO `partitJugador` VALUES (324, 75);
INSERT INTO `partitJugador` VALUES (324, 85);
INSERT INTO `partitJugador` VALUES (325, 76);
INSERT INTO `partitJugador` VALUES (325, 86);
INSERT INTO `partitJugador` VALUES (326, 77);
INSERT INTO `partitJugador` VALUES (326, 87);
INSERT INTO `partitJugador` VALUES (327, 78);
INSERT INTO `partitJugador` VALUES (327, 88);
INSERT INTO `partitJugador` VALUES (328, 79);
INSERT INTO `partitJugador` VALUES (328, 89);
INSERT INTO `partitJugador` VALUES (329, 80);
INSERT INTO `partitJugador` VALUES (329, 90);
INSERT INTO `partitJugador` VALUES (330, 81);
INSERT INTO `partitJugador` VALUES (330, 91);
INSERT INTO `partitJugador` VALUES (331, 82);
INSERT INTO `partitJugador` VALUES (331, 92);
INSERT INTO `partitJugador` VALUES (332, 83);
INSERT INTO `partitJugador` VALUES (332, 93);
INSERT INTO `partitJugador` VALUES (333, 84);
INSERT INTO `partitJugador` VALUES (333, 94);
INSERT INTO `partitJugador` VALUES (334, 85);
INSERT INTO `partitJugador` VALUES (334, 95);
INSERT INTO `partitJugador` VALUES (335, 86);
INSERT INTO `partitJugador` VALUES (335, 96);
INSERT INTO `partitJugador` VALUES (336, 87);
INSERT INTO `partitJugador` VALUES (336, 97);
INSERT INTO `partitJugador` VALUES (337, 88);
INSERT INTO `partitJugador` VALUES (337, 98);
INSERT INTO `partitJugador` VALUES (338, 89);
INSERT INTO `partitJugador` VALUES (338, 99);
INSERT INTO `partitJugador` VALUES (339, 90);
INSERT INTO `partitJugador` VALUES (339, 100);
INSERT INTO `partitJugador` VALUES (340, 51);
INSERT INTO `partitJugador` VALUES (340, 91);
INSERT INTO `partitJugador` VALUES (341, 52);
INSERT INTO `partitJugador` VALUES (341, 92);
INSERT INTO `partitJugador` VALUES (342, 53);
INSERT INTO `partitJugador` VALUES (342, 93);
INSERT INTO `partitJugador` VALUES (343, 54);
INSERT INTO `partitJugador` VALUES (343, 94);
INSERT INTO `partitJugador` VALUES (344, 55);
INSERT INTO `partitJugador` VALUES (344, 95);
INSERT INTO `partitJugador` VALUES (345, 56);
INSERT INTO `partitJugador` VALUES (345, 96);
INSERT INTO `partitJugador` VALUES (346, 57);
INSERT INTO `partitJugador` VALUES (346, 97);
INSERT INTO `partitJugador` VALUES (347, 58);
INSERT INTO `partitJugador` VALUES (347, 98);
INSERT INTO `partitJugador` VALUES (348, 59);
INSERT INTO `partitJugador` VALUES (348, 99);
INSERT INTO `partitJugador` VALUES (349, 60);
INSERT INTO `partitJugador` VALUES (349, 100);
INSERT INTO `partitJugador` VALUES (350, 51);
INSERT INTO `partitJugador` VALUES (350, 61);
INSERT INTO `partitJugador` VALUES (351, 52);
INSERT INTO `partitJugador` VALUES (351, 62);
INSERT INTO `partitJugador` VALUES (352, 53);
INSERT INTO `partitJugador` VALUES (352, 63);
INSERT INTO `partitJugador` VALUES (353, 54);
INSERT INTO `partitJugador` VALUES (353, 64);
INSERT INTO `partitJugador` VALUES (354, 55);
INSERT INTO `partitJugador` VALUES (354, 65);
INSERT INTO `partitJugador` VALUES (355, 56);
INSERT INTO `partitJugador` VALUES (355, 66);
INSERT INTO `partitJugador` VALUES (356, 57);
INSERT INTO `partitJugador` VALUES (356, 67);
INSERT INTO `partitJugador` VALUES (357, 58);
INSERT INTO `partitJugador` VALUES (357, 68);
INSERT INTO `partitJugador` VALUES (358, 59);
INSERT INTO `partitJugador` VALUES (358, 69);
INSERT INTO `partitJugador` VALUES (359, 60);
INSERT INTO `partitJugador` VALUES (359, 70);
INSERT INTO `partitJugador` VALUES (360, 61);
INSERT INTO `partitJugador` VALUES (360, 71);
INSERT INTO `partitJugador` VALUES (361, 62);
INSERT INTO `partitJugador` VALUES (361, 72);
INSERT INTO `partitJugador` VALUES (362, 63);
INSERT INTO `partitJugador` VALUES (362, 73);
INSERT INTO `partitJugador` VALUES (363, 64);
INSERT INTO `partitJugador` VALUES (363, 74);
INSERT INTO `partitJugador` VALUES (364, 65);
INSERT INTO `partitJugador` VALUES (364, 75);
INSERT INTO `partitJugador` VALUES (365, 66);
INSERT INTO `partitJugador` VALUES (365, 76);
INSERT INTO `partitJugador` VALUES (366, 67);
INSERT INTO `partitJugador` VALUES (366, 77);
INSERT INTO `partitJugador` VALUES (367, 68);
INSERT INTO `partitJugador` VALUES (367, 78);
INSERT INTO `partitJugador` VALUES (368, 69);
INSERT INTO `partitJugador` VALUES (368, 79);
INSERT INTO `partitJugador` VALUES (369, 70);
INSERT INTO `partitJugador` VALUES (369, 80);
INSERT INTO `partitJugador` VALUES (370, 71);
INSERT INTO `partitJugador` VALUES (370, 81);
INSERT INTO `partitJugador` VALUES (371, 72);
INSERT INTO `partitJugador` VALUES (371, 82);
INSERT INTO `partitJugador` VALUES (372, 73);
INSERT INTO `partitJugador` VALUES (372, 83);
INSERT INTO `partitJugador` VALUES (373, 74);
INSERT INTO `partitJugador` VALUES (373, 84);
INSERT INTO `partitJugador` VALUES (374, 75);
INSERT INTO `partitJugador` VALUES (374, 85);
INSERT INTO `partitJugador` VALUES (375, 76);
INSERT INTO `partitJugador` VALUES (375, 86);
INSERT INTO `partitJugador` VALUES (376, 77);
INSERT INTO `partitJugador` VALUES (376, 87);
INSERT INTO `partitJugador` VALUES (377, 78);
INSERT INTO `partitJugador` VALUES (377, 88);
INSERT INTO `partitJugador` VALUES (378, 79);
INSERT INTO `partitJugador` VALUES (378, 89);
INSERT INTO `partitJugador` VALUES (379, 80);
INSERT INTO `partitJugador` VALUES (379, 90);
INSERT INTO `partitJugador` VALUES (380, 81);
INSERT INTO `partitJugador` VALUES (380, 91);
INSERT INTO `partitJugador` VALUES (381, 82);
INSERT INTO `partitJugador` VALUES (381, 92);
INSERT INTO `partitJugador` VALUES (382, 83);
INSERT INTO `partitJugador` VALUES (382, 93);
INSERT INTO `partitJugador` VALUES (383, 84);
INSERT INTO `partitJugador` VALUES (383, 94);
INSERT INTO `partitJugador` VALUES (384, 85);
INSERT INTO `partitJugador` VALUES (384, 95);
INSERT INTO `partitJugador` VALUES (385, 86);
INSERT INTO `partitJugador` VALUES (385, 96);
INSERT INTO `partitJugador` VALUES (386, 87);
INSERT INTO `partitJugador` VALUES (386, 97);
INSERT INTO `partitJugador` VALUES (387, 88);
INSERT INTO `partitJugador` VALUES (387, 98);
INSERT INTO `partitJugador` VALUES (388, 89);
INSERT INTO `partitJugador` VALUES (388, 99);
INSERT INTO `partitJugador` VALUES (389, 90);
INSERT INTO `partitJugador` VALUES (389, 100);
INSERT INTO `partitJugador` VALUES (390, 51);
INSERT INTO `partitJugador` VALUES (390, 91);
INSERT INTO `partitJugador` VALUES (391, 52);
INSERT INTO `partitJugador` VALUES (391, 92);
INSERT INTO `partitJugador` VALUES (392, 53);
INSERT INTO `partitJugador` VALUES (392, 93);
INSERT INTO `partitJugador` VALUES (393, 54);
INSERT INTO `partitJugador` VALUES (393, 94);
INSERT INTO `partitJugador` VALUES (394, 55);
INSERT INTO `partitJugador` VALUES (394, 95);
INSERT INTO `partitJugador` VALUES (395, 56);
INSERT INTO `partitJugador` VALUES (395, 96);
INSERT INTO `partitJugador` VALUES (396, 57);
INSERT INTO `partitJugador` VALUES (396, 97);
INSERT INTO `partitJugador` VALUES (397, 58);
INSERT INTO `partitJugador` VALUES (397, 98);
INSERT INTO `partitJugador` VALUES (398, 59);
INSERT INTO `partitJugador` VALUES (398, 99);
INSERT INTO `partitJugador` VALUES (399, 60);
INSERT INTO `partitJugador` VALUES (399, 100);
INSERT INTO `partitJugador` VALUES (400, 51);
INSERT INTO `partitJugador` VALUES (400, 61);
INSERT INTO `partitJugador` VALUES (401, 52);
INSERT INTO `partitJugador` VALUES (401, 62);
INSERT INTO `partitJugador` VALUES (402, 53);
INSERT INTO `partitJugador` VALUES (402, 63);
INSERT INTO `partitJugador` VALUES (403, 54);
INSERT INTO `partitJugador` VALUES (403, 64);
INSERT INTO `partitJugador` VALUES (404, 55);
INSERT INTO `partitJugador` VALUES (404, 65);
INSERT INTO `partitJugador` VALUES (405, 56);
INSERT INTO `partitJugador` VALUES (405, 66);
INSERT INTO `partitJugador` VALUES (406, 57);
INSERT INTO `partitJugador` VALUES (406, 67);
INSERT INTO `partitJugador` VALUES (407, 58);
INSERT INTO `partitJugador` VALUES (407, 68);
INSERT INTO `partitJugador` VALUES (408, 59);
INSERT INTO `partitJugador` VALUES (408, 69);
INSERT INTO `partitJugador` VALUES (409, 60);
INSERT INTO `partitJugador` VALUES (409, 70);
INSERT INTO `partitJugador` VALUES (410, 61);
INSERT INTO `partitJugador` VALUES (410, 71);
INSERT INTO `partitJugador` VALUES (411, 62);
INSERT INTO `partitJugador` VALUES (411, 72);
INSERT INTO `partitJugador` VALUES (412, 63);
INSERT INTO `partitJugador` VALUES (412, 73);
INSERT INTO `partitJugador` VALUES (413, 64);
INSERT INTO `partitJugador` VALUES (413, 74);
INSERT INTO `partitJugador` VALUES (414, 65);
INSERT INTO `partitJugador` VALUES (414, 75);
INSERT INTO `partitJugador` VALUES (415, 66);
INSERT INTO `partitJugador` VALUES (415, 76);
INSERT INTO `partitJugador` VALUES (416, 67);
INSERT INTO `partitJugador` VALUES (416, 77);
INSERT INTO `partitJugador` VALUES (417, 68);
INSERT INTO `partitJugador` VALUES (417, 78);
INSERT INTO `partitJugador` VALUES (418, 69);
INSERT INTO `partitJugador` VALUES (418, 79);
INSERT INTO `partitJugador` VALUES (419, 70);
INSERT INTO `partitJugador` VALUES (419, 80);
INSERT INTO `partitJugador` VALUES (420, 71);
INSERT INTO `partitJugador` VALUES (420, 81);
INSERT INTO `partitJugador` VALUES (421, 72);
INSERT INTO `partitJugador` VALUES (421, 82);
INSERT INTO `partitJugador` VALUES (422, 73);
INSERT INTO `partitJugador` VALUES (422, 83);
INSERT INTO `partitJugador` VALUES (423, 74);
INSERT INTO `partitJugador` VALUES (423, 84);
INSERT INTO `partitJugador` VALUES (424, 75);
INSERT INTO `partitJugador` VALUES (424, 85);
INSERT INTO `partitJugador` VALUES (425, 76);
INSERT INTO `partitJugador` VALUES (425, 86);
INSERT INTO `partitJugador` VALUES (426, 77);
INSERT INTO `partitJugador` VALUES (426, 87);
INSERT INTO `partitJugador` VALUES (427, 78);
INSERT INTO `partitJugador` VALUES (427, 88);
INSERT INTO `partitJugador` VALUES (428, 79);
INSERT INTO `partitJugador` VALUES (428, 89);
INSERT INTO `partitJugador` VALUES (429, 80);
INSERT INTO `partitJugador` VALUES (429, 90);
INSERT INTO `partitJugador` VALUES (430, 81);
INSERT INTO `partitJugador` VALUES (430, 91);
INSERT INTO `partitJugador` VALUES (431, 82);
INSERT INTO `partitJugador` VALUES (431, 92);
INSERT INTO `partitJugador` VALUES (432, 83);
INSERT INTO `partitJugador` VALUES (432, 93);
INSERT INTO `partitJugador` VALUES (433, 84);
INSERT INTO `partitJugador` VALUES (433, 94);
INSERT INTO `partitJugador` VALUES (434, 85);
INSERT INTO `partitJugador` VALUES (434, 95);
INSERT INTO `partitJugador` VALUES (435, 86);
INSERT INTO `partitJugador` VALUES (435, 96);
INSERT INTO `partitJugador` VALUES (436, 87);
INSERT INTO `partitJugador` VALUES (436, 97);
INSERT INTO `partitJugador` VALUES (437, 88);
INSERT INTO `partitJugador` VALUES (437, 98);
INSERT INTO `partitJugador` VALUES (438, 89);
INSERT INTO `partitJugador` VALUES (438, 99);
INSERT INTO `partitJugador` VALUES (439, 90);
INSERT INTO `partitJugador` VALUES (439, 100);
INSERT INTO `partitJugador` VALUES (440, 51);
INSERT INTO `partitJugador` VALUES (440, 91);
INSERT INTO `partitJugador` VALUES (441, 52);
INSERT INTO `partitJugador` VALUES (441, 92);
INSERT INTO `partitJugador` VALUES (442, 53);
INSERT INTO `partitJugador` VALUES (442, 93);
INSERT INTO `partitJugador` VALUES (443, 54);
INSERT INTO `partitJugador` VALUES (443, 94);
INSERT INTO `partitJugador` VALUES (444, 55);
INSERT INTO `partitJugador` VALUES (444, 95);
INSERT INTO `partitJugador` VALUES (445, 56);
INSERT INTO `partitJugador` VALUES (445, 96);
INSERT INTO `partitJugador` VALUES (446, 57);
INSERT INTO `partitJugador` VALUES (446, 97);
INSERT INTO `partitJugador` VALUES (447, 58);
INSERT INTO `partitJugador` VALUES (447, 98);
INSERT INTO `partitJugador` VALUES (448, 59);
INSERT INTO `partitJugador` VALUES (448, 99);
INSERT INTO `partitJugador` VALUES (449, 60);
INSERT INTO `partitJugador` VALUES (449, 100);
INSERT INTO `partitJugador` VALUES (450, 51);
INSERT INTO `partitJugador` VALUES (450, 61);
INSERT INTO `partitJugador` VALUES (451, 52);
INSERT INTO `partitJugador` VALUES (451, 62);
INSERT INTO `partitJugador` VALUES (452, 53);
INSERT INTO `partitJugador` VALUES (452, 63);
INSERT INTO `partitJugador` VALUES (453, 54);
INSERT INTO `partitJugador` VALUES (453, 64);
INSERT INTO `partitJugador` VALUES (454, 55);
INSERT INTO `partitJugador` VALUES (454, 65);
INSERT INTO `partitJugador` VALUES (455, 56);
INSERT INTO `partitJugador` VALUES (455, 66);
INSERT INTO `partitJugador` VALUES (456, 57);
INSERT INTO `partitJugador` VALUES (456, 67);
INSERT INTO `partitJugador` VALUES (457, 58);
INSERT INTO `partitJugador` VALUES (457, 68);
INSERT INTO `partitJugador` VALUES (458, 59);
INSERT INTO `partitJugador` VALUES (458, 69);
INSERT INTO `partitJugador` VALUES (459, 60);
INSERT INTO `partitJugador` VALUES (459, 70);
INSERT INTO `partitJugador` VALUES (460, 61);
INSERT INTO `partitJugador` VALUES (460, 71);
INSERT INTO `partitJugador` VALUES (461, 62);
INSERT INTO `partitJugador` VALUES (461, 72);
INSERT INTO `partitJugador` VALUES (462, 63);
INSERT INTO `partitJugador` VALUES (462, 73);
INSERT INTO `partitJugador` VALUES (463, 64);
INSERT INTO `partitJugador` VALUES (463, 74);
INSERT INTO `partitJugador` VALUES (464, 65);
INSERT INTO `partitJugador` VALUES (464, 75);
INSERT INTO `partitJugador` VALUES (465, 66);
INSERT INTO `partitJugador` VALUES (465, 76);
INSERT INTO `partitJugador` VALUES (466, 67);
INSERT INTO `partitJugador` VALUES (466, 77);
INSERT INTO `partitJugador` VALUES (467, 68);
INSERT INTO `partitJugador` VALUES (467, 78);
INSERT INTO `partitJugador` VALUES (468, 69);
INSERT INTO `partitJugador` VALUES (468, 79);
INSERT INTO `partitJugador` VALUES (469, 70);
INSERT INTO `partitJugador` VALUES (469, 80);
INSERT INTO `partitJugador` VALUES (470, 71);
INSERT INTO `partitJugador` VALUES (470, 81);
INSERT INTO `partitJugador` VALUES (471, 72);
INSERT INTO `partitJugador` VALUES (471, 82);
INSERT INTO `partitJugador` VALUES (472, 73);
INSERT INTO `partitJugador` VALUES (472, 83);
INSERT INTO `partitJugador` VALUES (473, 74);
INSERT INTO `partitJugador` VALUES (473, 84);
INSERT INTO `partitJugador` VALUES (474, 75);
INSERT INTO `partitJugador` VALUES (474, 85);
INSERT INTO `partitJugador` VALUES (475, 76);
INSERT INTO `partitJugador` VALUES (475, 86);
INSERT INTO `partitJugador` VALUES (476, 77);
INSERT INTO `partitJugador` VALUES (476, 87);
INSERT INTO `partitJugador` VALUES (477, 78);
INSERT INTO `partitJugador` VALUES (477, 88);
INSERT INTO `partitJugador` VALUES (478, 79);
INSERT INTO `partitJugador` VALUES (478, 89);
INSERT INTO `partitJugador` VALUES (479, 80);
INSERT INTO `partitJugador` VALUES (479, 90);
INSERT INTO `partitJugador` VALUES (480, 81);
INSERT INTO `partitJugador` VALUES (480, 91);
INSERT INTO `partitJugador` VALUES (481, 82);
INSERT INTO `partitJugador` VALUES (481, 92);
INSERT INTO `partitJugador` VALUES (482, 83);
INSERT INTO `partitJugador` VALUES (482, 93);
INSERT INTO `partitJugador` VALUES (483, 84);
INSERT INTO `partitJugador` VALUES (483, 94);
INSERT INTO `partitJugador` VALUES (484, 85);
INSERT INTO `partitJugador` VALUES (484, 95);
INSERT INTO `partitJugador` VALUES (485, 86);
INSERT INTO `partitJugador` VALUES (485, 96);
INSERT INTO `partitJugador` VALUES (486, 87);
INSERT INTO `partitJugador` VALUES (486, 97);
INSERT INTO `partitJugador` VALUES (487, 88);
INSERT INTO `partitJugador` VALUES (487, 98);
INSERT INTO `partitJugador` VALUES (488, 89);
INSERT INTO `partitJugador` VALUES (488, 99);
INSERT INTO `partitJugador` VALUES (489, 90);
INSERT INTO `partitJugador` VALUES (489, 100);
INSERT INTO `partitJugador` VALUES (490, 51);
INSERT INTO `partitJugador` VALUES (490, 91);
INSERT INTO `partitJugador` VALUES (491, 52);
INSERT INTO `partitJugador` VALUES (491, 92);
INSERT INTO `partitJugador` VALUES (492, 53);
INSERT INTO `partitJugador` VALUES (492, 93);
INSERT INTO `partitJugador` VALUES (493, 54);
INSERT INTO `partitJugador` VALUES (493, 94);
INSERT INTO `partitJugador` VALUES (494, 55);
INSERT INTO `partitJugador` VALUES (494, 95);
INSERT INTO `partitJugador` VALUES (495, 56);
INSERT INTO `partitJugador` VALUES (495, 96);
INSERT INTO `partitJugador` VALUES (496, 57);
INSERT INTO `partitJugador` VALUES (496, 97);
INSERT INTO `partitJugador` VALUES (497, 58);
INSERT INTO `partitJugador` VALUES (497, 98);
INSERT INTO `partitJugador` VALUES (498, 59);
INSERT INTO `partitJugador` VALUES (498, 99);
INSERT INTO `partitJugador` VALUES (499, 60);
INSERT INTO `partitJugador` VALUES (499, 100);
INSERT INTO `partitJugador` VALUES (500, 51);
INSERT INTO `partitJugador` VALUES (500, 61);
INSERT INTO `partitJugador` VALUES (501, 52);
INSERT INTO `partitJugador` VALUES (501, 62);
INSERT INTO `partitJugador` VALUES (502, 53);
INSERT INTO `partitJugador` VALUES (502, 63);
INSERT INTO `partitJugador` VALUES (503, 54);
INSERT INTO `partitJugador` VALUES (503, 64);
INSERT INTO `partitJugador` VALUES (504, 55);
INSERT INTO `partitJugador` VALUES (504, 65);
INSERT INTO `partitJugador` VALUES (505, 56);
INSERT INTO `partitJugador` VALUES (505, 66);
INSERT INTO `partitJugador` VALUES (506, 57);
INSERT INTO `partitJugador` VALUES (506, 67);
INSERT INTO `partitJugador` VALUES (507, 58);
INSERT INTO `partitJugador` VALUES (507, 68);
INSERT INTO `partitJugador` VALUES (508, 59);
INSERT INTO `partitJugador` VALUES (508, 69);
INSERT INTO `partitJugador` VALUES (509, 60);
INSERT INTO `partitJugador` VALUES (509, 70);
INSERT INTO `partitJugador` VALUES (510, 61);
INSERT INTO `partitJugador` VALUES (510, 71);
INSERT INTO `partitJugador` VALUES (511, 62);
INSERT INTO `partitJugador` VALUES (511, 72);
INSERT INTO `partitJugador` VALUES (512, 63);
INSERT INTO `partitJugador` VALUES (512, 73);

-- ----------------------------
-- Table structure for penalitzacio
-- ----------------------------
DROP TABLE IF EXISTS `penalitzacio`;
CREATE TABLE `penalitzacio`  (
  `idPenalitzacio` int(11) NOT NULL AUTO_INCREMENT,
  `nom` varchar(255) CHARACTER SET utf8mb4 COLLATE utf8mb4_spanish_ci NOT NULL,
  `tipus` varchar(255) CHARACTER SET utf8mb4 COLLATE utf8mb4_spanish_ci NOT NULL,
  `valor` varchar(255) CHARACTER SET utf8mb4 COLLATE utf8mb4_spanish_ci NOT NULL,
  PRIMARY KEY (`idPenalitzacio`) USING BTREE,
  INDEX `idPenalitzacio`(`idPenalitzacio`) USING BTREE
) ENGINE = InnoDB AUTO_INCREMENT = 280 CHARACTER SET = utf8mb4 COLLATE = utf8mb4_spanish_ci ROW_FORMAT = Dynamic;

-- ----------------------------
-- Records of penalitzacio
-- ----------------------------
INSERT INTO `penalitzacio` VALUES (1, 'Avís verbal', 'Advertència', '0');
INSERT INTO `penalitzacio` VALUES (2, 'Targeta Groga', 'Amonestació', '1');
INSERT INTO `penalitzacio` VALUES (3, 'Targeta Vermella', 'Expulsió', '1');
INSERT INTO `penalitzacio` VALUES (4, 'Doble Groga', 'Expulsió', '2');
INSERT INTO `penalitzacio` VALUES (5, 'Exclusió temporal', 'Temps', '2 minuts');
INSERT INTO `penalitzacio` VALUES (6, 'Exclusió handbol', 'Temps', '5 minuts');
INSERT INTO `penalitzacio` VALUES (7, 'Penalty box', 'Temps', '10 minuts');
INSERT INTO `penalitzacio` VALUES (8, 'Multa lleu', 'Econòmica', '100€');
INSERT INTO `penalitzacio` VALUES (9, 'Multa greu', 'Econòmica', '1000€');
INSERT INTO `penalitzacio` VALUES (10, 'Suspensió 1 partit', 'Partits', '1');
INSERT INTO `penalitzacio` VALUES (11, 'Suspensió 3 partits', 'Partits', '3');
INSERT INTO `penalitzacio` VALUES (12, 'Suspensió temporada', 'Partits', 'Tota');
INSERT INTO `penalitzacio` VALUES (13, 'Pèrdua de punts', 'Puntuació', '3 punts');
INSERT INTO `penalitzacio` VALUES (14, 'Tancament estadi', 'Sanció', '1 partit');
INSERT INTO `penalitzacio` VALUES (15, 'Advertència tècnica', 'Tècnica', '0');
INSERT INTO `penalitzacio` VALUES (16, 'Falta personal 1', 'Comulativa', '1');
INSERT INTO `penalitzacio` VALUES (17, 'Falta personal 2', 'Comulativa', '2');
INSERT INTO `penalitzacio` VALUES (18, 'Falta personal 3', 'Comulativa', '3');
INSERT INTO `penalitzacio` VALUES (19, 'Falta personal 4', 'Comulativa', '4');
INSERT INTO `penalitzacio` VALUES (20, 'Falta personal 5 (Expulsió)', 'Comulativa', '5');
INSERT INTO `penalitzacio` VALUES (21, 'Ús de substàncies prohibides', 'Mèdica/Bio', '2 anys de suspensió');
INSERT INTO `penalitzacio` VALUES (22, 'Pèrdua de temps sistemàtica', 'Competició', 'Targeta groga');
INSERT INTO `penalitzacio` VALUES (23, 'Infracció de vestimenta', 'Tècnica', 'Correcció immediata');
INSERT INTO `penalitzacio` VALUES (24, 'Dopatge tecnològic', 'Mèdica/Bio', 'Desqualificació de per vida');
INSERT INTO `penalitzacio` VALUES (25, 'Infracció de llista d\'inscrits', 'Tècnica', 'Multa de 2000€');
INSERT INTO `penalitzacio` VALUES (26, 'Falta de respecte al jutge', 'Tècnica', 'Suspensió de 3 partits');
INSERT INTO `penalitzacio` VALUES (27, 'Abandonament de la pista', 'Competició', 'Derrota per WO');
INSERT INTO `penalitzacio` VALUES (28, 'Publicitat no permesa', 'Tècnica', 'Multa de 5000€');
INSERT INTO `penalitzacio` VALUES (29, 'Infracció de protocol mèdic', 'Mèdica/Bio', 'Advertència per escrit');
INSERT INTO `penalitzacio` VALUES (30, 'Violació de rellotge de tir', 'Competició', 'Pèrdua de possessió');
INSERT INTO `penalitzacio` VALUES (31, 'Ús de substàncies prohibides', 'Mèdica/Bio', '2 anys de suspensió');
INSERT INTO `penalitzacio` VALUES (32, 'Pèrdua de temps sistemàtica', 'Competició', 'Targeta groga');
INSERT INTO `penalitzacio` VALUES (33, 'Infracció de vestimenta', 'Tècnica', 'Correcció immediata');
INSERT INTO `penalitzacio` VALUES (34, 'Dopatge tecnològic', 'Mèdica/Bio', 'Desqualificació de per vida');
INSERT INTO `penalitzacio` VALUES (35, 'Infracció de llista d\'inscrits', 'Tècnica', 'Multa de 2000€');
INSERT INTO `penalitzacio` VALUES (36, 'Falta de respecte al jutge', 'Tècnica', 'Suspensió de 3 partits');
INSERT INTO `penalitzacio` VALUES (37, 'Abandonament de la pista', 'Competició', 'Derrota per WO');
INSERT INTO `penalitzacio` VALUES (38, 'Publicitat no permesa', 'Tècnica', 'Multa de 5000€');
INSERT INTO `penalitzacio` VALUES (39, 'Infracció de protocol mèdic', 'Mèdica/Bio', 'Advertència per escrit');
INSERT INTO `penalitzacio` VALUES (40, 'Violació de rellotge de tir', 'Competició', 'Pèrdua de possessió');
INSERT INTO `penalitzacio` VALUES (41, 'Ús de substàncies prohibides', 'Mèdica/Bio', '2 anys de suspensió');
INSERT INTO `penalitzacio` VALUES (42, 'Pèrdua de temps sistemàtica', 'Competició', 'Targeta groga');
INSERT INTO `penalitzacio` VALUES (43, 'Infracció de vestimenta', 'Tècnica', 'Correcció immediata');
INSERT INTO `penalitzacio` VALUES (44, 'Dopatge tecnològic', 'Mèdica/Bio', 'Desqualificació de per vida');
INSERT INTO `penalitzacio` VALUES (45, 'Infracció de llista d\'inscrits', 'Tècnica', 'Multa de 2000€');
INSERT INTO `penalitzacio` VALUES (46, 'Falta de respecte al jutge', 'Tècnica', 'Suspensió de 3 partits');
INSERT INTO `penalitzacio` VALUES (47, 'Abandonament de la pista', 'Competició', 'Derrota per WO');
INSERT INTO `penalitzacio` VALUES (48, 'Publicitat no permesa', 'Tècnica', 'Multa de 5000€');
INSERT INTO `penalitzacio` VALUES (49, 'Infracció de protocol mèdic', 'Mèdica/Bio', 'Advertència per escrit');
INSERT INTO `penalitzacio` VALUES (50, 'Violació de rellotge de tir', 'Competició', 'Pèrdua de possessió');
INSERT INTO `penalitzacio` VALUES (51, 'Ús de substàncies prohibides', 'Mèdica/Bio', '2 anys de suspensió');
INSERT INTO `penalitzacio` VALUES (52, 'Pèrdua de temps sistemàtica', 'Competició', 'Targeta groga');
INSERT INTO `penalitzacio` VALUES (53, 'Infracció de vestimenta', 'Tècnica', 'Correcció immediata');
INSERT INTO `penalitzacio` VALUES (54, 'Dopatge tecnològic', 'Mèdica/Bio', 'Desqualificació de per vida');
INSERT INTO `penalitzacio` VALUES (55, 'Infracció de llista d\'inscrits', 'Tècnica', 'Multa de 2000€');
INSERT INTO `penalitzacio` VALUES (56, 'Falta de respecte al jutge', 'Tècnica', 'Suspensió de 3 partits');
INSERT INTO `penalitzacio` VALUES (57, 'Abandonament de la pista', 'Competició', 'Derrota per WO');
INSERT INTO `penalitzacio` VALUES (58, 'Publicitat no permesa', 'Tècnica', 'Multa de 5000€');
INSERT INTO `penalitzacio` VALUES (59, 'Infracció de protocol mèdic', 'Mèdica/Bio', 'Advertència per escrit');
INSERT INTO `penalitzacio` VALUES (60, 'Violació de rellotge de tir', 'Competició', 'Pèrdua de possessió');
INSERT INTO `penalitzacio` VALUES (61, 'Ús de substàncies prohibides', 'Mèdica/Bio', '2 anys de suspensió');
INSERT INTO `penalitzacio` VALUES (62, 'Pèrdua de temps sistemàtica', 'Competició', 'Targeta groga');
INSERT INTO `penalitzacio` VALUES (63, 'Infracció de vestimenta', 'Tècnica', 'Correcció immediata');
INSERT INTO `penalitzacio` VALUES (64, 'Dopatge tecnològic', 'Mèdica/Bio', 'Desqualificació de per vida');
INSERT INTO `penalitzacio` VALUES (65, 'Infracció de llista d\'inscrits', 'Tècnica', 'Multa de 2000€');
INSERT INTO `penalitzacio` VALUES (66, 'Falta de respecte al jutge', 'Tècnica', 'Suspensió de 3 partits');
INSERT INTO `penalitzacio` VALUES (67, 'Abandonament de la pista', 'Competició', 'Derrota per WO');
INSERT INTO `penalitzacio` VALUES (68, 'Publicitat no permesa', 'Tècnica', 'Multa de 5000€');
INSERT INTO `penalitzacio` VALUES (69, 'Infracció de protocol mèdic', 'Mèdica/Bio', 'Advertència per escrit');
INSERT INTO `penalitzacio` VALUES (70, 'Violació de rellotge de tir', 'Competició', 'Pèrdua de possessió');
INSERT INTO `penalitzacio` VALUES (71, 'Ús de substàncies prohibides', 'Mèdica/Bio', '2 anys de suspensió');
INSERT INTO `penalitzacio` VALUES (72, 'Pèrdua de temps sistemàtica', 'Competició', 'Targeta groga');
INSERT INTO `penalitzacio` VALUES (73, 'Infracció de vestimenta', 'Tècnica', 'Correcció immediata');
INSERT INTO `penalitzacio` VALUES (74, 'Dopatge tecnològic', 'Mèdica/Bio', 'Desqualificació de per vida');
INSERT INTO `penalitzacio` VALUES (75, 'Infracció de llista d\'inscrits', 'Tècnica', 'Multa de 2000€');
INSERT INTO `penalitzacio` VALUES (76, 'Falta de respecte al jutge', 'Tècnica', 'Suspensió de 3 partits');
INSERT INTO `penalitzacio` VALUES (77, 'Abandonament de la pista', 'Competició', 'Derrota per WO');
INSERT INTO `penalitzacio` VALUES (78, 'Publicitat no permesa', 'Tècnica', 'Multa de 5000€');
INSERT INTO `penalitzacio` VALUES (79, 'Infracció de protocol mèdic', 'Mèdica/Bio', 'Advertència per escrit');
INSERT INTO `penalitzacio` VALUES (80, 'Violació de rellotge de tir', 'Competició', 'Pèrdua de possessió');
INSERT INTO `penalitzacio` VALUES (81, 'Ús de substàncies prohibides', 'Mèdica/Bio', '2 anys de suspensió');
INSERT INTO `penalitzacio` VALUES (82, 'Pèrdua de temps sistemàtica', 'Competició', 'Targeta groga');
INSERT INTO `penalitzacio` VALUES (83, 'Infracció de vestimenta', 'Tècnica', 'Correcció immediata');
INSERT INTO `penalitzacio` VALUES (84, 'Dopatge tecnològic', 'Mèdica/Bio', 'Desqualificació de per vida');
INSERT INTO `penalitzacio` VALUES (85, 'Infracció de llista d\'inscrits', 'Tècnica', 'Multa de 2000€');
INSERT INTO `penalitzacio` VALUES (86, 'Falta de respecte al jutge', 'Tècnica', 'Suspensió de 3 partits');
INSERT INTO `penalitzacio` VALUES (87, 'Abandonament de la pista', 'Competició', 'Derrota per WO');
INSERT INTO `penalitzacio` VALUES (88, 'Publicitat no permesa', 'Tècnica', 'Multa de 5000€');
INSERT INTO `penalitzacio` VALUES (89, 'Infracció de protocol mèdic', 'Mèdica/Bio', 'Advertència per escrit');
INSERT INTO `penalitzacio` VALUES (90, 'Violació de rellotge de tir', 'Competició', 'Pèrdua de possessió');
INSERT INTO `penalitzacio` VALUES (91, 'Ús de substàncies prohibides', 'Mèdica/Bio', '2 anys de suspensió');
INSERT INTO `penalitzacio` VALUES (92, 'Pèrdua de temps sistemàtica', 'Competició', 'Targeta groga');
INSERT INTO `penalitzacio` VALUES (93, 'Infracció de vestimenta', 'Tècnica', 'Correcció immediata');
INSERT INTO `penalitzacio` VALUES (94, 'Dopatge tecnològic', 'Mèdica/Bio', 'Desqualificació de per vida');
INSERT INTO `penalitzacio` VALUES (95, 'Infracció de llista d\'inscrits', 'Tècnica', 'Multa de 2000€');
INSERT INTO `penalitzacio` VALUES (96, 'Falta de respecte al jutge', 'Tècnica', 'Suspensió de 3 partits');
INSERT INTO `penalitzacio` VALUES (97, 'Abandonament de la pista', 'Competició', 'Derrota per WO');
INSERT INTO `penalitzacio` VALUES (98, 'Publicitat no permesa', 'Tècnica', 'Multa de 5000€');
INSERT INTO `penalitzacio` VALUES (99, 'Infracció de protocol mèdic', 'Mèdica/Bio', 'Advertència per escrit');
INSERT INTO `penalitzacio` VALUES (100, 'Violació de rellotge de tir', 'Competició', 'Pèrdua de possessió');
INSERT INTO `penalitzacio` VALUES (101, 'Ús de substàncies prohibides', 'Mèdica/Bio', '2 anys de suspensió');
INSERT INTO `penalitzacio` VALUES (102, 'Pèrdua de temps sistemàtica', 'Competició', 'Targeta groga');
INSERT INTO `penalitzacio` VALUES (103, 'Infracció de vestimenta', 'Tècnica', 'Correcció immediata');
INSERT INTO `penalitzacio` VALUES (104, 'Dopatge tecnològic', 'Mèdica/Bio', 'Desqualificació de per vida');
INSERT INTO `penalitzacio` VALUES (105, 'Infracció de llista d\'inscrits', 'Tècnica', 'Multa de 2000€');
INSERT INTO `penalitzacio` VALUES (148, 'Suspensió de sou 1 mes', 'Econòmica', '1 mes de salari');
INSERT INTO `penalitzacio` VALUES (149, 'Multa de la Federació', 'Econòmica', '5000€');
INSERT INTO `penalitzacio` VALUES (150, 'Pèrdua de 3 punts', 'Esportiva', '3 punts');
INSERT INTO `penalitzacio` VALUES (151, 'Tancament parcial de grada', 'Estadi', '2 partits');
INSERT INTO `penalitzacio` VALUES (152, 'Prohibició d`entrada', 'Accés', '1 any');
INSERT INTO `penalitzacio` VALUES (153, 'Suspensió de sou i feina', 'Administrativa', '15 dies');
INSERT INTO `penalitzacio` VALUES (154, 'Treballs comunitaris', 'Disciplinària', '20 hores');
INSERT INTO `penalitzacio` VALUES (155, 'Sanció econòmica greu', 'Econòmica', '1500€');
INSERT INTO `penalitzacio` VALUES (156, 'Multa per comportament', 'Econòmica', '500€');
INSERT INTO `penalitzacio` VALUES (157, 'Suspensió de llicència', 'Administrativa', '6 mesos');
INSERT INTO `penalitzacio` VALUES (158, 'Pèrdua de punt de joc', 'Esportiva', '1 punt');
INSERT INTO `penalitzacio` VALUES (159, 'Amonestació oficial', 'Disciplinària', 'Sense cost');
INSERT INTO `penalitzacio` VALUES (160, 'Expulsió del recinte', 'Administrativa', '1 partit');
INSERT INTO `penalitzacio` VALUES (161, 'Retirada de punts de lliga', 'Esportiva', '3 punts');
INSERT INTO `penalitzacio` VALUES (162, 'Inhabilitació temporal', 'Administrativa', '1 any');
INSERT INTO `penalitzacio` VALUES (163, 'Tancament parcial d\'estadi', 'Econòmica', '2 partits');
INSERT INTO `penalitzacio` VALUES (164, 'Advertència tècnica', 'Esportiva', 'Avís');
INSERT INTO `penalitzacio` VALUES (165, 'Suspensió de sou i feina', 'Administrativa', '15 dies');
INSERT INTO `penalitzacio` VALUES (166, 'Treballs comunitaris', 'Disciplinària', '20 hores');
INSERT INTO `penalitzacio` VALUES (167, 'Sanció econòmica greu', 'Econòmica', '1500€');
INSERT INTO `penalitzacio` VALUES (168, 'Multa per comportament', 'Econòmica', '500€');
INSERT INTO `penalitzacio` VALUES (169, 'Suspensió de llicència', 'Administrativa', '6 mesos');
INSERT INTO `penalitzacio` VALUES (170, 'Pèrdua de punt de joc', 'Esportiva', '1 punt');
INSERT INTO `penalitzacio` VALUES (171, 'Amonestació oficial', 'Disciplinària', 'Sense cost');
INSERT INTO `penalitzacio` VALUES (172, 'Expulsió del recinte', 'Administrativa', '1 partit');
INSERT INTO `penalitzacio` VALUES (173, 'Retirada de punts de lliga', 'Esportiva', '3 punts');
INSERT INTO `penalitzacio` VALUES (174, 'Inhabilitació temporal', 'Administrativa', '1 any');
INSERT INTO `penalitzacio` VALUES (175, 'Tancament parcial d\'estadi', 'Econòmica', '2 partits');
INSERT INTO `penalitzacio` VALUES (176, 'Advertència tècnica', 'Esportiva', 'Avís');
INSERT INTO `penalitzacio` VALUES (177, 'Suspensió de sou i feina', 'Administrativa', '15 dies');
INSERT INTO `penalitzacio` VALUES (178, 'Treballs comunitaris', 'Disciplinària', '20 hores');
INSERT INTO `penalitzacio` VALUES (179, 'Sanció econòmica greu', 'Econòmica', '1500€');
INSERT INTO `penalitzacio` VALUES (180, 'Multa per comportament', 'Econòmica', '500€');
INSERT INTO `penalitzacio` VALUES (181, 'Suspensió de llicència', 'Administrativa', '6 mesos');
INSERT INTO `penalitzacio` VALUES (182, 'Pèrdua de punt de joc', 'Esportiva', '1 punt');
INSERT INTO `penalitzacio` VALUES (183, 'Amonestació oficial', 'Disciplinària', 'Sense cost');
INSERT INTO `penalitzacio` VALUES (184, 'Expulsió del recinte', 'Administrativa', '1 partit');
INSERT INTO `penalitzacio` VALUES (185, 'Retirada de punts de lliga', 'Esportiva', '3 punts');
INSERT INTO `penalitzacio` VALUES (186, 'Inhabilitació temporal', 'Administrativa', '1 any');
INSERT INTO `penalitzacio` VALUES (187, 'Tancament parcial d\'estadi', 'Econòmica', '2 partits');
INSERT INTO `penalitzacio` VALUES (188, 'Advertència tècnica', 'Esportiva', 'Avís');
INSERT INTO `penalitzacio` VALUES (189, 'Suspensió de sou i feina', 'Administrativa', '15 dies');
INSERT INTO `penalitzacio` VALUES (190, 'Treballs comunitaris', 'Disciplinària', '20 hores');
INSERT INTO `penalitzacio` VALUES (191, 'Sanció econòmica greu', 'Econòmica', '1500€');
INSERT INTO `penalitzacio` VALUES (192, 'Multa per comportament', 'Econòmica', '500€');
INSERT INTO `penalitzacio` VALUES (193, 'Suspensió de llicència', 'Administrativa', '6 mesos');
INSERT INTO `penalitzacio` VALUES (194, 'Pèrdua de punt de joc', 'Esportiva', '1 punt');
INSERT INTO `penalitzacio` VALUES (195, 'Amonestació oficial', 'Disciplinària', 'Sense cost');
INSERT INTO `penalitzacio` VALUES (196, 'Expulsió del recinte', 'Administrativa', '1 partit');
INSERT INTO `penalitzacio` VALUES (197, 'Retirada de punts de lliga', 'Esportiva', '3 punts');
INSERT INTO `penalitzacio` VALUES (198, 'Inhabilitació temporal', 'Administrativa', '1 any');
INSERT INTO `penalitzacio` VALUES (199, 'Tancament parcial d\'estadi', 'Econòmica', '2 partits');
INSERT INTO `penalitzacio` VALUES (200, 'Advertència tècnica', 'Esportiva', 'Avís');
INSERT INTO `penalitzacio` VALUES (201, 'Suspensió de sou i feina', 'Administrativa', '15 dies');
INSERT INTO `penalitzacio` VALUES (202, 'Treballs comunitaris', 'Disciplinària', '20 hores');
INSERT INTO `penalitzacio` VALUES (203, 'Sanció econòmica greu', 'Econòmica', '1500€');
INSERT INTO `penalitzacio` VALUES (204, 'Multa per comportament', 'Econòmica', '500€');
INSERT INTO `penalitzacio` VALUES (205, 'Suspensió de llicència', 'Administrativa', '6 mesos');
INSERT INTO `penalitzacio` VALUES (206, 'Pèrdua de punt de joc', 'Esportiva', '1 punt');
INSERT INTO `penalitzacio` VALUES (207, 'Amonestació oficial', 'Disciplinària', 'Sense cost');
INSERT INTO `penalitzacio` VALUES (208, 'Expulsió del recinte', 'Administrativa', '1 partit');
INSERT INTO `penalitzacio` VALUES (209, 'Retirada de punts de lliga', 'Esportiva', '3 punts');
INSERT INTO `penalitzacio` VALUES (210, 'Inhabilitació temporal', 'Administrativa', '1 any');
INSERT INTO `penalitzacio` VALUES (211, 'Tancament parcial d\'estadi', 'Econòmica', '2 partits');
INSERT INTO `penalitzacio` VALUES (212, 'Advertència tècnica', 'Esportiva', 'Avís');
INSERT INTO `penalitzacio` VALUES (213, 'Suspensió de sou i feina', 'Administrativa', '15 dies');
INSERT INTO `penalitzacio` VALUES (214, 'Treballs comunitaris', 'Disciplinària', '20 hores');
INSERT INTO `penalitzacio` VALUES (215, 'Sanció econòmica greu', 'Econòmica', '1500€');
INSERT INTO `penalitzacio` VALUES (216, 'Multa per comportament', 'Econòmica', '500€');
INSERT INTO `penalitzacio` VALUES (217, 'Suspensió de llicència', 'Administrativa', '6 mesos');
INSERT INTO `penalitzacio` VALUES (218, 'Pèrdua de punt de joc', 'Esportiva', '1 punt');
INSERT INTO `penalitzacio` VALUES (219, 'Amonestació oficial', 'Disciplinària', 'Sense cost');
INSERT INTO `penalitzacio` VALUES (220, 'Expulsió del recinte', 'Administrativa', '1 partit');
INSERT INTO `penalitzacio` VALUES (221, 'Retirada de punts de lliga', 'Esportiva', '3 punts');
INSERT INTO `penalitzacio` VALUES (222, 'Inhabilitació temporal', 'Administrativa', '1 any');
INSERT INTO `penalitzacio` VALUES (223, 'Tancament parcial d\'estadi', 'Econòmica', '2 partits');
INSERT INTO `penalitzacio` VALUES (224, 'Advertència tècnica', 'Esportiva', 'Avís');
INSERT INTO `penalitzacio` VALUES (225, 'Suspensió de sou i feina', 'Administrativa', '15 dies');
INSERT INTO `penalitzacio` VALUES (226, 'Treballs comunitaris', 'Disciplinària', '20 hores');
INSERT INTO `penalitzacio` VALUES (227, 'Sanció econòmica greu', 'Econòmica', '1500€');
INSERT INTO `penalitzacio` VALUES (228, 'Multa per comportament', 'Econòmica', '500€');
INSERT INTO `penalitzacio` VALUES (229, 'Suspensió de llicència', 'Administrativa', '6 mesos');
INSERT INTO `penalitzacio` VALUES (230, 'Pèrdua de punt de joc', 'Esportiva', '1 punt');
INSERT INTO `penalitzacio` VALUES (231, 'Amonestació oficial', 'Disciplinària', 'Sense cost');
INSERT INTO `penalitzacio` VALUES (232, 'Expulsió del recinte', 'Administrativa', '1 partit');
INSERT INTO `penalitzacio` VALUES (233, 'Retirada de punts de lliga', 'Esportiva', '3 punts');
INSERT INTO `penalitzacio` VALUES (234, 'Inhabilitació temporal', 'Administrativa', '1 any');
INSERT INTO `penalitzacio` VALUES (235, 'Tancament parcial d\'estadi', 'Econòmica', '2 partits');
INSERT INTO `penalitzacio` VALUES (236, 'Advertència tècnica', 'Esportiva', 'Avís');
INSERT INTO `penalitzacio` VALUES (237, 'Suspensió de sou i feina', 'Administrativa', '15 dies');
INSERT INTO `penalitzacio` VALUES (238, 'Treballs comunitaris', 'Disciplinària', '20 hores');
INSERT INTO `penalitzacio` VALUES (239, 'Sanció econòmica greu', 'Econòmica', '1500€');
INSERT INTO `penalitzacio` VALUES (240, 'Multa per comportament', 'Econòmica', '500€');
INSERT INTO `penalitzacio` VALUES (241, 'Suspensió de llicència', 'Administrativa', '6 mesos');
INSERT INTO `penalitzacio` VALUES (242, 'Pèrdua de punt de joc', 'Esportiva', '1 punt');
INSERT INTO `penalitzacio` VALUES (243, 'Amonestació oficial', 'Disciplinària', 'Sense cost');
INSERT INTO `penalitzacio` VALUES (244, 'Expulsió del recinte', 'Administrativa', '1 partit');
INSERT INTO `penalitzacio` VALUES (245, 'Retirada de punts de lliga', 'Esportiva', '3 punts');
INSERT INTO `penalitzacio` VALUES (246, 'Inhabilitació temporal', 'Administrativa', '1 any');
INSERT INTO `penalitzacio` VALUES (247, 'Tancament parcial d\'estadi', 'Econòmica', '2 partits');

-- ----------------------------
-- Table structure for reglament
-- ----------------------------
DROP TABLE IF EXISTS `reglament`;
CREATE TABLE `reglament`  (
  `idReglament` int(11) NOT NULL AUTO_INCREMENT,
  `nom` varchar(255) CHARACTER SET utf8mb4 COLLATE utf8mb4_spanish_ci NOT NULL,
  PRIMARY KEY (`idReglament`, `nom`) USING BTREE,
  INDEX `idReglament`(`idReglament`) USING BTREE
) ENGINE = InnoDB AUTO_INCREMENT = 11 CHARACTER SET = utf8mb4 COLLATE = utf8mb4_spanish_ci ROW_FORMAT = Dynamic;

-- ----------------------------
-- Records of reglament
-- ----------------------------
INSERT INTO `reglament` VALUES (1, 'FIFA 2024');
INSERT INTO `reglament` VALUES (2, 'FIBA Basketball');
INSERT INTO `reglament` VALUES (3, 'ATP Official');
INSERT INTO `reglament` VALUES (4, 'RFEF Regional');
INSERT INTO `reglament` VALUES (5, 'EHF Handball');
INSERT INTO `reglament` VALUES (6, 'WPT Padel Rules');
INSERT INTO `reglament` VALUES (7, 'FIVB Volley');
INSERT INTO `reglament` VALUES (8, 'LNFS Futsal');
INSERT INTO `reglament` VALUES (9, 'IRB Rugby Standards');
INSERT INTO `reglament` VALUES (10, 'IHD Hockey');

-- ----------------------------
-- Table structure for reglamentAccio
-- ----------------------------
DROP TABLE IF EXISTS `reglamentAccio`;
CREATE TABLE `reglamentAccio`  (
  `idReglament` int(11) NOT NULL,
  `idAccio` int(11) NOT NULL,
  PRIMARY KEY (`idReglament`, `idAccio`) USING BTREE,
  INDEX `idAccio`(`idAccio`) USING BTREE,
  CONSTRAINT `reglamentaccio_ibfk_1` FOREIGN KEY (`idReglament`) REFERENCES `reglament` (`idReglament`) ON DELETE RESTRICT ON UPDATE RESTRICT,
  CONSTRAINT `reglamentaccio_ibfk_2` FOREIGN KEY (`idAccio`) REFERENCES `accio` (`idAccio`) ON DELETE RESTRICT ON UPDATE RESTRICT
) ENGINE = InnoDB CHARACTER SET = utf8mb4 COLLATE = utf8mb4_spanish_ci ROW_FORMAT = Dynamic;

-- ----------------------------
-- Records of reglamentAccio
-- ----------------------------
INSERT INTO `reglamentAccio` VALUES (1, 1);
INSERT INTO `reglamentAccio` VALUES (1, 4);
INSERT INTO `reglamentAccio` VALUES (1, 7);
INSERT INTO `reglamentAccio` VALUES (1, 8);
INSERT INTO `reglamentAccio` VALUES (1, 9);
INSERT INTO `reglamentAccio` VALUES (1, 27);
INSERT INTO `reglamentAccio` VALUES (1, 28);
INSERT INTO `reglamentAccio` VALUES (1, 37);
INSERT INTO `reglamentAccio` VALUES (1, 38);
INSERT INTO `reglamentAccio` VALUES (1, 50);
INSERT INTO `reglamentAccio` VALUES (1, 60);
INSERT INTO `reglamentAccio` VALUES (1, 70);
INSERT INTO `reglamentAccio` VALUES (1, 80);
INSERT INTO `reglamentAccio` VALUES (1, 90);
INSERT INTO `reglamentAccio` VALUES (1, 100);
INSERT INTO `reglamentAccio` VALUES (1, 120);
INSERT INTO `reglamentAccio` VALUES (1, 130);
INSERT INTO `reglamentAccio` VALUES (1, 140);
INSERT INTO `reglamentAccio` VALUES (1, 150);
INSERT INTO `reglamentAccio` VALUES (1, 160);
INSERT INTO `reglamentAccio` VALUES (1, 170);
INSERT INTO `reglamentAccio` VALUES (1, 180);
INSERT INTO `reglamentAccio` VALUES (1, 190);
INSERT INTO `reglamentAccio` VALUES (2, 2);
INSERT INTO `reglamentAccio` VALUES (2, 5);
INSERT INTO `reglamentAccio` VALUES (2, 10);
INSERT INTO `reglamentAccio` VALUES (2, 11);
INSERT INTO `reglamentAccio` VALUES (2, 12);
INSERT INTO `reglamentAccio` VALUES (2, 24);
INSERT INTO `reglamentAccio` VALUES (2, 40);
INSERT INTO `reglamentAccio` VALUES (2, 41);
INSERT INTO `reglamentAccio` VALUES (2, 51);
INSERT INTO `reglamentAccio` VALUES (2, 61);
INSERT INTO `reglamentAccio` VALUES (2, 71);
INSERT INTO `reglamentAccio` VALUES (2, 81);
INSERT INTO `reglamentAccio` VALUES (2, 91);
INSERT INTO `reglamentAccio` VALUES (2, 101);
INSERT INTO `reglamentAccio` VALUES (2, 121);
INSERT INTO `reglamentAccio` VALUES (2, 131);
INSERT INTO `reglamentAccio` VALUES (2, 141);
INSERT INTO `reglamentAccio` VALUES (2, 151);
INSERT INTO `reglamentAccio` VALUES (2, 161);
INSERT INTO `reglamentAccio` VALUES (2, 171);
INSERT INTO `reglamentAccio` VALUES (2, 181);
INSERT INTO `reglamentAccio` VALUES (2, 191);
INSERT INTO `reglamentAccio` VALUES (3, 3);
INSERT INTO `reglamentAccio` VALUES (3, 13);
INSERT INTO `reglamentAccio` VALUES (3, 14);
INSERT INTO `reglamentAccio` VALUES (3, 15);
INSERT INTO `reglamentAccio` VALUES (3, 16);
INSERT INTO `reglamentAccio` VALUES (3, 17);
INSERT INTO `reglamentAccio` VALUES (3, 32);
INSERT INTO `reglamentAccio` VALUES (3, 33);
INSERT INTO `reglamentAccio` VALUES (3, 42);
INSERT INTO `reglamentAccio` VALUES (3, 52);
INSERT INTO `reglamentAccio` VALUES (3, 62);
INSERT INTO `reglamentAccio` VALUES (3, 72);
INSERT INTO `reglamentAccio` VALUES (3, 82);
INSERT INTO `reglamentAccio` VALUES (3, 92);
INSERT INTO `reglamentAccio` VALUES (3, 102);
INSERT INTO `reglamentAccio` VALUES (3, 112);
INSERT INTO `reglamentAccio` VALUES (3, 122);
INSERT INTO `reglamentAccio` VALUES (3, 132);
INSERT INTO `reglamentAccio` VALUES (3, 142);
INSERT INTO `reglamentAccio` VALUES (3, 152);
INSERT INTO `reglamentAccio` VALUES (3, 162);
INSERT INTO `reglamentAccio` VALUES (3, 172);
INSERT INTO `reglamentAccio` VALUES (3, 182);
INSERT INTO `reglamentAccio` VALUES (3, 192);
INSERT INTO `reglamentAccio` VALUES (4, 1);
INSERT INTO `reglamentAccio` VALUES (4, 4);
INSERT INTO `reglamentAccio` VALUES (4, 7);
INSERT INTO `reglamentAccio` VALUES (4, 8);
INSERT INTO `reglamentAccio` VALUES (4, 9);
INSERT INTO `reglamentAccio` VALUES (4, 25);
INSERT INTO `reglamentAccio` VALUES (4, 37);
INSERT INTO `reglamentAccio` VALUES (4, 43);
INSERT INTO `reglamentAccio` VALUES (4, 53);
INSERT INTO `reglamentAccio` VALUES (4, 63);
INSERT INTO `reglamentAccio` VALUES (4, 73);
INSERT INTO `reglamentAccio` VALUES (4, 83);
INSERT INTO `reglamentAccio` VALUES (4, 93);
INSERT INTO `reglamentAccio` VALUES (4, 103);
INSERT INTO `reglamentAccio` VALUES (4, 113);
INSERT INTO `reglamentAccio` VALUES (4, 123);
INSERT INTO `reglamentAccio` VALUES (4, 133);
INSERT INTO `reglamentAccio` VALUES (4, 143);
INSERT INTO `reglamentAccio` VALUES (4, 153);
INSERT INTO `reglamentAccio` VALUES (4, 163);
INSERT INTO `reglamentAccio` VALUES (4, 173);
INSERT INTO `reglamentAccio` VALUES (4, 183);
INSERT INTO `reglamentAccio` VALUES (4, 193);
INSERT INTO `reglamentAccio` VALUES (5, 19);
INSERT INTO `reglamentAccio` VALUES (5, 25);
INSERT INTO `reglamentAccio` VALUES (5, 29);
INSERT INTO `reglamentAccio` VALUES (5, 39);
INSERT INTO `reglamentAccio` VALUES (5, 44);
INSERT INTO `reglamentAccio` VALUES (5, 54);
INSERT INTO `reglamentAccio` VALUES (5, 64);
INSERT INTO `reglamentAccio` VALUES (5, 74);
INSERT INTO `reglamentAccio` VALUES (5, 84);
INSERT INTO `reglamentAccio` VALUES (5, 94);
INSERT INTO `reglamentAccio` VALUES (5, 104);
INSERT INTO `reglamentAccio` VALUES (5, 114);
INSERT INTO `reglamentAccio` VALUES (5, 124);
INSERT INTO `reglamentAccio` VALUES (5, 134);
INSERT INTO `reglamentAccio` VALUES (5, 144);
INSERT INTO `reglamentAccio` VALUES (5, 154);
INSERT INTO `reglamentAccio` VALUES (5, 164);
INSERT INTO `reglamentAccio` VALUES (5, 174);
INSERT INTO `reglamentAccio` VALUES (5, 184);
INSERT INTO `reglamentAccio` VALUES (6, 17);
INSERT INTO `reglamentAccio` VALUES (6, 18);
INSERT INTO `reglamentAccio` VALUES (6, 45);
INSERT INTO `reglamentAccio` VALUES (6, 55);
INSERT INTO `reglamentAccio` VALUES (6, 65);
INSERT INTO `reglamentAccio` VALUES (6, 75);
INSERT INTO `reglamentAccio` VALUES (6, 85);
INSERT INTO `reglamentAccio` VALUES (6, 95);
INSERT INTO `reglamentAccio` VALUES (6, 105);
INSERT INTO `reglamentAccio` VALUES (6, 115);
INSERT INTO `reglamentAccio` VALUES (6, 125);
INSERT INTO `reglamentAccio` VALUES (6, 135);
INSERT INTO `reglamentAccio` VALUES (6, 145);
INSERT INTO `reglamentAccio` VALUES (6, 155);
INSERT INTO `reglamentAccio` VALUES (6, 165);
INSERT INTO `reglamentAccio` VALUES (6, 175);
INSERT INTO `reglamentAccio` VALUES (6, 185);
INSERT INTO `reglamentAccio` VALUES (7, 17);
INSERT INTO `reglamentAccio` VALUES (7, 18);
INSERT INTO `reglamentAccio` VALUES (7, 24);
INSERT INTO `reglamentAccio` VALUES (7, 31);
INSERT INTO `reglamentAccio` VALUES (7, 46);
INSERT INTO `reglamentAccio` VALUES (7, 56);
INSERT INTO `reglamentAccio` VALUES (7, 66);
INSERT INTO `reglamentAccio` VALUES (7, 76);
INSERT INTO `reglamentAccio` VALUES (7, 86);
INSERT INTO `reglamentAccio` VALUES (7, 96);
INSERT INTO `reglamentAccio` VALUES (7, 106);
INSERT INTO `reglamentAccio` VALUES (7, 116);
INSERT INTO `reglamentAccio` VALUES (7, 126);
INSERT INTO `reglamentAccio` VALUES (7, 136);
INSERT INTO `reglamentAccio` VALUES (7, 146);
INSERT INTO `reglamentAccio` VALUES (7, 156);
INSERT INTO `reglamentAccio` VALUES (7, 166);
INSERT INTO `reglamentAccio` VALUES (7, 176);
INSERT INTO `reglamentAccio` VALUES (7, 186);
INSERT INTO `reglamentAccio` VALUES (8, 7);
INSERT INTO `reglamentAccio` VALUES (8, 47);
INSERT INTO `reglamentAccio` VALUES (8, 57);
INSERT INTO `reglamentAccio` VALUES (8, 67);
INSERT INTO `reglamentAccio` VALUES (8, 77);
INSERT INTO `reglamentAccio` VALUES (8, 87);
INSERT INTO `reglamentAccio` VALUES (8, 97);
INSERT INTO `reglamentAccio` VALUES (8, 107);
INSERT INTO `reglamentAccio` VALUES (8, 117);
INSERT INTO `reglamentAccio` VALUES (8, 127);
INSERT INTO `reglamentAccio` VALUES (8, 137);
INSERT INTO `reglamentAccio` VALUES (8, 147);
INSERT INTO `reglamentAccio` VALUES (8, 157);
INSERT INTO `reglamentAccio` VALUES (8, 167);
INSERT INTO `reglamentAccio` VALUES (8, 177);
INSERT INTO `reglamentAccio` VALUES (8, 187);
INSERT INTO `reglamentAccio` VALUES (9, 34);
INSERT INTO `reglamentAccio` VALUES (9, 35);
INSERT INTO `reglamentAccio` VALUES (9, 36);
INSERT INTO `reglamentAccio` VALUES (9, 48);
INSERT INTO `reglamentAccio` VALUES (9, 58);
INSERT INTO `reglamentAccio` VALUES (9, 68);
INSERT INTO `reglamentAccio` VALUES (9, 78);
INSERT INTO `reglamentAccio` VALUES (9, 88);
INSERT INTO `reglamentAccio` VALUES (9, 98);
INSERT INTO `reglamentAccio` VALUES (9, 108);
INSERT INTO `reglamentAccio` VALUES (9, 118);
INSERT INTO `reglamentAccio` VALUES (9, 128);
INSERT INTO `reglamentAccio` VALUES (9, 138);
INSERT INTO `reglamentAccio` VALUES (9, 148);
INSERT INTO `reglamentAccio` VALUES (9, 158);
INSERT INTO `reglamentAccio` VALUES (9, 168);
INSERT INTO `reglamentAccio` VALUES (9, 178);
INSERT INTO `reglamentAccio` VALUES (9, 188);
INSERT INTO `reglamentAccio` VALUES (10, 7);
INSERT INTO `reglamentAccio` VALUES (10, 19);
INSERT INTO `reglamentAccio` VALUES (10, 43);
INSERT INTO `reglamentAccio` VALUES (10, 44);
INSERT INTO `reglamentAccio` VALUES (10, 49);
INSERT INTO `reglamentAccio` VALUES (10, 59);
INSERT INTO `reglamentAccio` VALUES (10, 69);
INSERT INTO `reglamentAccio` VALUES (10, 79);
INSERT INTO `reglamentAccio` VALUES (10, 89);
INSERT INTO `reglamentAccio` VALUES (10, 99);
INSERT INTO `reglamentAccio` VALUES (10, 119);
INSERT INTO `reglamentAccio` VALUES (10, 129);
INSERT INTO `reglamentAccio` VALUES (10, 139);
INSERT INTO `reglamentAccio` VALUES (10, 149);
INSERT INTO `reglamentAccio` VALUES (10, 159);
INSERT INTO `reglamentAccio` VALUES (10, 169);
INSERT INTO `reglamentAccio` VALUES (10, 179);
INSERT INTO `reglamentAccio` VALUES (10, 189);

-- ----------------------------
-- Table structure for temporada
-- ----------------------------
DROP TABLE IF EXISTS `temporada`;
CREATE TABLE `temporada`  (
  `idTemporada` int(11) NOT NULL AUTO_INCREMENT,
  `any` varchar(11) CHARACTER SET utf8mb4 COLLATE utf8mb4_spanish_ci NOT NULL,
  `idLliga` int(11) NOT NULL,
  `guanyador` varchar(255) CHARACTER SET utf8mb4 COLLATE utf8mb4_spanish_ci NULL DEFAULT NULL,
  PRIMARY KEY (`idTemporada`, `any`, `idLliga`) USING BTREE,
  INDEX `any`(`any`) USING BTREE,
  INDEX `idLliga`(`idLliga`) USING BTREE,
  INDEX `idTemporada`(`idTemporada`) USING BTREE,
  CONSTRAINT `temporada_ibfk_1` FOREIGN KEY (`idLliga`) REFERENCES `lliga` (`idLliga`) ON DELETE RESTRICT ON UPDATE RESTRICT
) ENGINE = InnoDB AUTO_INCREMENT = 8 CHARACTER SET = utf8mb4 COLLATE = utf8mb4_spanish_ci ROW_FORMAT = Dynamic;

-- ----------------------------
-- Records of temporada
-- ----------------------------
INSERT INTO `temporada` VALUES (2, '2023-2024', 1, 'RCD Mallorca');
INSERT INTO `temporada` VALUES (3, '2024-2025', 1, NULL);
INSERT INTO `temporada` VALUES (3, '2024-2025', 3, NULL);
INSERT INTO `temporada` VALUES (4, '2023-2024', 2, 'Rafael Nadal');
INSERT INTO `temporada` VALUES (4, '2024-2025', 10, NULL);
INSERT INTO `temporada` VALUES (5, '2024-2025', 2, NULL);
INSERT INTO `temporada` VALUES (5, '2025-2026', 1, NULL);
INSERT INTO `temporada` VALUES (6, '2023-2024', 3, 'Real Madrid Basket');
INSERT INTO `temporada` VALUES (7, '2024-2025', 3, NULL);

-- ----------------------------
-- Table structure for temporadaPartit
-- ----------------------------
DROP TABLE IF EXISTS `temporadaPartit`;
CREATE TABLE `temporadaPartit`  (
  `idTemporada` int(11) NOT NULL,
  `idPartit` int(11) NOT NULL,
  PRIMARY KEY (`idTemporada`, `idPartit`) USING BTREE,
  INDEX `idPartit`(`idPartit`) USING BTREE,
  CONSTRAINT `temporadapartit_ibfk_1` FOREIGN KEY (`idTemporada`) REFERENCES `temporada` (`idTemporada`) ON DELETE RESTRICT ON UPDATE RESTRICT,
  CONSTRAINT `temporadapartit_ibfk_2` FOREIGN KEY (`idPartit`) REFERENCES `partit` (`idPartit`) ON DELETE RESTRICT ON UPDATE RESTRICT
) ENGINE = InnoDB CHARACTER SET = utf8mb4 COLLATE = utf8mb4_spanish_ci ROW_FORMAT = Dynamic;

-- ----------------------------
-- Records of temporadaPartit
-- ----------------------------
INSERT INTO `temporadaPartit` VALUES (2, 5);
INSERT INTO `temporadaPartit` VALUES (2, 10);
INSERT INTO `temporadaPartit` VALUES (2, 11);
INSERT INTO `temporadaPartit` VALUES (2, 12);
INSERT INTO `temporadaPartit` VALUES (2, 13);
INSERT INTO `temporadaPartit` VALUES (2, 14);
INSERT INTO `temporadaPartit` VALUES (2, 15);
INSERT INTO `temporadaPartit` VALUES (2, 16);
INSERT INTO `temporadaPartit` VALUES (2, 17);
INSERT INTO `temporadaPartit` VALUES (2, 18);
INSERT INTO `temporadaPartit` VALUES (2, 19);
INSERT INTO `temporadaPartit` VALUES (2, 20);
INSERT INTO `temporadaPartit` VALUES (2, 21);
INSERT INTO `temporadaPartit` VALUES (2, 22);
INSERT INTO `temporadaPartit` VALUES (2, 23);
INSERT INTO `temporadaPartit` VALUES (2, 24);
INSERT INTO `temporadaPartit` VALUES (2, 25);
INSERT INTO `temporadaPartit` VALUES (2, 26);
INSERT INTO `temporadaPartit` VALUES (2, 27);
INSERT INTO `temporadaPartit` VALUES (2, 28);
INSERT INTO `temporadaPartit` VALUES (2, 29);
INSERT INTO `temporadaPartit` VALUES (2, 30);
INSERT INTO `temporadaPartit` VALUES (2, 31);
INSERT INTO `temporadaPartit` VALUES (2, 32);
INSERT INTO `temporadaPartit` VALUES (2, 33);
INSERT INTO `temporadaPartit` VALUES (2, 34);
INSERT INTO `temporadaPartit` VALUES (2, 35);
INSERT INTO `temporadaPartit` VALUES (2, 36);
INSERT INTO `temporadaPartit` VALUES (2, 37);
INSERT INTO `temporadaPartit` VALUES (2, 38);
INSERT INTO `temporadaPartit` VALUES (2, 39);
INSERT INTO `temporadaPartit` VALUES (2, 40);
INSERT INTO `temporadaPartit` VALUES (2, 41);
INSERT INTO `temporadaPartit` VALUES (2, 42);
INSERT INTO `temporadaPartit` VALUES (2, 43);
INSERT INTO `temporadaPartit` VALUES (2, 44);
INSERT INTO `temporadaPartit` VALUES (2, 45);
INSERT INTO `temporadaPartit` VALUES (2, 46);
INSERT INTO `temporadaPartit` VALUES (2, 47);
INSERT INTO `temporadaPartit` VALUES (2, 48);
INSERT INTO `temporadaPartit` VALUES (2, 49);
INSERT INTO `temporadaPartit` VALUES (2, 50);
INSERT INTO `temporadaPartit` VALUES (2, 51);
INSERT INTO `temporadaPartit` VALUES (2, 52);
INSERT INTO `temporadaPartit` VALUES (2, 53);
INSERT INTO `temporadaPartit` VALUES (2, 54);
INSERT INTO `temporadaPartit` VALUES (2, 55);
INSERT INTO `temporadaPartit` VALUES (2, 56);
INSERT INTO `temporadaPartit` VALUES (2, 57);
INSERT INTO `temporadaPartit` VALUES (2, 58);
INSERT INTO `temporadaPartit` VALUES (2, 59);
INSERT INTO `temporadaPartit` VALUES (2, 60);
INSERT INTO `temporadaPartit` VALUES (2, 61);
INSERT INTO `temporadaPartit` VALUES (2, 62);
INSERT INTO `temporadaPartit` VALUES (2, 63);
INSERT INTO `temporadaPartit` VALUES (2, 64);
INSERT INTO `temporadaPartit` VALUES (2, 65);
INSERT INTO `temporadaPartit` VALUES (2, 66);
INSERT INTO `temporadaPartit` VALUES (2, 67);
INSERT INTO `temporadaPartit` VALUES (2, 68);
INSERT INTO `temporadaPartit` VALUES (2, 69);
INSERT INTO `temporadaPartit` VALUES (2, 70);
INSERT INTO `temporadaPartit` VALUES (2, 71);
INSERT INTO `temporadaPartit` VALUES (2, 72);
INSERT INTO `temporadaPartit` VALUES (2, 73);
INSERT INTO `temporadaPartit` VALUES (2, 74);
INSERT INTO `temporadaPartit` VALUES (2, 75);
INSERT INTO `temporadaPartit` VALUES (2, 76);
INSERT INTO `temporadaPartit` VALUES (2, 77);
INSERT INTO `temporadaPartit` VALUES (2, 78);
INSERT INTO `temporadaPartit` VALUES (2, 79);
INSERT INTO `temporadaPartit` VALUES (2, 80);
INSERT INTO `temporadaPartit` VALUES (2, 81);
INSERT INTO `temporadaPartit` VALUES (2, 82);
INSERT INTO `temporadaPartit` VALUES (2, 83);
INSERT INTO `temporadaPartit` VALUES (2, 84);
INSERT INTO `temporadaPartit` VALUES (2, 85);
INSERT INTO `temporadaPartit` VALUES (2, 86);
INSERT INTO `temporadaPartit` VALUES (2, 87);
INSERT INTO `temporadaPartit` VALUES (2, 88);
INSERT INTO `temporadaPartit` VALUES (2, 89);
INSERT INTO `temporadaPartit` VALUES (2, 90);
INSERT INTO `temporadaPartit` VALUES (2, 91);
INSERT INTO `temporadaPartit` VALUES (2, 92);
INSERT INTO `temporadaPartit` VALUES (2, 93);
INSERT INTO `temporadaPartit` VALUES (2, 94);
INSERT INTO `temporadaPartit` VALUES (2, 95);
INSERT INTO `temporadaPartit` VALUES (2, 96);
INSERT INTO `temporadaPartit` VALUES (2, 97);
INSERT INTO `temporadaPartit` VALUES (2, 98);
INSERT INTO `temporadaPartit` VALUES (2, 99);
INSERT INTO `temporadaPartit` VALUES (2, 100);
INSERT INTO `temporadaPartit` VALUES (2, 101);
INSERT INTO `temporadaPartit` VALUES (2, 102);
INSERT INTO `temporadaPartit` VALUES (2, 103);
INSERT INTO `temporadaPartit` VALUES (2, 104);
INSERT INTO `temporadaPartit` VALUES (2, 105);
INSERT INTO `temporadaPartit` VALUES (2, 106);
INSERT INTO `temporadaPartit` VALUES (2, 107);
INSERT INTO `temporadaPartit` VALUES (2, 108);
INSERT INTO `temporadaPartit` VALUES (2, 109);
INSERT INTO `temporadaPartit` VALUES (2, 110);
INSERT INTO `temporadaPartit` VALUES (2, 111);
INSERT INTO `temporadaPartit` VALUES (2, 112);
INSERT INTO `temporadaPartit` VALUES (2, 113);
INSERT INTO `temporadaPartit` VALUES (2, 114);
INSERT INTO `temporadaPartit` VALUES (2, 115);
INSERT INTO `temporadaPartit` VALUES (2, 116);
INSERT INTO `temporadaPartit` VALUES (2, 117);
INSERT INTO `temporadaPartit` VALUES (2, 118);
INSERT INTO `temporadaPartit` VALUES (2, 119);
INSERT INTO `temporadaPartit` VALUES (2, 120);
INSERT INTO `temporadaPartit` VALUES (2, 121);
INSERT INTO `temporadaPartit` VALUES (2, 122);
INSERT INTO `temporadaPartit` VALUES (2, 123);
INSERT INTO `temporadaPartit` VALUES (2, 124);
INSERT INTO `temporadaPartit` VALUES (2, 125);
INSERT INTO `temporadaPartit` VALUES (2, 126);
INSERT INTO `temporadaPartit` VALUES (2, 127);
INSERT INTO `temporadaPartit` VALUES (2, 128);
INSERT INTO `temporadaPartit` VALUES (2, 129);
INSERT INTO `temporadaPartit` VALUES (2, 130);
INSERT INTO `temporadaPartit` VALUES (2, 131);
INSERT INTO `temporadaPartit` VALUES (2, 132);
INSERT INTO `temporadaPartit` VALUES (2, 133);
INSERT INTO `temporadaPartit` VALUES (2, 134);
INSERT INTO `temporadaPartit` VALUES (2, 135);
INSERT INTO `temporadaPartit` VALUES (2, 136);
INSERT INTO `temporadaPartit` VALUES (2, 137);
INSERT INTO `temporadaPartit` VALUES (2, 138);
INSERT INTO `temporadaPartit` VALUES (2, 139);
INSERT INTO `temporadaPartit` VALUES (2, 140);
INSERT INTO `temporadaPartit` VALUES (2, 141);
INSERT INTO `temporadaPartit` VALUES (2, 142);
INSERT INTO `temporadaPartit` VALUES (2, 143);
INSERT INTO `temporadaPartit` VALUES (2, 144);
INSERT INTO `temporadaPartit` VALUES (2, 145);
INSERT INTO `temporadaPartit` VALUES (2, 146);
INSERT INTO `temporadaPartit` VALUES (2, 147);
INSERT INTO `temporadaPartit` VALUES (2, 148);
INSERT INTO `temporadaPartit` VALUES (2, 149);
INSERT INTO `temporadaPartit` VALUES (2, 150);
INSERT INTO `temporadaPartit` VALUES (2, 151);
INSERT INTO `temporadaPartit` VALUES (2, 152);
INSERT INTO `temporadaPartit` VALUES (2, 153);
INSERT INTO `temporadaPartit` VALUES (2, 154);
INSERT INTO `temporadaPartit` VALUES (2, 155);
INSERT INTO `temporadaPartit` VALUES (2, 156);
INSERT INTO `temporadaPartit` VALUES (2, 157);
INSERT INTO `temporadaPartit` VALUES (2, 158);
INSERT INTO `temporadaPartit` VALUES (2, 159);
INSERT INTO `temporadaPartit` VALUES (2, 160);
INSERT INTO `temporadaPartit` VALUES (2, 161);
INSERT INTO `temporadaPartit` VALUES (2, 162);
INSERT INTO `temporadaPartit` VALUES (2, 163);
INSERT INTO `temporadaPartit` VALUES (2, 164);
INSERT INTO `temporadaPartit` VALUES (2, 165);
INSERT INTO `temporadaPartit` VALUES (2, 166);
INSERT INTO `temporadaPartit` VALUES (2, 167);
INSERT INTO `temporadaPartit` VALUES (2, 168);
INSERT INTO `temporadaPartit` VALUES (2, 169);
INSERT INTO `temporadaPartit` VALUES (2, 170);
INSERT INTO `temporadaPartit` VALUES (2, 171);
INSERT INTO `temporadaPartit` VALUES (2, 172);
INSERT INTO `temporadaPartit` VALUES (2, 173);
INSERT INTO `temporadaPartit` VALUES (2, 174);
INSERT INTO `temporadaPartit` VALUES (2, 175);
INSERT INTO `temporadaPartit` VALUES (2, 176);
INSERT INTO `temporadaPartit` VALUES (2, 177);
INSERT INTO `temporadaPartit` VALUES (2, 178);
INSERT INTO `temporadaPartit` VALUES (2, 179);
INSERT INTO `temporadaPartit` VALUES (2, 180);
INSERT INTO `temporadaPartit` VALUES (2, 181);
INSERT INTO `temporadaPartit` VALUES (2, 182);
INSERT INTO `temporadaPartit` VALUES (2, 183);
INSERT INTO `temporadaPartit` VALUES (2, 184);
INSERT INTO `temporadaPartit` VALUES (2, 185);
INSERT INTO `temporadaPartit` VALUES (2, 186);
INSERT INTO `temporadaPartit` VALUES (2, 187);
INSERT INTO `temporadaPartit` VALUES (2, 188);
INSERT INTO `temporadaPartit` VALUES (2, 189);
INSERT INTO `temporadaPartit` VALUES (2, 190);
INSERT INTO `temporadaPartit` VALUES (2, 191);
INSERT INTO `temporadaPartit` VALUES (2, 192);
INSERT INTO `temporadaPartit` VALUES (2, 193);
INSERT INTO `temporadaPartit` VALUES (2, 194);
INSERT INTO `temporadaPartit` VALUES (2, 195);
INSERT INTO `temporadaPartit` VALUES (2, 196);
INSERT INTO `temporadaPartit` VALUES (2, 197);
INSERT INTO `temporadaPartit` VALUES (2, 198);
INSERT INTO `temporadaPartit` VALUES (2, 199);
INSERT INTO `temporadaPartit` VALUES (2, 200);
INSERT INTO `temporadaPartit` VALUES (2, 201);
INSERT INTO `temporadaPartit` VALUES (2, 202);
INSERT INTO `temporadaPartit` VALUES (2, 203);
INSERT INTO `temporadaPartit` VALUES (2, 204);
INSERT INTO `temporadaPartit` VALUES (2, 205);
INSERT INTO `temporadaPartit` VALUES (2, 206);
INSERT INTO `temporadaPartit` VALUES (2, 207);
INSERT INTO `temporadaPartit` VALUES (2, 208);
INSERT INTO `temporadaPartit` VALUES (2, 209);
INSERT INTO `temporadaPartit` VALUES (2, 210);
INSERT INTO `temporadaPartit` VALUES (2, 211);
INSERT INTO `temporadaPartit` VALUES (2, 212);
INSERT INTO `temporadaPartit` VALUES (2, 213);
INSERT INTO `temporadaPartit` VALUES (2, 214);
INSERT INTO `temporadaPartit` VALUES (2, 215);
INSERT INTO `temporadaPartit` VALUES (2, 216);
INSERT INTO `temporadaPartit` VALUES (2, 217);
INSERT INTO `temporadaPartit` VALUES (2, 218);
INSERT INTO `temporadaPartit` VALUES (2, 219);
INSERT INTO `temporadaPartit` VALUES (2, 220);
INSERT INTO `temporadaPartit` VALUES (2, 221);
INSERT INTO `temporadaPartit` VALUES (2, 222);
INSERT INTO `temporadaPartit` VALUES (2, 223);
INSERT INTO `temporadaPartit` VALUES (2, 224);
INSERT INTO `temporadaPartit` VALUES (2, 225);
INSERT INTO `temporadaPartit` VALUES (2, 226);
INSERT INTO `temporadaPartit` VALUES (2, 227);
INSERT INTO `temporadaPartit` VALUES (2, 228);
INSERT INTO `temporadaPartit` VALUES (2, 229);
INSERT INTO `temporadaPartit` VALUES (2, 230);
INSERT INTO `temporadaPartit` VALUES (2, 231);
INSERT INTO `temporadaPartit` VALUES (2, 232);
INSERT INTO `temporadaPartit` VALUES (2, 233);
INSERT INTO `temporadaPartit` VALUES (2, 234);
INSERT INTO `temporadaPartit` VALUES (2, 235);
INSERT INTO `temporadaPartit` VALUES (2, 236);
INSERT INTO `temporadaPartit` VALUES (2, 237);
INSERT INTO `temporadaPartit` VALUES (2, 238);
INSERT INTO `temporadaPartit` VALUES (2, 239);
INSERT INTO `temporadaPartit` VALUES (2, 240);
INSERT INTO `temporadaPartit` VALUES (2, 241);
INSERT INTO `temporadaPartit` VALUES (2, 242);
INSERT INTO `temporadaPartit` VALUES (2, 243);
INSERT INTO `temporadaPartit` VALUES (2, 244);
INSERT INTO `temporadaPartit` VALUES (2, 245);
INSERT INTO `temporadaPartit` VALUES (2, 246);
INSERT INTO `temporadaPartit` VALUES (2, 247);
INSERT INTO `temporadaPartit` VALUES (2, 248);
INSERT INTO `temporadaPartit` VALUES (2, 249);
INSERT INTO `temporadaPartit` VALUES (2, 250);
INSERT INTO `temporadaPartit` VALUES (2, 251);
INSERT INTO `temporadaPartit` VALUES (2, 252);
INSERT INTO `temporadaPartit` VALUES (2, 253);
INSERT INTO `temporadaPartit` VALUES (2, 254);
INSERT INTO `temporadaPartit` VALUES (2, 255);
INSERT INTO `temporadaPartit` VALUES (2, 256);
INSERT INTO `temporadaPartit` VALUES (2, 257);
INSERT INTO `temporadaPartit` VALUES (2, 258);
INSERT INTO `temporadaPartit` VALUES (2, 259);
INSERT INTO `temporadaPartit` VALUES (2, 260);
INSERT INTO `temporadaPartit` VALUES (2, 261);
INSERT INTO `temporadaPartit` VALUES (2, 262);
INSERT INTO `temporadaPartit` VALUES (2, 263);
INSERT INTO `temporadaPartit` VALUES (2, 264);
INSERT INTO `temporadaPartit` VALUES (2, 265);
INSERT INTO `temporadaPartit` VALUES (2, 266);
INSERT INTO `temporadaPartit` VALUES (2, 267);
INSERT INTO `temporadaPartit` VALUES (2, 268);
INSERT INTO `temporadaPartit` VALUES (2, 269);
INSERT INTO `temporadaPartit` VALUES (2, 270);
INSERT INTO `temporadaPartit` VALUES (2, 271);
INSERT INTO `temporadaPartit` VALUES (2, 272);
INSERT INTO `temporadaPartit` VALUES (2, 273);
INSERT INTO `temporadaPartit` VALUES (2, 274);
INSERT INTO `temporadaPartit` VALUES (2, 275);
INSERT INTO `temporadaPartit` VALUES (2, 276);
INSERT INTO `temporadaPartit` VALUES (2, 277);
INSERT INTO `temporadaPartit` VALUES (2, 278);
INSERT INTO `temporadaPartit` VALUES (2, 279);
INSERT INTO `temporadaPartit` VALUES (2, 280);
INSERT INTO `temporadaPartit` VALUES (2, 281);
INSERT INTO `temporadaPartit` VALUES (2, 282);
INSERT INTO `temporadaPartit` VALUES (2, 283);
INSERT INTO `temporadaPartit` VALUES (2, 284);
INSERT INTO `temporadaPartit` VALUES (2, 285);
INSERT INTO `temporadaPartit` VALUES (2, 286);
INSERT INTO `temporadaPartit` VALUES (2, 287);
INSERT INTO `temporadaPartit` VALUES (2, 288);
INSERT INTO `temporadaPartit` VALUES (2, 289);
INSERT INTO `temporadaPartit` VALUES (2, 290);
INSERT INTO `temporadaPartit` VALUES (2, 291);
INSERT INTO `temporadaPartit` VALUES (2, 292);
INSERT INTO `temporadaPartit` VALUES (2, 293);
INSERT INTO `temporadaPartit` VALUES (2, 294);
INSERT INTO `temporadaPartit` VALUES (2, 295);
INSERT INTO `temporadaPartit` VALUES (2, 296);
INSERT INTO `temporadaPartit` VALUES (2, 297);
INSERT INTO `temporadaPartit` VALUES (2, 298);
INSERT INTO `temporadaPartit` VALUES (2, 299);
INSERT INTO `temporadaPartit` VALUES (2, 300);
INSERT INTO `temporadaPartit` VALUES (2, 301);
INSERT INTO `temporadaPartit` VALUES (2, 302);
INSERT INTO `temporadaPartit` VALUES (2, 303);
INSERT INTO `temporadaPartit` VALUES (2, 304);
INSERT INTO `temporadaPartit` VALUES (2, 305);
INSERT INTO `temporadaPartit` VALUES (2, 306);
INSERT INTO `temporadaPartit` VALUES (2, 307);
INSERT INTO `temporadaPartit` VALUES (2, 308);
INSERT INTO `temporadaPartit` VALUES (2, 309);
INSERT INTO `temporadaPartit` VALUES (2, 310);
INSERT INTO `temporadaPartit` VALUES (2, 311);
INSERT INTO `temporadaPartit` VALUES (2, 312);
INSERT INTO `temporadaPartit` VALUES (2, 313);
INSERT INTO `temporadaPartit` VALUES (2, 314);
INSERT INTO `temporadaPartit` VALUES (2, 315);
INSERT INTO `temporadaPartit` VALUES (2, 316);
INSERT INTO `temporadaPartit` VALUES (2, 317);
INSERT INTO `temporadaPartit` VALUES (2, 318);
INSERT INTO `temporadaPartit` VALUES (2, 319);
INSERT INTO `temporadaPartit` VALUES (2, 320);
INSERT INTO `temporadaPartit` VALUES (2, 321);
INSERT INTO `temporadaPartit` VALUES (2, 322);
INSERT INTO `temporadaPartit` VALUES (2, 323);
INSERT INTO `temporadaPartit` VALUES (2, 324);
INSERT INTO `temporadaPartit` VALUES (2, 325);
INSERT INTO `temporadaPartit` VALUES (2, 326);
INSERT INTO `temporadaPartit` VALUES (2, 327);
INSERT INTO `temporadaPartit` VALUES (2, 328);
INSERT INTO `temporadaPartit` VALUES (2, 329);
INSERT INTO `temporadaPartit` VALUES (2, 330);
INSERT INTO `temporadaPartit` VALUES (2, 331);
INSERT INTO `temporadaPartit` VALUES (2, 332);
INSERT INTO `temporadaPartit` VALUES (2, 333);
INSERT INTO `temporadaPartit` VALUES (2, 334);
INSERT INTO `temporadaPartit` VALUES (2, 335);
INSERT INTO `temporadaPartit` VALUES (2, 336);
INSERT INTO `temporadaPartit` VALUES (2, 337);
INSERT INTO `temporadaPartit` VALUES (2, 338);
INSERT INTO `temporadaPartit` VALUES (2, 339);
INSERT INTO `temporadaPartit` VALUES (2, 340);
INSERT INTO `temporadaPartit` VALUES (2, 341);
INSERT INTO `temporadaPartit` VALUES (2, 342);
INSERT INTO `temporadaPartit` VALUES (2, 343);
INSERT INTO `temporadaPartit` VALUES (2, 344);
INSERT INTO `temporadaPartit` VALUES (2, 345);
INSERT INTO `temporadaPartit` VALUES (2, 346);
INSERT INTO `temporadaPartit` VALUES (2, 347);
INSERT INTO `temporadaPartit` VALUES (2, 348);
INSERT INTO `temporadaPartit` VALUES (2, 349);
INSERT INTO `temporadaPartit` VALUES (2, 350);
INSERT INTO `temporadaPartit` VALUES (2, 351);
INSERT INTO `temporadaPartit` VALUES (2, 352);
INSERT INTO `temporadaPartit` VALUES (2, 353);
INSERT INTO `temporadaPartit` VALUES (2, 354);
INSERT INTO `temporadaPartit` VALUES (2, 355);
INSERT INTO `temporadaPartit` VALUES (2, 356);
INSERT INTO `temporadaPartit` VALUES (2, 357);
INSERT INTO `temporadaPartit` VALUES (2, 358);
INSERT INTO `temporadaPartit` VALUES (2, 359);
INSERT INTO `temporadaPartit` VALUES (2, 360);
INSERT INTO `temporadaPartit` VALUES (2, 361);
INSERT INTO `temporadaPartit` VALUES (2, 362);
INSERT INTO `temporadaPartit` VALUES (2, 363);
INSERT INTO `temporadaPartit` VALUES (2, 364);
INSERT INTO `temporadaPartit` VALUES (2, 365);
INSERT INTO `temporadaPartit` VALUES (2, 366);
INSERT INTO `temporadaPartit` VALUES (2, 367);
INSERT INTO `temporadaPartit` VALUES (2, 368);
INSERT INTO `temporadaPartit` VALUES (2, 369);
INSERT INTO `temporadaPartit` VALUES (2, 370);
INSERT INTO `temporadaPartit` VALUES (2, 371);
INSERT INTO `temporadaPartit` VALUES (2, 372);
INSERT INTO `temporadaPartit` VALUES (2, 373);
INSERT INTO `temporadaPartit` VALUES (2, 374);
INSERT INTO `temporadaPartit` VALUES (2, 375);
INSERT INTO `temporadaPartit` VALUES (2, 376);
INSERT INTO `temporadaPartit` VALUES (2, 377);
INSERT INTO `temporadaPartit` VALUES (2, 378);
INSERT INTO `temporadaPartit` VALUES (2, 379);
INSERT INTO `temporadaPartit` VALUES (2, 380);
INSERT INTO `temporadaPartit` VALUES (2, 381);
INSERT INTO `temporadaPartit` VALUES (2, 382);
INSERT INTO `temporadaPartit` VALUES (2, 383);
INSERT INTO `temporadaPartit` VALUES (2, 384);
INSERT INTO `temporadaPartit` VALUES (2, 385);
INSERT INTO `temporadaPartit` VALUES (2, 386);
INSERT INTO `temporadaPartit` VALUES (2, 387);
INSERT INTO `temporadaPartit` VALUES (2, 388);
INSERT INTO `temporadaPartit` VALUES (2, 389);
INSERT INTO `temporadaPartit` VALUES (2, 390);
INSERT INTO `temporadaPartit` VALUES (2, 391);
INSERT INTO `temporadaPartit` VALUES (2, 392);
INSERT INTO `temporadaPartit` VALUES (2, 393);
INSERT INTO `temporadaPartit` VALUES (2, 394);
INSERT INTO `temporadaPartit` VALUES (2, 395);
INSERT INTO `temporadaPartit` VALUES (2, 396);
INSERT INTO `temporadaPartit` VALUES (2, 397);
INSERT INTO `temporadaPartit` VALUES (2, 398);
INSERT INTO `temporadaPartit` VALUES (2, 399);
INSERT INTO `temporadaPartit` VALUES (2, 400);
INSERT INTO `temporadaPartit` VALUES (2, 401);
INSERT INTO `temporadaPartit` VALUES (2, 402);
INSERT INTO `temporadaPartit` VALUES (2, 403);
INSERT INTO `temporadaPartit` VALUES (2, 404);
INSERT INTO `temporadaPartit` VALUES (2, 405);
INSERT INTO `temporadaPartit` VALUES (2, 406);
INSERT INTO `temporadaPartit` VALUES (2, 407);
INSERT INTO `temporadaPartit` VALUES (2, 408);
INSERT INTO `temporadaPartit` VALUES (2, 409);
INSERT INTO `temporadaPartit` VALUES (2, 410);
INSERT INTO `temporadaPartit` VALUES (2, 411);
INSERT INTO `temporadaPartit` VALUES (2, 412);
INSERT INTO `temporadaPartit` VALUES (2, 413);
INSERT INTO `temporadaPartit` VALUES (2, 414);
INSERT INTO `temporadaPartit` VALUES (2, 415);
INSERT INTO `temporadaPartit` VALUES (2, 416);
INSERT INTO `temporadaPartit` VALUES (2, 417);
INSERT INTO `temporadaPartit` VALUES (2, 418);
INSERT INTO `temporadaPartit` VALUES (2, 419);
INSERT INTO `temporadaPartit` VALUES (2, 420);
INSERT INTO `temporadaPartit` VALUES (2, 421);
INSERT INTO `temporadaPartit` VALUES (2, 422);
INSERT INTO `temporadaPartit` VALUES (2, 423);
INSERT INTO `temporadaPartit` VALUES (2, 424);
INSERT INTO `temporadaPartit` VALUES (2, 425);
INSERT INTO `temporadaPartit` VALUES (2, 426);
INSERT INTO `temporadaPartit` VALUES (2, 427);
INSERT INTO `temporadaPartit` VALUES (2, 428);
INSERT INTO `temporadaPartit` VALUES (2, 429);
INSERT INTO `temporadaPartit` VALUES (2, 430);
INSERT INTO `temporadaPartit` VALUES (2, 431);
INSERT INTO `temporadaPartit` VALUES (2, 432);
INSERT INTO `temporadaPartit` VALUES (2, 433);
INSERT INTO `temporadaPartit` VALUES (2, 434);
INSERT INTO `temporadaPartit` VALUES (2, 435);
INSERT INTO `temporadaPartit` VALUES (2, 436);
INSERT INTO `temporadaPartit` VALUES (2, 437);
INSERT INTO `temporadaPartit` VALUES (2, 438);
INSERT INTO `temporadaPartit` VALUES (2, 439);
INSERT INTO `temporadaPartit` VALUES (2, 440);
INSERT INTO `temporadaPartit` VALUES (2, 441);
INSERT INTO `temporadaPartit` VALUES (2, 442);
INSERT INTO `temporadaPartit` VALUES (2, 443);
INSERT INTO `temporadaPartit` VALUES (2, 444);
INSERT INTO `temporadaPartit` VALUES (2, 445);
INSERT INTO `temporadaPartit` VALUES (2, 446);
INSERT INTO `temporadaPartit` VALUES (2, 447);
INSERT INTO `temporadaPartit` VALUES (2, 448);
INSERT INTO `temporadaPartit` VALUES (2, 449);
INSERT INTO `temporadaPartit` VALUES (2, 450);
INSERT INTO `temporadaPartit` VALUES (2, 451);
INSERT INTO `temporadaPartit` VALUES (2, 452);
INSERT INTO `temporadaPartit` VALUES (2, 453);
INSERT INTO `temporadaPartit` VALUES (2, 454);
INSERT INTO `temporadaPartit` VALUES (2, 455);
INSERT INTO `temporadaPartit` VALUES (2, 456);
INSERT INTO `temporadaPartit` VALUES (2, 457);
INSERT INTO `temporadaPartit` VALUES (2, 458);
INSERT INTO `temporadaPartit` VALUES (2, 459);
INSERT INTO `temporadaPartit` VALUES (2, 460);
INSERT INTO `temporadaPartit` VALUES (2, 461);
INSERT INTO `temporadaPartit` VALUES (2, 462);
INSERT INTO `temporadaPartit` VALUES (2, 463);
INSERT INTO `temporadaPartit` VALUES (2, 464);
INSERT INTO `temporadaPartit` VALUES (2, 465);
INSERT INTO `temporadaPartit` VALUES (2, 466);
INSERT INTO `temporadaPartit` VALUES (2, 467);
INSERT INTO `temporadaPartit` VALUES (2, 468);
INSERT INTO `temporadaPartit` VALUES (2, 469);
INSERT INTO `temporadaPartit` VALUES (2, 470);
INSERT INTO `temporadaPartit` VALUES (2, 471);
INSERT INTO `temporadaPartit` VALUES (2, 472);
INSERT INTO `temporadaPartit` VALUES (2, 473);
INSERT INTO `temporadaPartit` VALUES (2, 474);
INSERT INTO `temporadaPartit` VALUES (2, 475);
INSERT INTO `temporadaPartit` VALUES (2, 476);
INSERT INTO `temporadaPartit` VALUES (2, 477);
INSERT INTO `temporadaPartit` VALUES (2, 478);
INSERT INTO `temporadaPartit` VALUES (2, 479);
INSERT INTO `temporadaPartit` VALUES (2, 480);
INSERT INTO `temporadaPartit` VALUES (2, 481);
INSERT INTO `temporadaPartit` VALUES (2, 482);
INSERT INTO `temporadaPartit` VALUES (2, 483);
INSERT INTO `temporadaPartit` VALUES (2, 484);
INSERT INTO `temporadaPartit` VALUES (2, 485);
INSERT INTO `temporadaPartit` VALUES (2, 486);
INSERT INTO `temporadaPartit` VALUES (2, 487);
INSERT INTO `temporadaPartit` VALUES (2, 488);
INSERT INTO `temporadaPartit` VALUES (2, 489);
INSERT INTO `temporadaPartit` VALUES (2, 490);
INSERT INTO `temporadaPartit` VALUES (2, 491);
INSERT INTO `temporadaPartit` VALUES (2, 492);
INSERT INTO `temporadaPartit` VALUES (2, 493);
INSERT INTO `temporadaPartit` VALUES (2, 494);
INSERT INTO `temporadaPartit` VALUES (2, 495);
INSERT INTO `temporadaPartit` VALUES (2, 496);
INSERT INTO `temporadaPartit` VALUES (2, 497);
INSERT INTO `temporadaPartit` VALUES (2, 498);
INSERT INTO `temporadaPartit` VALUES (2, 499);
INSERT INTO `temporadaPartit` VALUES (2, 500);
INSERT INTO `temporadaPartit` VALUES (2, 501);
INSERT INTO `temporadaPartit` VALUES (2, 502);
INSERT INTO `temporadaPartit` VALUES (2, 503);
INSERT INTO `temporadaPartit` VALUES (2, 504);
INSERT INTO `temporadaPartit` VALUES (2, 505);
INSERT INTO `temporadaPartit` VALUES (2, 506);
INSERT INTO `temporadaPartit` VALUES (2, 507);
INSERT INTO `temporadaPartit` VALUES (2, 508);
INSERT INTO `temporadaPartit` VALUES (2, 509);
INSERT INTO `temporadaPartit` VALUES (2, 510);
INSERT INTO `temporadaPartit` VALUES (2, 511);
INSERT INTO `temporadaPartit` VALUES (2, 512);
INSERT INTO `temporadaPartit` VALUES (2, 513);
INSERT INTO `temporadaPartit` VALUES (2, 514);
INSERT INTO `temporadaPartit` VALUES (2, 515);
INSERT INTO `temporadaPartit` VALUES (2, 516);
INSERT INTO `temporadaPartit` VALUES (2, 517);
INSERT INTO `temporadaPartit` VALUES (2, 518);
INSERT INTO `temporadaPartit` VALUES (2, 519);
INSERT INTO `temporadaPartit` VALUES (2, 520);
INSERT INTO `temporadaPartit` VALUES (2, 521);
INSERT INTO `temporadaPartit` VALUES (2, 522);
INSERT INTO `temporadaPartit` VALUES (2, 523);
INSERT INTO `temporadaPartit` VALUES (2, 1035);
INSERT INTO `temporadaPartit` VALUES (2, 1040);
INSERT INTO `temporadaPartit` VALUES (2, 1045);
INSERT INTO `temporadaPartit` VALUES (2, 1050);
INSERT INTO `temporadaPartit` VALUES (3, 1);
INSERT INTO `temporadaPartit` VALUES (3, 2);
INSERT INTO `temporadaPartit` VALUES (3, 3);
INSERT INTO `temporadaPartit` VALUES (3, 4);
INSERT INTO `temporadaPartit` VALUES (3, 5);
INSERT INTO `temporadaPartit` VALUES (3, 6);
INSERT INTO `temporadaPartit` VALUES (3, 7);
INSERT INTO `temporadaPartit` VALUES (3, 8);
INSERT INTO `temporadaPartit` VALUES (3, 9);
INSERT INTO `temporadaPartit` VALUES (3, 10);
INSERT INTO `temporadaPartit` VALUES (3, 11);
INSERT INTO `temporadaPartit` VALUES (3, 12);
INSERT INTO `temporadaPartit` VALUES (3, 13);
INSERT INTO `temporadaPartit` VALUES (3, 14);
INSERT INTO `temporadaPartit` VALUES (3, 15);
INSERT INTO `temporadaPartit` VALUES (3, 16);
INSERT INTO `temporadaPartit` VALUES (3, 17);
INSERT INTO `temporadaPartit` VALUES (3, 18);
INSERT INTO `temporadaPartit` VALUES (3, 19);
INSERT INTO `temporadaPartit` VALUES (3, 20);
INSERT INTO `temporadaPartit` VALUES (3, 21);
INSERT INTO `temporadaPartit` VALUES (3, 22);
INSERT INTO `temporadaPartit` VALUES (3, 23);
INSERT INTO `temporadaPartit` VALUES (3, 24);
INSERT INTO `temporadaPartit` VALUES (3, 25);
INSERT INTO `temporadaPartit` VALUES (3, 26);
INSERT INTO `temporadaPartit` VALUES (3, 27);
INSERT INTO `temporadaPartit` VALUES (3, 28);
INSERT INTO `temporadaPartit` VALUES (3, 29);
INSERT INTO `temporadaPartit` VALUES (3, 30);
INSERT INTO `temporadaPartit` VALUES (3, 31);
INSERT INTO `temporadaPartit` VALUES (3, 32);
INSERT INTO `temporadaPartit` VALUES (3, 33);
INSERT INTO `temporadaPartit` VALUES (3, 34);
INSERT INTO `temporadaPartit` VALUES (3, 35);
INSERT INTO `temporadaPartit` VALUES (3, 36);
INSERT INTO `temporadaPartit` VALUES (3, 37);
INSERT INTO `temporadaPartit` VALUES (3, 38);
INSERT INTO `temporadaPartit` VALUES (3, 39);
INSERT INTO `temporadaPartit` VALUES (3, 40);
INSERT INTO `temporadaPartit` VALUES (3, 41);
INSERT INTO `temporadaPartit` VALUES (3, 42);
INSERT INTO `temporadaPartit` VALUES (3, 43);
INSERT INTO `temporadaPartit` VALUES (3, 44);
INSERT INTO `temporadaPartit` VALUES (3, 45);
INSERT INTO `temporadaPartit` VALUES (3, 46);
INSERT INTO `temporadaPartit` VALUES (3, 47);
INSERT INTO `temporadaPartit` VALUES (3, 48);
INSERT INTO `temporadaPartit` VALUES (3, 49);
INSERT INTO `temporadaPartit` VALUES (3, 50);
INSERT INTO `temporadaPartit` VALUES (3, 51);
INSERT INTO `temporadaPartit` VALUES (3, 52);
INSERT INTO `temporadaPartit` VALUES (3, 53);
INSERT INTO `temporadaPartit` VALUES (3, 54);
INSERT INTO `temporadaPartit` VALUES (3, 55);
INSERT INTO `temporadaPartit` VALUES (3, 56);
INSERT INTO `temporadaPartit` VALUES (3, 57);
INSERT INTO `temporadaPartit` VALUES (3, 58);
INSERT INTO `temporadaPartit` VALUES (3, 59);
INSERT INTO `temporadaPartit` VALUES (3, 60);
INSERT INTO `temporadaPartit` VALUES (3, 61);
INSERT INTO `temporadaPartit` VALUES (3, 62);
INSERT INTO `temporadaPartit` VALUES (3, 63);
INSERT INTO `temporadaPartit` VALUES (3, 64);
INSERT INTO `temporadaPartit` VALUES (3, 65);
INSERT INTO `temporadaPartit` VALUES (3, 66);
INSERT INTO `temporadaPartit` VALUES (3, 67);
INSERT INTO `temporadaPartit` VALUES (3, 68);
INSERT INTO `temporadaPartit` VALUES (3, 69);
INSERT INTO `temporadaPartit` VALUES (3, 70);
INSERT INTO `temporadaPartit` VALUES (3, 71);
INSERT INTO `temporadaPartit` VALUES (3, 72);
INSERT INTO `temporadaPartit` VALUES (3, 73);
INSERT INTO `temporadaPartit` VALUES (3, 74);
INSERT INTO `temporadaPartit` VALUES (3, 75);
INSERT INTO `temporadaPartit` VALUES (3, 76);
INSERT INTO `temporadaPartit` VALUES (3, 77);
INSERT INTO `temporadaPartit` VALUES (3, 78);
INSERT INTO `temporadaPartit` VALUES (3, 79);
INSERT INTO `temporadaPartit` VALUES (3, 80);
INSERT INTO `temporadaPartit` VALUES (3, 81);
INSERT INTO `temporadaPartit` VALUES (3, 82);
INSERT INTO `temporadaPartit` VALUES (3, 83);
INSERT INTO `temporadaPartit` VALUES (3, 84);
INSERT INTO `temporadaPartit` VALUES (3, 85);
INSERT INTO `temporadaPartit` VALUES (3, 86);
INSERT INTO `temporadaPartit` VALUES (3, 87);
INSERT INTO `temporadaPartit` VALUES (3, 88);
INSERT INTO `temporadaPartit` VALUES (3, 89);
INSERT INTO `temporadaPartit` VALUES (3, 90);
INSERT INTO `temporadaPartit` VALUES (3, 91);
INSERT INTO `temporadaPartit` VALUES (3, 92);
INSERT INTO `temporadaPartit` VALUES (3, 93);
INSERT INTO `temporadaPartit` VALUES (3, 94);
INSERT INTO `temporadaPartit` VALUES (3, 95);
INSERT INTO `temporadaPartit` VALUES (3, 96);
INSERT INTO `temporadaPartit` VALUES (3, 97);
INSERT INTO `temporadaPartit` VALUES (3, 98);
INSERT INTO `temporadaPartit` VALUES (3, 99);
INSERT INTO `temporadaPartit` VALUES (3, 100);
INSERT INTO `temporadaPartit` VALUES (3, 101);
INSERT INTO `temporadaPartit` VALUES (3, 102);
INSERT INTO `temporadaPartit` VALUES (3, 103);
INSERT INTO `temporadaPartit` VALUES (3, 104);
INSERT INTO `temporadaPartit` VALUES (3, 105);
INSERT INTO `temporadaPartit` VALUES (3, 106);
INSERT INTO `temporadaPartit` VALUES (3, 107);
INSERT INTO `temporadaPartit` VALUES (3, 108);
INSERT INTO `temporadaPartit` VALUES (3, 109);
INSERT INTO `temporadaPartit` VALUES (3, 110);
INSERT INTO `temporadaPartit` VALUES (3, 111);
INSERT INTO `temporadaPartit` VALUES (3, 112);
INSERT INTO `temporadaPartit` VALUES (3, 113);
INSERT INTO `temporadaPartit` VALUES (3, 114);
INSERT INTO `temporadaPartit` VALUES (3, 115);
INSERT INTO `temporadaPartit` VALUES (3, 116);
INSERT INTO `temporadaPartit` VALUES (3, 117);
INSERT INTO `temporadaPartit` VALUES (3, 118);
INSERT INTO `temporadaPartit` VALUES (3, 119);
INSERT INTO `temporadaPartit` VALUES (3, 120);
INSERT INTO `temporadaPartit` VALUES (3, 121);
INSERT INTO `temporadaPartit` VALUES (3, 122);
INSERT INTO `temporadaPartit` VALUES (3, 123);
INSERT INTO `temporadaPartit` VALUES (3, 124);
INSERT INTO `temporadaPartit` VALUES (3, 125);
INSERT INTO `temporadaPartit` VALUES (3, 126);
INSERT INTO `temporadaPartit` VALUES (3, 127);
INSERT INTO `temporadaPartit` VALUES (3, 128);
INSERT INTO `temporadaPartit` VALUES (3, 129);
INSERT INTO `temporadaPartit` VALUES (3, 130);
INSERT INTO `temporadaPartit` VALUES (3, 131);
INSERT INTO `temporadaPartit` VALUES (3, 132);
INSERT INTO `temporadaPartit` VALUES (3, 133);
INSERT INTO `temporadaPartit` VALUES (3, 134);
INSERT INTO `temporadaPartit` VALUES (3, 135);
INSERT INTO `temporadaPartit` VALUES (3, 136);
INSERT INTO `temporadaPartit` VALUES (3, 137);
INSERT INTO `temporadaPartit` VALUES (3, 138);
INSERT INTO `temporadaPartit` VALUES (3, 139);
INSERT INTO `temporadaPartit` VALUES (3, 140);
INSERT INTO `temporadaPartit` VALUES (3, 141);
INSERT INTO `temporadaPartit` VALUES (3, 142);
INSERT INTO `temporadaPartit` VALUES (3, 143);
INSERT INTO `temporadaPartit` VALUES (3, 144);
INSERT INTO `temporadaPartit` VALUES (3, 145);
INSERT INTO `temporadaPartit` VALUES (3, 146);
INSERT INTO `temporadaPartit` VALUES (3, 147);
INSERT INTO `temporadaPartit` VALUES (3, 148);
INSERT INTO `temporadaPartit` VALUES (3, 149);
INSERT INTO `temporadaPartit` VALUES (3, 150);
INSERT INTO `temporadaPartit` VALUES (3, 151);
INSERT INTO `temporadaPartit` VALUES (3, 152);
INSERT INTO `temporadaPartit` VALUES (3, 153);
INSERT INTO `temporadaPartit` VALUES (3, 154);
INSERT INTO `temporadaPartit` VALUES (3, 155);
INSERT INTO `temporadaPartit` VALUES (3, 156);
INSERT INTO `temporadaPartit` VALUES (3, 157);
INSERT INTO `temporadaPartit` VALUES (3, 158);
INSERT INTO `temporadaPartit` VALUES (3, 159);
INSERT INTO `temporadaPartit` VALUES (3, 160);
INSERT INTO `temporadaPartit` VALUES (3, 161);
INSERT INTO `temporadaPartit` VALUES (3, 162);
INSERT INTO `temporadaPartit` VALUES (3, 163);
INSERT INTO `temporadaPartit` VALUES (3, 164);
INSERT INTO `temporadaPartit` VALUES (3, 165);
INSERT INTO `temporadaPartit` VALUES (3, 166);
INSERT INTO `temporadaPartit` VALUES (3, 167);
INSERT INTO `temporadaPartit` VALUES (3, 168);
INSERT INTO `temporadaPartit` VALUES (3, 169);
INSERT INTO `temporadaPartit` VALUES (3, 170);
INSERT INTO `temporadaPartit` VALUES (3, 171);
INSERT INTO `temporadaPartit` VALUES (3, 172);
INSERT INTO `temporadaPartit` VALUES (3, 173);
INSERT INTO `temporadaPartit` VALUES (3, 174);
INSERT INTO `temporadaPartit` VALUES (3, 175);
INSERT INTO `temporadaPartit` VALUES (3, 176);
INSERT INTO `temporadaPartit` VALUES (3, 177);
INSERT INTO `temporadaPartit` VALUES (3, 178);
INSERT INTO `temporadaPartit` VALUES (3, 179);
INSERT INTO `temporadaPartit` VALUES (3, 180);
INSERT INTO `temporadaPartit` VALUES (3, 181);
INSERT INTO `temporadaPartit` VALUES (3, 182);
INSERT INTO `temporadaPartit` VALUES (3, 183);
INSERT INTO `temporadaPartit` VALUES (3, 184);
INSERT INTO `temporadaPartit` VALUES (3, 185);
INSERT INTO `temporadaPartit` VALUES (3, 186);
INSERT INTO `temporadaPartit` VALUES (3, 187);
INSERT INTO `temporadaPartit` VALUES (3, 188);
INSERT INTO `temporadaPartit` VALUES (3, 189);
INSERT INTO `temporadaPartit` VALUES (3, 190);
INSERT INTO `temporadaPartit` VALUES (3, 191);
INSERT INTO `temporadaPartit` VALUES (3, 192);
INSERT INTO `temporadaPartit` VALUES (3, 193);
INSERT INTO `temporadaPartit` VALUES (3, 194);
INSERT INTO `temporadaPartit` VALUES (3, 195);
INSERT INTO `temporadaPartit` VALUES (3, 196);
INSERT INTO `temporadaPartit` VALUES (3, 197);
INSERT INTO `temporadaPartit` VALUES (3, 198);
INSERT INTO `temporadaPartit` VALUES (3, 199);
INSERT INTO `temporadaPartit` VALUES (3, 200);
INSERT INTO `temporadaPartit` VALUES (3, 201);
INSERT INTO `temporadaPartit` VALUES (3, 202);
INSERT INTO `temporadaPartit` VALUES (3, 203);
INSERT INTO `temporadaPartit` VALUES (3, 204);
INSERT INTO `temporadaPartit` VALUES (3, 205);
INSERT INTO `temporadaPartit` VALUES (3, 206);
INSERT INTO `temporadaPartit` VALUES (3, 207);
INSERT INTO `temporadaPartit` VALUES (3, 208);
INSERT INTO `temporadaPartit` VALUES (3, 209);
INSERT INTO `temporadaPartit` VALUES (3, 210);
INSERT INTO `temporadaPartit` VALUES (3, 211);
INSERT INTO `temporadaPartit` VALUES (3, 212);
INSERT INTO `temporadaPartit` VALUES (3, 213);
INSERT INTO `temporadaPartit` VALUES (3, 214);
INSERT INTO `temporadaPartit` VALUES (3, 215);
INSERT INTO `temporadaPartit` VALUES (3, 216);
INSERT INTO `temporadaPartit` VALUES (3, 217);
INSERT INTO `temporadaPartit` VALUES (3, 218);
INSERT INTO `temporadaPartit` VALUES (3, 219);
INSERT INTO `temporadaPartit` VALUES (3, 220);
INSERT INTO `temporadaPartit` VALUES (3, 221);
INSERT INTO `temporadaPartit` VALUES (3, 222);
INSERT INTO `temporadaPartit` VALUES (3, 223);
INSERT INTO `temporadaPartit` VALUES (3, 224);
INSERT INTO `temporadaPartit` VALUES (3, 225);
INSERT INTO `temporadaPartit` VALUES (3, 226);
INSERT INTO `temporadaPartit` VALUES (3, 227);
INSERT INTO `temporadaPartit` VALUES (3, 228);
INSERT INTO `temporadaPartit` VALUES (3, 229);
INSERT INTO `temporadaPartit` VALUES (3, 230);
INSERT INTO `temporadaPartit` VALUES (3, 231);
INSERT INTO `temporadaPartit` VALUES (3, 232);
INSERT INTO `temporadaPartit` VALUES (3, 233);
INSERT INTO `temporadaPartit` VALUES (3, 234);
INSERT INTO `temporadaPartit` VALUES (3, 235);
INSERT INTO `temporadaPartit` VALUES (3, 236);
INSERT INTO `temporadaPartit` VALUES (3, 237);
INSERT INTO `temporadaPartit` VALUES (3, 238);
INSERT INTO `temporadaPartit` VALUES (3, 239);
INSERT INTO `temporadaPartit` VALUES (3, 240);
INSERT INTO `temporadaPartit` VALUES (3, 241);
INSERT INTO `temporadaPartit` VALUES (3, 242);
INSERT INTO `temporadaPartit` VALUES (3, 243);
INSERT INTO `temporadaPartit` VALUES (3, 244);
INSERT INTO `temporadaPartit` VALUES (3, 245);
INSERT INTO `temporadaPartit` VALUES (3, 246);
INSERT INTO `temporadaPartit` VALUES (3, 247);
INSERT INTO `temporadaPartit` VALUES (3, 248);
INSERT INTO `temporadaPartit` VALUES (3, 249);
INSERT INTO `temporadaPartit` VALUES (3, 250);
INSERT INTO `temporadaPartit` VALUES (3, 251);
INSERT INTO `temporadaPartit` VALUES (3, 252);
INSERT INTO `temporadaPartit` VALUES (3, 253);
INSERT INTO `temporadaPartit` VALUES (3, 254);
INSERT INTO `temporadaPartit` VALUES (3, 255);
INSERT INTO `temporadaPartit` VALUES (3, 256);
INSERT INTO `temporadaPartit` VALUES (3, 257);
INSERT INTO `temporadaPartit` VALUES (3, 258);
INSERT INTO `temporadaPartit` VALUES (3, 259);
INSERT INTO `temporadaPartit` VALUES (3, 260);
INSERT INTO `temporadaPartit` VALUES (3, 261);
INSERT INTO `temporadaPartit` VALUES (3, 262);
INSERT INTO `temporadaPartit` VALUES (3, 263);
INSERT INTO `temporadaPartit` VALUES (3, 264);
INSERT INTO `temporadaPartit` VALUES (3, 265);
INSERT INTO `temporadaPartit` VALUES (3, 266);
INSERT INTO `temporadaPartit` VALUES (3, 267);
INSERT INTO `temporadaPartit` VALUES (3, 268);
INSERT INTO `temporadaPartit` VALUES (3, 269);
INSERT INTO `temporadaPartit` VALUES (3, 270);
INSERT INTO `temporadaPartit` VALUES (3, 271);
INSERT INTO `temporadaPartit` VALUES (3, 272);
INSERT INTO `temporadaPartit` VALUES (3, 273);
INSERT INTO `temporadaPartit` VALUES (3, 274);
INSERT INTO `temporadaPartit` VALUES (3, 275);
INSERT INTO `temporadaPartit` VALUES (3, 276);
INSERT INTO `temporadaPartit` VALUES (3, 277);
INSERT INTO `temporadaPartit` VALUES (3, 278);
INSERT INTO `temporadaPartit` VALUES (3, 279);
INSERT INTO `temporadaPartit` VALUES (3, 280);
INSERT INTO `temporadaPartit` VALUES (3, 281);
INSERT INTO `temporadaPartit` VALUES (3, 282);
INSERT INTO `temporadaPartit` VALUES (3, 283);
INSERT INTO `temporadaPartit` VALUES (3, 284);
INSERT INTO `temporadaPartit` VALUES (3, 285);
INSERT INTO `temporadaPartit` VALUES (3, 286);
INSERT INTO `temporadaPartit` VALUES (3, 287);
INSERT INTO `temporadaPartit` VALUES (3, 288);
INSERT INTO `temporadaPartit` VALUES (3, 289);
INSERT INTO `temporadaPartit` VALUES (3, 290);
INSERT INTO `temporadaPartit` VALUES (3, 291);
INSERT INTO `temporadaPartit` VALUES (3, 292);
INSERT INTO `temporadaPartit` VALUES (3, 293);
INSERT INTO `temporadaPartit` VALUES (3, 294);
INSERT INTO `temporadaPartit` VALUES (3, 295);
INSERT INTO `temporadaPartit` VALUES (3, 296);
INSERT INTO `temporadaPartit` VALUES (3, 297);
INSERT INTO `temporadaPartit` VALUES (3, 298);
INSERT INTO `temporadaPartit` VALUES (3, 299);
INSERT INTO `temporadaPartit` VALUES (3, 300);
INSERT INTO `temporadaPartit` VALUES (3, 301);
INSERT INTO `temporadaPartit` VALUES (3, 302);
INSERT INTO `temporadaPartit` VALUES (3, 303);
INSERT INTO `temporadaPartit` VALUES (3, 304);
INSERT INTO `temporadaPartit` VALUES (3, 305);
INSERT INTO `temporadaPartit` VALUES (3, 306);
INSERT INTO `temporadaPartit` VALUES (3, 307);
INSERT INTO `temporadaPartit` VALUES (3, 308);
INSERT INTO `temporadaPartit` VALUES (3, 309);
INSERT INTO `temporadaPartit` VALUES (3, 310);
INSERT INTO `temporadaPartit` VALUES (3, 311);
INSERT INTO `temporadaPartit` VALUES (3, 312);
INSERT INTO `temporadaPartit` VALUES (3, 313);
INSERT INTO `temporadaPartit` VALUES (3, 314);
INSERT INTO `temporadaPartit` VALUES (3, 315);
INSERT INTO `temporadaPartit` VALUES (3, 316);
INSERT INTO `temporadaPartit` VALUES (3, 317);
INSERT INTO `temporadaPartit` VALUES (3, 318);
INSERT INTO `temporadaPartit` VALUES (3, 319);
INSERT INTO `temporadaPartit` VALUES (3, 320);
INSERT INTO `temporadaPartit` VALUES (3, 321);
INSERT INTO `temporadaPartit` VALUES (3, 322);
INSERT INTO `temporadaPartit` VALUES (3, 323);
INSERT INTO `temporadaPartit` VALUES (3, 324);
INSERT INTO `temporadaPartit` VALUES (3, 325);
INSERT INTO `temporadaPartit` VALUES (3, 326);
INSERT INTO `temporadaPartit` VALUES (3, 327);
INSERT INTO `temporadaPartit` VALUES (3, 328);
INSERT INTO `temporadaPartit` VALUES (3, 329);
INSERT INTO `temporadaPartit` VALUES (3, 330);
INSERT INTO `temporadaPartit` VALUES (3, 331);
INSERT INTO `temporadaPartit` VALUES (3, 332);
INSERT INTO `temporadaPartit` VALUES (3, 333);
INSERT INTO `temporadaPartit` VALUES (3, 334);
INSERT INTO `temporadaPartit` VALUES (3, 335);
INSERT INTO `temporadaPartit` VALUES (3, 336);
INSERT INTO `temporadaPartit` VALUES (3, 337);
INSERT INTO `temporadaPartit` VALUES (3, 338);
INSERT INTO `temporadaPartit` VALUES (3, 339);
INSERT INTO `temporadaPartit` VALUES (3, 340);
INSERT INTO `temporadaPartit` VALUES (3, 341);
INSERT INTO `temporadaPartit` VALUES (3, 342);
INSERT INTO `temporadaPartit` VALUES (3, 343);
INSERT INTO `temporadaPartit` VALUES (3, 344);
INSERT INTO `temporadaPartit` VALUES (3, 345);
INSERT INTO `temporadaPartit` VALUES (3, 346);
INSERT INTO `temporadaPartit` VALUES (3, 347);
INSERT INTO `temporadaPartit` VALUES (3, 348);
INSERT INTO `temporadaPartit` VALUES (3, 349);
INSERT INTO `temporadaPartit` VALUES (3, 350);
INSERT INTO `temporadaPartit` VALUES (3, 351);
INSERT INTO `temporadaPartit` VALUES (3, 352);
INSERT INTO `temporadaPartit` VALUES (3, 353);
INSERT INTO `temporadaPartit` VALUES (3, 354);
INSERT INTO `temporadaPartit` VALUES (3, 355);
INSERT INTO `temporadaPartit` VALUES (3, 356);
INSERT INTO `temporadaPartit` VALUES (3, 357);
INSERT INTO `temporadaPartit` VALUES (3, 358);
INSERT INTO `temporadaPartit` VALUES (3, 359);
INSERT INTO `temporadaPartit` VALUES (3, 360);
INSERT INTO `temporadaPartit` VALUES (3, 361);
INSERT INTO `temporadaPartit` VALUES (3, 362);
INSERT INTO `temporadaPartit` VALUES (3, 363);
INSERT INTO `temporadaPartit` VALUES (3, 364);
INSERT INTO `temporadaPartit` VALUES (3, 365);
INSERT INTO `temporadaPartit` VALUES (3, 366);
INSERT INTO `temporadaPartit` VALUES (3, 367);
INSERT INTO `temporadaPartit` VALUES (3, 368);
INSERT INTO `temporadaPartit` VALUES (3, 369);
INSERT INTO `temporadaPartit` VALUES (3, 370);
INSERT INTO `temporadaPartit` VALUES (3, 371);
INSERT INTO `temporadaPartit` VALUES (3, 372);
INSERT INTO `temporadaPartit` VALUES (3, 373);
INSERT INTO `temporadaPartit` VALUES (3, 374);
INSERT INTO `temporadaPartit` VALUES (3, 375);
INSERT INTO `temporadaPartit` VALUES (3, 376);
INSERT INTO `temporadaPartit` VALUES (3, 377);
INSERT INTO `temporadaPartit` VALUES (3, 378);
INSERT INTO `temporadaPartit` VALUES (3, 379);
INSERT INTO `temporadaPartit` VALUES (3, 380);
INSERT INTO `temporadaPartit` VALUES (3, 381);
INSERT INTO `temporadaPartit` VALUES (3, 382);
INSERT INTO `temporadaPartit` VALUES (3, 383);
INSERT INTO `temporadaPartit` VALUES (3, 384);
INSERT INTO `temporadaPartit` VALUES (3, 385);
INSERT INTO `temporadaPartit` VALUES (3, 386);
INSERT INTO `temporadaPartit` VALUES (3, 387);
INSERT INTO `temporadaPartit` VALUES (3, 388);
INSERT INTO `temporadaPartit` VALUES (3, 389);
INSERT INTO `temporadaPartit` VALUES (3, 390);
INSERT INTO `temporadaPartit` VALUES (3, 391);
INSERT INTO `temporadaPartit` VALUES (3, 392);
INSERT INTO `temporadaPartit` VALUES (3, 393);
INSERT INTO `temporadaPartit` VALUES (3, 394);
INSERT INTO `temporadaPartit` VALUES (3, 395);
INSERT INTO `temporadaPartit` VALUES (3, 396);
INSERT INTO `temporadaPartit` VALUES (3, 397);
INSERT INTO `temporadaPartit` VALUES (3, 398);
INSERT INTO `temporadaPartit` VALUES (3, 399);
INSERT INTO `temporadaPartit` VALUES (3, 400);
INSERT INTO `temporadaPartit` VALUES (3, 401);
INSERT INTO `temporadaPartit` VALUES (3, 402);
INSERT INTO `temporadaPartit` VALUES (3, 403);
INSERT INTO `temporadaPartit` VALUES (3, 404);
INSERT INTO `temporadaPartit` VALUES (3, 405);
INSERT INTO `temporadaPartit` VALUES (3, 406);
INSERT INTO `temporadaPartit` VALUES (3, 407);
INSERT INTO `temporadaPartit` VALUES (3, 408);
INSERT INTO `temporadaPartit` VALUES (3, 409);
INSERT INTO `temporadaPartit` VALUES (3, 410);
INSERT INTO `temporadaPartit` VALUES (3, 411);
INSERT INTO `temporadaPartit` VALUES (3, 412);
INSERT INTO `temporadaPartit` VALUES (3, 413);
INSERT INTO `temporadaPartit` VALUES (3, 414);
INSERT INTO `temporadaPartit` VALUES (3, 415);
INSERT INTO `temporadaPartit` VALUES (3, 416);
INSERT INTO `temporadaPartit` VALUES (3, 417);
INSERT INTO `temporadaPartit` VALUES (3, 418);
INSERT INTO `temporadaPartit` VALUES (3, 419);
INSERT INTO `temporadaPartit` VALUES (3, 420);
INSERT INTO `temporadaPartit` VALUES (3, 421);
INSERT INTO `temporadaPartit` VALUES (3, 422);
INSERT INTO `temporadaPartit` VALUES (3, 423);
INSERT INTO `temporadaPartit` VALUES (3, 424);
INSERT INTO `temporadaPartit` VALUES (3, 425);
INSERT INTO `temporadaPartit` VALUES (3, 426);
INSERT INTO `temporadaPartit` VALUES (3, 427);
INSERT INTO `temporadaPartit` VALUES (3, 428);
INSERT INTO `temporadaPartit` VALUES (3, 429);
INSERT INTO `temporadaPartit` VALUES (3, 430);
INSERT INTO `temporadaPartit` VALUES (3, 431);
INSERT INTO `temporadaPartit` VALUES (3, 432);
INSERT INTO `temporadaPartit` VALUES (3, 433);
INSERT INTO `temporadaPartit` VALUES (3, 434);
INSERT INTO `temporadaPartit` VALUES (3, 435);
INSERT INTO `temporadaPartit` VALUES (3, 436);
INSERT INTO `temporadaPartit` VALUES (3, 437);
INSERT INTO `temporadaPartit` VALUES (3, 438);
INSERT INTO `temporadaPartit` VALUES (3, 439);
INSERT INTO `temporadaPartit` VALUES (3, 440);
INSERT INTO `temporadaPartit` VALUES (3, 441);
INSERT INTO `temporadaPartit` VALUES (3, 442);
INSERT INTO `temporadaPartit` VALUES (3, 443);
INSERT INTO `temporadaPartit` VALUES (3, 444);
INSERT INTO `temporadaPartit` VALUES (3, 445);
INSERT INTO `temporadaPartit` VALUES (3, 446);
INSERT INTO `temporadaPartit` VALUES (3, 447);
INSERT INTO `temporadaPartit` VALUES (3, 448);
INSERT INTO `temporadaPartit` VALUES (3, 449);
INSERT INTO `temporadaPartit` VALUES (3, 450);
INSERT INTO `temporadaPartit` VALUES (3, 451);
INSERT INTO `temporadaPartit` VALUES (3, 452);
INSERT INTO `temporadaPartit` VALUES (3, 453);
INSERT INTO `temporadaPartit` VALUES (3, 454);
INSERT INTO `temporadaPartit` VALUES (3, 455);
INSERT INTO `temporadaPartit` VALUES (3, 456);
INSERT INTO `temporadaPartit` VALUES (3, 457);
INSERT INTO `temporadaPartit` VALUES (3, 458);
INSERT INTO `temporadaPartit` VALUES (3, 459);
INSERT INTO `temporadaPartit` VALUES (3, 460);
INSERT INTO `temporadaPartit` VALUES (3, 461);
INSERT INTO `temporadaPartit` VALUES (3, 462);
INSERT INTO `temporadaPartit` VALUES (3, 463);
INSERT INTO `temporadaPartit` VALUES (3, 464);
INSERT INTO `temporadaPartit` VALUES (3, 465);
INSERT INTO `temporadaPartit` VALUES (3, 466);
INSERT INTO `temporadaPartit` VALUES (3, 467);
INSERT INTO `temporadaPartit` VALUES (3, 468);
INSERT INTO `temporadaPartit` VALUES (3, 469);
INSERT INTO `temporadaPartit` VALUES (3, 470);
INSERT INTO `temporadaPartit` VALUES (3, 471);
INSERT INTO `temporadaPartit` VALUES (3, 472);
INSERT INTO `temporadaPartit` VALUES (3, 473);
INSERT INTO `temporadaPartit` VALUES (3, 474);
INSERT INTO `temporadaPartit` VALUES (3, 475);
INSERT INTO `temporadaPartit` VALUES (3, 476);
INSERT INTO `temporadaPartit` VALUES (3, 477);
INSERT INTO `temporadaPartit` VALUES (3, 478);
INSERT INTO `temporadaPartit` VALUES (3, 479);
INSERT INTO `temporadaPartit` VALUES (3, 480);
INSERT INTO `temporadaPartit` VALUES (3, 481);
INSERT INTO `temporadaPartit` VALUES (3, 482);
INSERT INTO `temporadaPartit` VALUES (3, 483);
INSERT INTO `temporadaPartit` VALUES (3, 484);
INSERT INTO `temporadaPartit` VALUES (3, 485);
INSERT INTO `temporadaPartit` VALUES (3, 486);
INSERT INTO `temporadaPartit` VALUES (3, 487);
INSERT INTO `temporadaPartit` VALUES (3, 488);
INSERT INTO `temporadaPartit` VALUES (3, 489);
INSERT INTO `temporadaPartit` VALUES (3, 490);
INSERT INTO `temporadaPartit` VALUES (3, 491);
INSERT INTO `temporadaPartit` VALUES (3, 492);
INSERT INTO `temporadaPartit` VALUES (3, 493);
INSERT INTO `temporadaPartit` VALUES (3, 494);
INSERT INTO `temporadaPartit` VALUES (3, 495);
INSERT INTO `temporadaPartit` VALUES (3, 496);
INSERT INTO `temporadaPartit` VALUES (3, 497);
INSERT INTO `temporadaPartit` VALUES (3, 498);
INSERT INTO `temporadaPartit` VALUES (3, 499);
INSERT INTO `temporadaPartit` VALUES (3, 500);
INSERT INTO `temporadaPartit` VALUES (3, 501);
INSERT INTO `temporadaPartit` VALUES (3, 502);
INSERT INTO `temporadaPartit` VALUES (3, 503);
INSERT INTO `temporadaPartit` VALUES (3, 504);
INSERT INTO `temporadaPartit` VALUES (3, 505);
INSERT INTO `temporadaPartit` VALUES (3, 506);
INSERT INTO `temporadaPartit` VALUES (3, 507);
INSERT INTO `temporadaPartit` VALUES (3, 508);
INSERT INTO `temporadaPartit` VALUES (3, 509);
INSERT INTO `temporadaPartit` VALUES (3, 510);
INSERT INTO `temporadaPartit` VALUES (3, 511);
INSERT INTO `temporadaPartit` VALUES (3, 512);
INSERT INTO `temporadaPartit` VALUES (3, 513);
INSERT INTO `temporadaPartit` VALUES (3, 514);
INSERT INTO `temporadaPartit` VALUES (3, 515);
INSERT INTO `temporadaPartit` VALUES (3, 516);
INSERT INTO `temporadaPartit` VALUES (3, 517);
INSERT INTO `temporadaPartit` VALUES (3, 518);
INSERT INTO `temporadaPartit` VALUES (3, 519);
INSERT INTO `temporadaPartit` VALUES (3, 520);
INSERT INTO `temporadaPartit` VALUES (3, 521);
INSERT INTO `temporadaPartit` VALUES (3, 522);
INSERT INTO `temporadaPartit` VALUES (3, 523);
INSERT INTO `temporadaPartit` VALUES (3, 1035);
INSERT INTO `temporadaPartit` VALUES (3, 1036);
INSERT INTO `temporadaPartit` VALUES (3, 1037);
INSERT INTO `temporadaPartit` VALUES (3, 1038);
INSERT INTO `temporadaPartit` VALUES (3, 1039);
INSERT INTO `temporadaPartit` VALUES (3, 1040);
INSERT INTO `temporadaPartit` VALUES (3, 1041);
INSERT INTO `temporadaPartit` VALUES (3, 1042);
INSERT INTO `temporadaPartit` VALUES (3, 1043);
INSERT INTO `temporadaPartit` VALUES (3, 1044);
INSERT INTO `temporadaPartit` VALUES (3, 1045);
INSERT INTO `temporadaPartit` VALUES (3, 1046);
INSERT INTO `temporadaPartit` VALUES (3, 1047);
INSERT INTO `temporadaPartit` VALUES (3, 1048);
INSERT INTO `temporadaPartit` VALUES (3, 1049);
INSERT INTO `temporadaPartit` VALUES (3, 1051);
INSERT INTO `temporadaPartit` VALUES (4, 2);
INSERT INTO `temporadaPartit` VALUES (4, 7);
INSERT INTO `temporadaPartit` VALUES (4, 12);
INSERT INTO `temporadaPartit` VALUES (4, 17);
INSERT INTO `temporadaPartit` VALUES (4, 22);
INSERT INTO `temporadaPartit` VALUES (4, 27);
INSERT INTO `temporadaPartit` VALUES (4, 32);
INSERT INTO `temporadaPartit` VALUES (4, 37);
INSERT INTO `temporadaPartit` VALUES (4, 42);
INSERT INTO `temporadaPartit` VALUES (4, 47);
INSERT INTO `temporadaPartit` VALUES (4, 52);
INSERT INTO `temporadaPartit` VALUES (4, 57);
INSERT INTO `temporadaPartit` VALUES (4, 62);
INSERT INTO `temporadaPartit` VALUES (4, 67);
INSERT INTO `temporadaPartit` VALUES (4, 72);
INSERT INTO `temporadaPartit` VALUES (4, 77);
INSERT INTO `temporadaPartit` VALUES (4, 82);
INSERT INTO `temporadaPartit` VALUES (4, 87);
INSERT INTO `temporadaPartit` VALUES (4, 92);
INSERT INTO `temporadaPartit` VALUES (4, 97);
INSERT INTO `temporadaPartit` VALUES (4, 102);
INSERT INTO `temporadaPartit` VALUES (4, 107);
INSERT INTO `temporadaPartit` VALUES (4, 112);
INSERT INTO `temporadaPartit` VALUES (4, 117);
INSERT INTO `temporadaPartit` VALUES (4, 122);
INSERT INTO `temporadaPartit` VALUES (4, 127);
INSERT INTO `temporadaPartit` VALUES (4, 132);
INSERT INTO `temporadaPartit` VALUES (4, 137);
INSERT INTO `temporadaPartit` VALUES (4, 142);
INSERT INTO `temporadaPartit` VALUES (4, 147);
INSERT INTO `temporadaPartit` VALUES (4, 152);
INSERT INTO `temporadaPartit` VALUES (4, 157);
INSERT INTO `temporadaPartit` VALUES (4, 162);
INSERT INTO `temporadaPartit` VALUES (4, 167);
INSERT INTO `temporadaPartit` VALUES (4, 172);
INSERT INTO `temporadaPartit` VALUES (4, 177);
INSERT INTO `temporadaPartit` VALUES (4, 182);
INSERT INTO `temporadaPartit` VALUES (4, 187);
INSERT INTO `temporadaPartit` VALUES (4, 192);
INSERT INTO `temporadaPartit` VALUES (4, 197);
INSERT INTO `temporadaPartit` VALUES (4, 202);
INSERT INTO `temporadaPartit` VALUES (4, 207);
INSERT INTO `temporadaPartit` VALUES (4, 212);
INSERT INTO `temporadaPartit` VALUES (4, 217);
INSERT INTO `temporadaPartit` VALUES (4, 222);
INSERT INTO `temporadaPartit` VALUES (4, 227);
INSERT INTO `temporadaPartit` VALUES (4, 232);
INSERT INTO `temporadaPartit` VALUES (4, 237);
INSERT INTO `temporadaPartit` VALUES (4, 242);
INSERT INTO `temporadaPartit` VALUES (4, 247);
INSERT INTO `temporadaPartit` VALUES (4, 252);
INSERT INTO `temporadaPartit` VALUES (4, 257);
INSERT INTO `temporadaPartit` VALUES (4, 262);
INSERT INTO `temporadaPartit` VALUES (4, 267);
INSERT INTO `temporadaPartit` VALUES (4, 272);
INSERT INTO `temporadaPartit` VALUES (4, 277);
INSERT INTO `temporadaPartit` VALUES (4, 282);
INSERT INTO `temporadaPartit` VALUES (4, 287);
INSERT INTO `temporadaPartit` VALUES (4, 292);
INSERT INTO `temporadaPartit` VALUES (4, 297);
INSERT INTO `temporadaPartit` VALUES (4, 302);
INSERT INTO `temporadaPartit` VALUES (4, 307);
INSERT INTO `temporadaPartit` VALUES (4, 312);
INSERT INTO `temporadaPartit` VALUES (4, 317);
INSERT INTO `temporadaPartit` VALUES (4, 322);
INSERT INTO `temporadaPartit` VALUES (4, 327);
INSERT INTO `temporadaPartit` VALUES (4, 332);
INSERT INTO `temporadaPartit` VALUES (4, 337);
INSERT INTO `temporadaPartit` VALUES (4, 342);
INSERT INTO `temporadaPartit` VALUES (4, 347);
INSERT INTO `temporadaPartit` VALUES (4, 352);
INSERT INTO `temporadaPartit` VALUES (4, 357);
INSERT INTO `temporadaPartit` VALUES (4, 362);
INSERT INTO `temporadaPartit` VALUES (4, 367);
INSERT INTO `temporadaPartit` VALUES (4, 372);
INSERT INTO `temporadaPartit` VALUES (4, 377);
INSERT INTO `temporadaPartit` VALUES (4, 382);
INSERT INTO `temporadaPartit` VALUES (4, 387);
INSERT INTO `temporadaPartit` VALUES (4, 392);
INSERT INTO `temporadaPartit` VALUES (4, 397);
INSERT INTO `temporadaPartit` VALUES (4, 402);
INSERT INTO `temporadaPartit` VALUES (4, 407);
INSERT INTO `temporadaPartit` VALUES (4, 412);
INSERT INTO `temporadaPartit` VALUES (4, 417);
INSERT INTO `temporadaPartit` VALUES (4, 422);
INSERT INTO `temporadaPartit` VALUES (4, 427);
INSERT INTO `temporadaPartit` VALUES (4, 432);
INSERT INTO `temporadaPartit` VALUES (4, 437);
INSERT INTO `temporadaPartit` VALUES (4, 442);
INSERT INTO `temporadaPartit` VALUES (4, 447);
INSERT INTO `temporadaPartit` VALUES (4, 452);
INSERT INTO `temporadaPartit` VALUES (4, 457);
INSERT INTO `temporadaPartit` VALUES (4, 462);
INSERT INTO `temporadaPartit` VALUES (4, 467);
INSERT INTO `temporadaPartit` VALUES (4, 472);
INSERT INTO `temporadaPartit` VALUES (4, 477);
INSERT INTO `temporadaPartit` VALUES (4, 482);
INSERT INTO `temporadaPartit` VALUES (4, 487);
INSERT INTO `temporadaPartit` VALUES (4, 492);
INSERT INTO `temporadaPartit` VALUES (4, 497);
INSERT INTO `temporadaPartit` VALUES (4, 502);
INSERT INTO `temporadaPartit` VALUES (4, 507);
INSERT INTO `temporadaPartit` VALUES (4, 512);
INSERT INTO `temporadaPartit` VALUES (4, 517);
INSERT INTO `temporadaPartit` VALUES (4, 522);
INSERT INTO `temporadaPartit` VALUES (4, 1037);
INSERT INTO `temporadaPartit` VALUES (4, 1042);
INSERT INTO `temporadaPartit` VALUES (4, 1047);
INSERT INTO `temporadaPartit` VALUES (4, 1052);
INSERT INTO `temporadaPartit` VALUES (5, 3);
INSERT INTO `temporadaPartit` VALUES (5, 8);
INSERT INTO `temporadaPartit` VALUES (5, 13);
INSERT INTO `temporadaPartit` VALUES (5, 18);
INSERT INTO `temporadaPartit` VALUES (5, 23);
INSERT INTO `temporadaPartit` VALUES (5, 28);
INSERT INTO `temporadaPartit` VALUES (5, 33);
INSERT INTO `temporadaPartit` VALUES (5, 38);
INSERT INTO `temporadaPartit` VALUES (5, 43);
INSERT INTO `temporadaPartit` VALUES (5, 48);
INSERT INTO `temporadaPartit` VALUES (5, 53);
INSERT INTO `temporadaPartit` VALUES (5, 58);
INSERT INTO `temporadaPartit` VALUES (5, 63);
INSERT INTO `temporadaPartit` VALUES (5, 68);
INSERT INTO `temporadaPartit` VALUES (5, 73);
INSERT INTO `temporadaPartit` VALUES (5, 78);
INSERT INTO `temporadaPartit` VALUES (5, 83);
INSERT INTO `temporadaPartit` VALUES (5, 88);
INSERT INTO `temporadaPartit` VALUES (5, 93);
INSERT INTO `temporadaPartit` VALUES (5, 98);
INSERT INTO `temporadaPartit` VALUES (5, 103);
INSERT INTO `temporadaPartit` VALUES (5, 108);
INSERT INTO `temporadaPartit` VALUES (5, 113);
INSERT INTO `temporadaPartit` VALUES (5, 118);
INSERT INTO `temporadaPartit` VALUES (5, 123);
INSERT INTO `temporadaPartit` VALUES (5, 128);
INSERT INTO `temporadaPartit` VALUES (5, 133);
INSERT INTO `temporadaPartit` VALUES (5, 138);
INSERT INTO `temporadaPartit` VALUES (5, 143);
INSERT INTO `temporadaPartit` VALUES (5, 148);
INSERT INTO `temporadaPartit` VALUES (5, 153);
INSERT INTO `temporadaPartit` VALUES (5, 158);
INSERT INTO `temporadaPartit` VALUES (5, 163);
INSERT INTO `temporadaPartit` VALUES (5, 168);
INSERT INTO `temporadaPartit` VALUES (5, 173);
INSERT INTO `temporadaPartit` VALUES (5, 178);
INSERT INTO `temporadaPartit` VALUES (5, 183);
INSERT INTO `temporadaPartit` VALUES (5, 188);
INSERT INTO `temporadaPartit` VALUES (5, 193);
INSERT INTO `temporadaPartit` VALUES (5, 198);
INSERT INTO `temporadaPartit` VALUES (5, 203);
INSERT INTO `temporadaPartit` VALUES (5, 208);
INSERT INTO `temporadaPartit` VALUES (5, 213);
INSERT INTO `temporadaPartit` VALUES (5, 218);
INSERT INTO `temporadaPartit` VALUES (5, 223);
INSERT INTO `temporadaPartit` VALUES (5, 228);
INSERT INTO `temporadaPartit` VALUES (5, 233);
INSERT INTO `temporadaPartit` VALUES (5, 238);
INSERT INTO `temporadaPartit` VALUES (5, 243);
INSERT INTO `temporadaPartit` VALUES (5, 248);
INSERT INTO `temporadaPartit` VALUES (5, 253);
INSERT INTO `temporadaPartit` VALUES (5, 258);
INSERT INTO `temporadaPartit` VALUES (5, 263);
INSERT INTO `temporadaPartit` VALUES (5, 268);
INSERT INTO `temporadaPartit` VALUES (5, 273);
INSERT INTO `temporadaPartit` VALUES (5, 278);
INSERT INTO `temporadaPartit` VALUES (5, 283);
INSERT INTO `temporadaPartit` VALUES (5, 288);
INSERT INTO `temporadaPartit` VALUES (5, 293);
INSERT INTO `temporadaPartit` VALUES (5, 298);
INSERT INTO `temporadaPartit` VALUES (5, 303);
INSERT INTO `temporadaPartit` VALUES (5, 308);
INSERT INTO `temporadaPartit` VALUES (5, 313);
INSERT INTO `temporadaPartit` VALUES (5, 318);
INSERT INTO `temporadaPartit` VALUES (5, 323);
INSERT INTO `temporadaPartit` VALUES (5, 328);
INSERT INTO `temporadaPartit` VALUES (5, 333);
INSERT INTO `temporadaPartit` VALUES (5, 338);
INSERT INTO `temporadaPartit` VALUES (5, 343);
INSERT INTO `temporadaPartit` VALUES (5, 348);
INSERT INTO `temporadaPartit` VALUES (5, 353);
INSERT INTO `temporadaPartit` VALUES (5, 358);
INSERT INTO `temporadaPartit` VALUES (5, 363);
INSERT INTO `temporadaPartit` VALUES (5, 368);
INSERT INTO `temporadaPartit` VALUES (5, 373);
INSERT INTO `temporadaPartit` VALUES (5, 378);
INSERT INTO `temporadaPartit` VALUES (5, 383);
INSERT INTO `temporadaPartit` VALUES (5, 388);
INSERT INTO `temporadaPartit` VALUES (5, 393);
INSERT INTO `temporadaPartit` VALUES (5, 398);
INSERT INTO `temporadaPartit` VALUES (5, 403);
INSERT INTO `temporadaPartit` VALUES (5, 408);
INSERT INTO `temporadaPartit` VALUES (5, 413);
INSERT INTO `temporadaPartit` VALUES (5, 418);
INSERT INTO `temporadaPartit` VALUES (5, 423);
INSERT INTO `temporadaPartit` VALUES (5, 428);
INSERT INTO `temporadaPartit` VALUES (5, 433);
INSERT INTO `temporadaPartit` VALUES (5, 438);
INSERT INTO `temporadaPartit` VALUES (5, 443);
INSERT INTO `temporadaPartit` VALUES (5, 448);
INSERT INTO `temporadaPartit` VALUES (5, 453);
INSERT INTO `temporadaPartit` VALUES (5, 458);
INSERT INTO `temporadaPartit` VALUES (5, 463);
INSERT INTO `temporadaPartit` VALUES (5, 468);
INSERT INTO `temporadaPartit` VALUES (5, 473);
INSERT INTO `temporadaPartit` VALUES (5, 478);
INSERT INTO `temporadaPartit` VALUES (5, 483);
INSERT INTO `temporadaPartit` VALUES (5, 488);
INSERT INTO `temporadaPartit` VALUES (5, 493);
INSERT INTO `temporadaPartit` VALUES (5, 498);
INSERT INTO `temporadaPartit` VALUES (5, 503);
INSERT INTO `temporadaPartit` VALUES (5, 508);
INSERT INTO `temporadaPartit` VALUES (5, 513);
INSERT INTO `temporadaPartit` VALUES (5, 518);
INSERT INTO `temporadaPartit` VALUES (5, 523);
INSERT INTO `temporadaPartit` VALUES (5, 1038);
INSERT INTO `temporadaPartit` VALUES (5, 1043);
INSERT INTO `temporadaPartit` VALUES (5, 1048);
INSERT INTO `temporadaPartit` VALUES (5, 1053);
INSERT INTO `temporadaPartit` VALUES (6, 4);
INSERT INTO `temporadaPartit` VALUES (6, 9);
INSERT INTO `temporadaPartit` VALUES (6, 14);
INSERT INTO `temporadaPartit` VALUES (6, 19);
INSERT INTO `temporadaPartit` VALUES (6, 24);
INSERT INTO `temporadaPartit` VALUES (6, 29);
INSERT INTO `temporadaPartit` VALUES (6, 34);
INSERT INTO `temporadaPartit` VALUES (6, 39);
INSERT INTO `temporadaPartit` VALUES (6, 44);
INSERT INTO `temporadaPartit` VALUES (6, 49);
INSERT INTO `temporadaPartit` VALUES (6, 54);
INSERT INTO `temporadaPartit` VALUES (6, 59);
INSERT INTO `temporadaPartit` VALUES (6, 64);
INSERT INTO `temporadaPartit` VALUES (6, 69);
INSERT INTO `temporadaPartit` VALUES (6, 74);
INSERT INTO `temporadaPartit` VALUES (6, 79);
INSERT INTO `temporadaPartit` VALUES (6, 84);
INSERT INTO `temporadaPartit` VALUES (6, 89);
INSERT INTO `temporadaPartit` VALUES (6, 94);
INSERT INTO `temporadaPartit` VALUES (6, 99);
INSERT INTO `temporadaPartit` VALUES (6, 104);
INSERT INTO `temporadaPartit` VALUES (6, 109);
INSERT INTO `temporadaPartit` VALUES (6, 114);
INSERT INTO `temporadaPartit` VALUES (6, 119);
INSERT INTO `temporadaPartit` VALUES (6, 124);
INSERT INTO `temporadaPartit` VALUES (6, 129);
INSERT INTO `temporadaPartit` VALUES (6, 134);
INSERT INTO `temporadaPartit` VALUES (6, 139);
INSERT INTO `temporadaPartit` VALUES (6, 144);
INSERT INTO `temporadaPartit` VALUES (6, 149);
INSERT INTO `temporadaPartit` VALUES (6, 154);
INSERT INTO `temporadaPartit` VALUES (6, 159);
INSERT INTO `temporadaPartit` VALUES (6, 164);
INSERT INTO `temporadaPartit` VALUES (6, 169);
INSERT INTO `temporadaPartit` VALUES (6, 174);
INSERT INTO `temporadaPartit` VALUES (6, 179);
INSERT INTO `temporadaPartit` VALUES (6, 184);
INSERT INTO `temporadaPartit` VALUES (6, 189);
INSERT INTO `temporadaPartit` VALUES (6, 194);
INSERT INTO `temporadaPartit` VALUES (6, 199);
INSERT INTO `temporadaPartit` VALUES (6, 204);
INSERT INTO `temporadaPartit` VALUES (6, 209);
INSERT INTO `temporadaPartit` VALUES (6, 214);
INSERT INTO `temporadaPartit` VALUES (6, 219);
INSERT INTO `temporadaPartit` VALUES (6, 224);
INSERT INTO `temporadaPartit` VALUES (6, 229);
INSERT INTO `temporadaPartit` VALUES (6, 234);
INSERT INTO `temporadaPartit` VALUES (6, 239);
INSERT INTO `temporadaPartit` VALUES (6, 244);
INSERT INTO `temporadaPartit` VALUES (6, 249);
INSERT INTO `temporadaPartit` VALUES (6, 254);
INSERT INTO `temporadaPartit` VALUES (6, 259);
INSERT INTO `temporadaPartit` VALUES (6, 264);
INSERT INTO `temporadaPartit` VALUES (6, 269);
INSERT INTO `temporadaPartit` VALUES (6, 274);
INSERT INTO `temporadaPartit` VALUES (6, 279);
INSERT INTO `temporadaPartit` VALUES (6, 284);
INSERT INTO `temporadaPartit` VALUES (6, 289);
INSERT INTO `temporadaPartit` VALUES (6, 294);
INSERT INTO `temporadaPartit` VALUES (6, 299);
INSERT INTO `temporadaPartit` VALUES (6, 304);
INSERT INTO `temporadaPartit` VALUES (6, 309);
INSERT INTO `temporadaPartit` VALUES (6, 314);
INSERT INTO `temporadaPartit` VALUES (6, 319);
INSERT INTO `temporadaPartit` VALUES (6, 324);
INSERT INTO `temporadaPartit` VALUES (6, 329);
INSERT INTO `temporadaPartit` VALUES (6, 334);
INSERT INTO `temporadaPartit` VALUES (6, 339);
INSERT INTO `temporadaPartit` VALUES (6, 344);
INSERT INTO `temporadaPartit` VALUES (6, 349);
INSERT INTO `temporadaPartit` VALUES (6, 354);
INSERT INTO `temporadaPartit` VALUES (6, 359);
INSERT INTO `temporadaPartit` VALUES (6, 364);
INSERT INTO `temporadaPartit` VALUES (6, 369);
INSERT INTO `temporadaPartit` VALUES (6, 374);
INSERT INTO `temporadaPartit` VALUES (6, 379);
INSERT INTO `temporadaPartit` VALUES (6, 384);
INSERT INTO `temporadaPartit` VALUES (6, 389);
INSERT INTO `temporadaPartit` VALUES (6, 394);
INSERT INTO `temporadaPartit` VALUES (6, 399);
INSERT INTO `temporadaPartit` VALUES (6, 404);
INSERT INTO `temporadaPartit` VALUES (6, 409);
INSERT INTO `temporadaPartit` VALUES (6, 414);
INSERT INTO `temporadaPartit` VALUES (6, 419);
INSERT INTO `temporadaPartit` VALUES (6, 424);
INSERT INTO `temporadaPartit` VALUES (6, 429);
INSERT INTO `temporadaPartit` VALUES (6, 434);
INSERT INTO `temporadaPartit` VALUES (6, 439);
INSERT INTO `temporadaPartit` VALUES (6, 444);
INSERT INTO `temporadaPartit` VALUES (6, 449);
INSERT INTO `temporadaPartit` VALUES (6, 454);
INSERT INTO `temporadaPartit` VALUES (6, 459);
INSERT INTO `temporadaPartit` VALUES (6, 464);
INSERT INTO `temporadaPartit` VALUES (6, 469);
INSERT INTO `temporadaPartit` VALUES (6, 474);
INSERT INTO `temporadaPartit` VALUES (6, 479);
INSERT INTO `temporadaPartit` VALUES (6, 484);
INSERT INTO `temporadaPartit` VALUES (6, 489);
INSERT INTO `temporadaPartit` VALUES (6, 494);
INSERT INTO `temporadaPartit` VALUES (6, 499);
INSERT INTO `temporadaPartit` VALUES (6, 504);
INSERT INTO `temporadaPartit` VALUES (6, 509);
INSERT INTO `temporadaPartit` VALUES (6, 514);
INSERT INTO `temporadaPartit` VALUES (6, 519);
INSERT INTO `temporadaPartit` VALUES (6, 1039);
INSERT INTO `temporadaPartit` VALUES (6, 1044);
INSERT INTO `temporadaPartit` VALUES (6, 1049);
INSERT INTO `temporadaPartit` VALUES (6, 1054);

SET FOREIGN_KEY_CHECKS = 1;
