{"chunk_definitions":[{"row":15,"row_count":1,"visible":true,"expansion_state":0,"options":{"engine":"r","label":"setup","include":false,"dev":"png"},"document_id":"429787A0","chunk_id":"csetup_chunk","chunk_label":"setup"},{"row":39,"row_count":1,"visible":true,"expansion_state":0,"options":{"engine":"r","label":"unnamed-chunk-30","dev":"png"},"document_id":"429787A0","chunk_id":"cy0yvjdm2ezzy","chunk_label":"unnamed-chunk-3"},{"row":58,"row_count":1,"visible":true,"expansion_state":0,"options":{"engine":"r","label":"unnamed-chunk-37","dev":"png"},"document_id":"429787A0","chunk_id":"cn10ikkplpp11","chunk_label":"unnamed-chunk-6"}],"doc_write_time":1770134680,"working_dir":null,"default_chunk_options":{},"chunk_rendered_width":700}