"0","ggplot(games_regions, aes(x = Genre, y = Sales)) +"
"0","  geom_bar(stat = ""summary"", fun = ""sum"", fill = ""steelblue"") +"
"0","  facet_wrap(~ region) +"
"0","  theme_minimal() +"
"0","  labs("
"0","    title = paste(""Vendes per gènere i regió (any"", any_naixement, "")""),"
"0","    x = ""Gènere"","
"0","    y = ""Vendes (milions)"""
"0","  )"
"1","[1m[33mError[39m in `geom_bar()`:[22m
[1m[22m[33m![39m Problem while computing aesthetics.
[36mℹ[39m Error occurred in the 1st layer.
[1mCaused by error:[22m
[33m![39m objeto 'Genre' no encontrado
[90mRun `]8;;x-r-run:rlang::last_trace()rlang::last_trace()]8;;` to see where the error occurred.[39m
"
